{"stats":{"minecraft:used":{"minecraft:beetroot":1,"minecraft:iron_shovel":3002,"minecraft:oak_sign":9,"minecraft:chest":25,"minecraft:shield":132,"minecraft:stone":4,"minecraft:iron_sword":606,"minecraft:bell":1,"minecraft:rotten_flesh":1,"minecraft:obsidian":8,"minecraft:glass":24,"minecraft:lava_bucket":1,"minecraft:bow":180,"minecraft:written_book":1,"minecraft:furnace":20,"minecraft:egg":1,"minecraft:seagrass":1,"minecraft:diorite":3,"minecraft:stone_pickaxe":131,"minecraft:cactus":2,"minecraft:wooden_pickaxe":52,"minecraft:sandstone":63,"minecraft:sugar_cane":34,"minecraft:diamond_axe":74,"integrateddynamics:menril_log":18,"minecraft:sand":676,"tconstruct:copper_ore":1,"minecraft:blast_furnace":12,"minecraft:crossbow":11,"minecraft:chiseled_sandstone":122,"minecraft:birch_slab":4,"minecraft:bread":179,"minecraft:gravel":27,"minecraft:diamond_sword":51,"minecraft:grindstone":1,"minecraft:cooked_rabbit":3,"minecraft:birch_log":268,"minecraft:air":1,"minecraft:stone_sword":38,"minecraft:flint_and_steel":7,"minecraft:redstone":16,"minecraft:spruce_planks":8,"minecraft:cooked_chicken":8,"minecraft:netherrack":84,"minecraft:oak_door":12,"minecraft:torch":253,"minecraft:brewing_stand":1,"minecraft:dirt":240,"minecraft:ancient_debris":3,"minecraft:hopper":2,"minecraft:golden_shovel":32,"minecraft:granite":11,"minecraft:wooden_axe":32,"minecraft:iron_axe":686,"minecraft:cooked_beef":30,"minecraft:orange_terracotta":4,"minecraft:observer":8,"minecraft:cooked_mutton":8,"minecraft:water_bucket":8,"minecraft:cobblestone_stairs":81,"minecraft:sandstone_stairs":24,"minecraft:birch_planks":188,"minecraft:cut_sandstone":257,"minecraft:stonecutter":2,"industrialforegoing:latex_processing_unit":1,"minecraft:mossy_cobblestone":4,"minecraft:crafting_table":11,"minecraft:white_bed":9,"minecraft:spruce_log":633,"minecraft:smoker":16,"minecraft:oak_log":196,"minecraft:piston":14,"minecraft:diamond_pickaxe":1606,"minecraft:diamond_shovel":1118,"twilightforest:firefly":2,"minecraft:iron_pickaxe":3218,"minecraft:spruce_sapling":2,"minecraft:stone_axe":37,"minecraft:cobblestone":198,"minecraft:white_banner":1,"minecraft:cooked_porkchop":40,"minecraft:bucket":10},"minecraft:mined":{"minecraft:spruce_planks":8,"minecraft:white_bed":7,"minecraft:stone_pressure_plate":1,"minecraft:cobblestone_stairs":6,"minecraft:brewing_stand":2,"minecraft:obsidian":21,"minecraft:granite":89,"minecraft:acacia_log":1,"minecraft:grass_block":3025,"minecraft:cracked_polished_blackstone_bricks":5,"minecraft:nether_wart":33,"minecraft:hopper":1,"integrateddynamics:menril_log":24,"minecraft:oak_wall_sign":3,"minecraft:spawner":1,"minecraft:sandstone_stairs":19,"minecraft:polished_blackstone_bricks":18,"indreb:rubber_leaves":7,"minecraft:magma_block":15,"minecraft:glowstone":3,"minecraft:iron_ore":605,"minecraft:fire":4,"minecraft:cut_sandstone":168,"minecraft:blackstone":6,"minecraft:kelp_plant":1,"minecraft:melon_stem":1,"minecraft:crimson_nylium":1,"minecraft:smoker":11,"minecraft:orange_terracotta":5,"minecraft:torch":7,"twilightforest:torchberry_plant":3,"minecraft:blast_furnace":8,"twilightforest:twilight_oak_log":3,"minecraft:chest":4,"minecraft:dead_bush":12,"minecraft:glass":6,"minecraft:nether_quartz_ore":34,"minecraft:cobblestone":20,"minecraft:oak_planks":7,"minecraft:sugar_cane":83,"minecraft:grindstone":1,"minecraft:wall_torch":1,"minecraft:seagrass":2,"minecraft:blue_terracotta":1,"minecraft:dark_oak_door":1,"minecraft:birch_log":329,"minecraft:wheat":41,"twilightforest:root":7,"minecraft:tnt":9,"integrateddynamics:menril_log_filled":2,"minecraft:stone_brick_stairs":3,"minecraft:grass":47,"minecraft:oak_log":289,"minecraft:beetroots":9,"mctb:birch_crafting_table":1,"minecraft:sand":4877,"minecraft:dirt":4754,"minecraft:ancient_debris":3,"minecraft:stonecutter":1,"twilightforest:canopy_log":5,"minecraft:netherrack":387,"minecraft:oak_leaves":127,"indreb:tin_ore":15,"twilightforest:firefly":2,"minecraft:diamond_ore":32,"simpleplanes:plane_workbench":1,"minecraft:mossy_cobblestone":5,"minecraft:oak_door":9,"minecraft:stripped_birch_log":9,"minecraft:nether_bricks":2,"gravestone:gravestone":5,"minecraft:weeping_vines":1,"minecraft:redstone_wire":2,"minecraft:spruce_leaves":23,"minecraft:sandstone":412,"minecraft:large_fern":6,"minecraft:hay_block":137,"minecraft:redstone_ore":199,"minecraft:furnace":15,"minecraft:chiseled_sandstone":93,"minecraft:andesite":50,"twilightforest:twilight_oak_leaves":6,"evilcraft:dark_ore":12,"minecraft:gold_block":7,"minecraft:bookshelf":8,"minecraft:vine":3,"minecraft:stone":1825,"tconstruct:earth_congealed_slime":52,"tconstruct:copper_ore":1,"twilightforest:root_strand":5,"minecraft:glass_pane":2,"minecraft:soul_sand":55,"minecraft:basalt":3,"minecraft:stone_brick_slab":1,"minecraft:observer":2,"minecraft:crafting_table":8,"minecraft:emerald_ore":7,"minecraft:stone_slab":1,"minecraft:tall_grass":4,"minecraft:lapis_ore":48,"minecraft:diorite":17,"minecraft:spruce_stairs":3,"minecraft:birch_planks":9,"indreb:copper_ore":7,"minecraft:birch_leaves":9,"minecraft:spruce_log":674,"minecraft:grass_path":228,"minecraft:coal_ore":707,"minecraft:gravel":71,"twilightforest:moss_patch":5,"minecraft:stone_bricks":3,"minecraft:gold_ore":92,"minecraft:fern":6},"minecraft:dropped":{"minecraft:gold_ore":30,"minecraft:brown_mushroom":1,"minecraft:birch_planks":1,"minecraft:lapis_lazuli":151,"minecraft:ender_pearl":2,"minecraft:diamond":23,"minecraft:gold_block":1,"minecraft:cobblestone_stairs":2,"minecraft:red_mushroom":1,"minecraft:emerald":49,"minecraft:cracked_polished_blackstone_bricks":4,"minecraft:dirt":3704,"minecraft:mutton":7,"gravestone:obituary":3,"minecraft:gold_nugget":3,"minecraft:bone_meal":3,"minecraft:sand":8,"minecraft:sugar":2,"minecraft:iron_pickaxe":1,"immersive_armors:wooden_chestplate":1,"minecraft:bone":51,"minecraft:gravel":23,"minecraft:stone_axe":1,"minecraft:sugar_cane":28,"minecraft:wheat":189,"minecraft:obsidian":20,"minecraft:rotten_flesh":82,"minecraft:glowstone_dust":1,"twilightforest:torchberries":5,"minecraft:carrot":1,"minecraft:gunpowder":9,"minecraft:basalt":3,"minecraft:iron_ore":78,"minecraft:quartz":23,"minecraft:written_book":1,"minecraft:netherrack":3,"minecraft:golden_boots":1,"minecraft:iron_ingot":1,"minecraft:wheat_seeds":5,"twilightforest:canopy_sapling":2,"minecraft:mossy_cobblestone":1,"minecraft:iron_helmet":1,"minecraft:cobblestone":793,"minecraft:observer":4,"evilcraft:dark_gem":53,"minecraft:granite":77,"spookyarms:pumpkin_pistol":1,"minecraft:grass_block":28,"minecraft:coal":164,"minecraft:stick":1,"minecraft:diorite":10,"minecraft:brewing_stand":1,"minecraft:torch":1,"minecraft:green_dye":1,"integrateddynamics:crystalized_menril_chunk":2,"minecraft:brown_wool":1,"twilightforest:twilight_oak_planks":12,"minecraft:iron_leggings":1,"minecraft:white_banner":1,"minecraft:iron_axe":2,"minecraft:spruce_sapling":1,"minecraft:redstone":258,"minecraft:stone_sword":1,"minecraft:cobblestone_wall":1,"integrateddynamics:menril_log":1,"minecraft:light_gray_wool":1,"minecraft:orange_wool":1,"minecraft:flint_and_steel":1,"minecraft:blast_furnace":1,"minecraft:diamond_sword":1,"minecraft:potato":2,"minecraft:iron_chestplate":1,"minecraft:andesite":34,"minecraft:spider_eye":3,"minecraft:slime_ball":80,"minecraft:bow":1},"minecraft:custom":{"minecraft:interact_with_crafting_table":124,"minecraft:bell_ring":10,"minecraft:leave_game":19,"minecraft:time_since_death":309220,"minecraft:sprint_one_cm":4008691,"minecraft:damage_blocked_by_shield":8600,"minecraft:drop":206,"minecraft:talked_to_villager":91,"minecraft:deaths":34,"minecraft:interact_with_brewingstand":1,"minecraft:jump":9922,"minecraft:walk_on_water_one_cm":258014,"minecraft:interact_with_furnace":96,"minecraft:traded_with_villager":141,"minecraft:play_one_minute":1075930,"minecraft:sleep_in_bed":36,"minecraft:damage_dealt":53618,"minecraft:crouch_one_cm":56788,"minecraft:interact_with_smoker":49,"minecraft:horse_one_cm":242081,"minecraft:interact_with_smithing_table":2,"minecraft:interact_with_anvil":2,"minecraft:mob_kills":433,"minecraft:inspect_hopper":1,"minecraft:climb_one_cm":3797,"minecraft:walk_one_cm":3519231,"minecraft:sneak_time":18174,"minecraft:walk_under_water_one_cm":167304,"minecraft:interact_with_blast_furnace":69,"minecraft:raid_trigger":1,"minecraft:interact_with_grindstone":2,"minecraft:interact_with_stonecutter":18,"minecraft:time_since_rest":34924,"minecraft:damage_taken":21162,"minecraft:trigger_trapped_chest":1,"minecraft:swim_one_cm":800476,"minecraft:fly_one_cm":1431681,"minecraft:open_chest":564,"minecraft:fall_one_cm":180933},"minecraft:picked_up":{"minecraft:seagrass":16,"minecraft:iron_chestplate":18,"minecraft:wheat":258,"minecraft:suspicious_stew":1,"minecraft:diamond_sword":2,"minecraft:stone_slab":2,"minecraft:lead":2,"minecraft:enchanted_book":14,"minecraft:stone_brick_stairs":3,"minecraft:brewing_stand":2,"minecraft:golden_sword":1,"minecraft:string":26,"integrateddynamics:menril_log":26,"minecraft:iron_leggings":18,"minecraft:oak_sign":3,"minecraft:beetroot":1,"minecraft:gold_nugget":3,"minecraft:bucket":1,"minecraft:spruce_planks":132,"minecraft:written_book":1,"minecraft:iron_pickaxe":10,"minecraft:iron_boots":14,"minecraft:furnace":16,"minecraft:dark_oak_door":1,"minecraft:golden_helmet":2,"minecraft:stick":473,"minecraft:torch":96,"minecraft:acacia_log":1,"minecraft:spruce_stairs":3,"minecraft:porkchop":53,"minecraft:diorite":13,"minecraft:cactus":26,"minecraft:rotten_flesh":543,"minecraft:blaze_rod":2,"minecraft:obsidian":20,"minecraft:cobblestone":1977,"minecraft:birch_log":329,"minecraft:magma_block":16,"minecraft:leather_chestplate":1,"minecraft:feather":18,"twilightforest:twilight_oak_log":3,"minecraft:water_bucket":1,"minecraft:andesite":45,"integrateddynamics:crystalized_menril_chunk":3,"minecraft:brown_wool":1,"minecraft:golden_leggings":1,"minecraft:smoker":11,"minecraft:potato":4,"minecraft:flint":19,"evilcraft:flesh_humanoid":3,"minecraft:lapis_lazuli":455,"minecraft:stripped_birch_log":9,"minecraft:dirt":6518,"twilightforest:canopy_sapling":2,"minecraft:bone":220,"minecraft:bow":9,"minecraft:stonecutter":1,"minecraft:wheat_seeds":120,"minecraft:bell":1,"minecraft:grindstone":1,"minecraft:rabbit":8,"minecraft:glowstone_dust":1,"minecraft:bamboo":2,"minecraft:oak_planks":46,"minecraft:cooked_porkchop":37,"minecraft:sand":4849,"twilightforest:canopy_log":5,"minecraft:ink_sac":1,"minecraft:grass_block":28,"minecraft:chiseled_sandstone":321,"minecraft:mossy_cobblestone":5,"minecraft:orange_wool":1,"minecraft:blue_terracotta":10,"minecraft:sugar":11,"twilightforest:canopy_planks":20,"minecraft:diamond":32,"minecraft:cracked_polished_blackstone_bricks":4,"minecraft:crossbow":1,"minecraft:granite":120,"minecraft:emerald":58,"minecraft:golden_horse_armor":1,"spookyarms:pumpkin_bullet":61,"minecraft:bread":249,"minecraft:oak_sapling":122,"minecraft:netherrack":387,"twilightforest:torchberries":5,"minecraft:diamond_pickaxe":2,"minecraft:crafting_table":9,"minecraft:chicken":19,"minecraft:nether_wart":62,"minecraft:brown_mushroom":1,"tconstruct:materials_and_you":1,"minecraft:gold_block":7,"minecraft:shield":16,"minecraft:iron_axe":29,"minecraft:iron_shovel":13,"minecraft:blackstone":6,"minecraft:cracked_stone_bricks":1,"minecraft:beef":61,"minecraft:observer":2,"minecraft:poppy":5,"minecraft:light_gray_wool":1,"minecraft:sugar_cane":190,"minecraft:chest":5,"minecraft:birch_sapling":110,"minecraft:phantom_membrane":3,"minecraft:egg":6,"minecraft:sandstone":520,"minecraft:oak_door":9,"minecraft:polished_blackstone_bricks":18,"minecraft:carrot":1,"minecraft:redstone":1405,"minecraft:stone_pressure_plate":8,"minecraft:iron_horse_armor":11,"twilightforest:firefly":2,"minecraft:tnt":47,"tconstruct:sky_slime_ball":13,"minecraft:arrow":86,"minecraft:cooked_cod":8,"minecraft:beetroot_seeds":10,"minecraft:nether_bricks":2,"minecraft:hay_block":158,"minecraft:sandstone_stairs":19,"minecraft:totem_of_undying":2,"minecraft:glistering_melon_slice":10,"minecraft:saddle":8,"minecraft:gold_ingot":5,"minecraft:mutton":43,"minecraft:white_wool":22,"spookyarms:pumpkin_pistol":2,"minecraft:basalt":3,"minecraft:cut_sandstone":320,"minecraft:leather":30,"minecraft:red_mushroom":1,"minecraft:birch_planks":114,"minecraft:ancient_debris":3,"minecraft:oak_log":289,"minecraft:golden_boots":1,"minecraft:cobblestone_wall":1,"minecraft:gunpowder":299,"minecraft:cobblestone_stairs":6,"minecraft:paper":6,"minecraft:white_banner":40,"twilightforest:twilight_oak_planks":4,"minecraft:orange_terracotta":19,"minecraft:cooked_mutton":23,"minecraft:apple":13,"minecraft:stone_bricks":4,"industrialforegoing:latex_processing_unit":1,"minecraft:rabbit_hide":2,"minecraft:heart_of_the_sea":1,"minecraft:iron_ingot":578,"minecraft:cooked_chicken":6,"minecraft:iron_ore":693,"minecraft:glass_bottle":48,"minecraft:soul_sand":55,"minecraft:iron_sword":33,"minecraft:green_dye":1,"minecraft:book":24,"tconstruct:copper_ore":1,"minecraft:stone_brick_slab":1,"minecraft:quartz":33,"minecraft:gravel":90,"minecraft:spruce_sapling":261,"minecraft:blast_furnace":8,"minecraft:white_bed":7,"minecraft:spruce_log":635,"minecraft:gold_ore":126,"minecraft:spider_eye":74,"minecraft:diamond_shovel":1,"minecraft:slime_ball":208,"immersive_armors:wooden_chestplate":1,"evilcraft:dark_gem":53,"minecraft:iron_helmet":11,"minecraft:diamond_axe":2,"minecraft:coal":1460,"minecraft:hopper":1,"minecraft:ender_pearl":2},"minecraft:crafted":{"minecraft:smooth_stone":17,"minecraft:oak_planks":576,"minecraft:oak_sign":6,"minecraft:cut_sandstone":132,"minecraft:cooked_chicken":13,"minecraft:birch_slab":6,"minecraft:stone":21,"minecraft:cooked_mutton":8,"minecraft:glass":24,"minecraft:hopper":1,"minecraft:diamond_helmet":1,"minecraft:diamond_leggings":1,"minecraft:iron_boots":3,"minecraft:chest":21,"minecraft:cooked_rabbit":4,"minecraft:smoker":5,"minecraft:emerald":136,"minecraft:cooked_porkchop":36,"minecraft:crafting_table":5,"minecraft:spruce_planks":736,"minecraft:iron_helmet":3,"minecraft:wooden_pickaxe":1,"minecraft:birch_planks":1308,"minecraft:iron_chestplate":2,"minecraft:book":19,"minecraft:paper":93,"minecraft:shield":3,"minecraft:light_weighted_pressure_plate":3,"minecraft:stick":4256,"minecraft:iron_ingot":554,"minecraft:iron_pickaxe":13,"minecraft:stone_sword":1,"minecraft:gold_ingot":117,"minecraft:sandstone":393,"minecraft:oak_door":6,"minecraft:furnace":16,"minecraft:blast_furnace":6,"minecraft:piston":14,"minecraft:bone_meal":3,"integrateddynamics:menril_planks":12,"twilightforest:twilight_oak_planks":12,"minecraft:iron_axe":4,"minecraft:stone_pickaxe":1,"minecraft:diamond_boots":1,"twilightforest:canopy_planks":20,"minecraft:chiseled_sandstone":3,"minecraft:observer":10,"minecraft:wheat":1209,"minecraft:cooked_beef":61,"minecraft:iron_sword":2,"minecraft:sandstone_slab":6,"minecraft:bucket":3,"minecraft:stone_axe":1,"minecraft:enchanted_book":1,"minecraft:bread":426,"minecraft:air":0,"minecraft:wooden_axe":1,"minecraft:iron_shovel":5,"minecraft:iron_leggings":2,"minecraft:white_bed":2,"minecraft:acacia_planks":4,"minecraft:torch":280,"minecraft:diamond_chestplate":1},"minecraft:broken":{"minecraft:golden_helmet":1,"minecraft:iron_shovel":12,"minecraft:iron_boots":1,"minecraft:golden_shovel":1,"minecraft:stone_pickaxe":1,"minecraft:iron_sword":1,"minecraft:shield":2,"minecraft:iron_axe":5,"minecraft:iron_pickaxe":12},"minecraft:killed":{"minecraft:witch":3,"minecraft:spider":23,"farlanders:fanmade_enderman":2,"tconstruct:sky_slime":22,"minecraft:skeleton":63,"minecraft:chicken":19,"minecraft:turtle":3,"minecraft:piglin_brute":1,"minecraft:piglin":18,"minecraft:pig":26,"farlanders:rebel":10,"minecraft:creeper":20,"twilightforest:skeleton_druid":2,"minecraft:sheep":24,"minecraft:trader_llama":1,"minecraft:pillager":8,"minecraft:zombie":69,"minecraft:blaze":3,"minecraft:cow":32,"minecraft:evoker":1,"minecraft:vindicator":3,"minecraft:phantom":4,"minecraft:drowned":3,"twilightforest:tiny_bird":1,"farlanders:classic_enderman":1,"minecraft:husk":19,"farlanders:looter":10,"minecraft:rabbit":8,"minecraft:bat":5,"twilightforest:kobold":6,"minecraft:wandering_trader":1,"minecraft:enderman":1,"twilightforest:bighorn_sheep":3},"minecraft:killed_by":{"minecraft:creeper":3,"minecraft:ravager":4,"farlanders:fanmade_enderman":4,"minecraft:vindicator":15,"farlanders:rebel":1,"minecraft:zombie":2,"minecraft:vex":2,"minecraft:player":1,"minecraft:skeleton":2}},"DataVersion":2586}