{"stats":{"minecraft:crafted":{"minecraft:oak_door":6,"minecraft:smooth_stone":15,"minecraft:oak_planks":200,"minecraft:oak_sign":6,"minecraft:cut_sandstone":132,"minecraft:cooked_chicken":13,"minecraft:birch_slab":6,"minecraft:furnace":15,"minecraft:blast_furnace":5,"minecraft:stone":15,"minecraft:cooked_mutton":8,"minecraft:glass":24,"minecraft:iron_boots":3,"minecraft:iron_axe":3,"minecraft:stone_pickaxe":1,"minecraft:chest":16,"minecraft:chiseled_sandstone":3,"minecraft:cooked_rabbit":3,"minecraft:smoker":5,"minecraft:wheat":1209,"minecraft:cooked_beef":28,"minecraft:cooked_porkchop":36,"minecraft:crafting_table":5,"minecraft:spruce_planks":88,"minecraft:iron_helmet":2,"minecraft:wooden_pickaxe":1,"minecraft:iron_sword":2,"minecraft:sandstone_slab":6,"minecraft:bucket":2,"minecraft:birch_planks":228,"minecraft:stone_axe":1,"minecraft:bread":426,"minecraft:air":0,"minecraft:iron_chestplate":2,"minecraft:book":17,"minecraft:paper":93,"minecraft:shield":2,"minecraft:stick":72,"minecraft:iron_ingot":258,"minecraft:iron_pickaxe":6,"minecraft:wooden_axe":1,"minecraft:stone_sword":1,"minecraft:iron_shovel":5,"minecraft:gold_ingot":83,"minecraft:iron_leggings":2,"minecraft:sandstone":393,"minecraft:white_bed":2,"minecraft:acacia_planks":4,"minecraft:torch":180},"minecraft:broken":{"minecraft:iron_shovel":3,"minecraft:iron_boots":1,"minecraft:stone_pickaxe":1,"minecraft:shield":1,"minecraft:iron_axe":1,"minecraft:iron_pickaxe":6},"minecraft:custom":{"minecraft:mob_kills":242,"minecraft:interact_with_crafting_table":90,"minecraft:bell_ring":7,"minecraft:leave_game":7,"minecraft:time_since_death":67834,"minecraft:climb_one_cm":2227,"minecraft:sprint_one_cm":2329741,"minecraft:damage_blocked_by_shield":4897,"minecraft:walk_one_cm":1690897,"minecraft:drop":34,"minecraft:talked_to_villager":10,"minecraft:sneak_time":8517,"minecraft:deaths":29,"minecraft:walk_under_water_one_cm":124202,"minecraft:jump":5554,"minecraft:interact_with_blast_furnace":35,"minecraft:walk_on_water_one_cm":163974,"minecraft:interact_with_furnace":67,"minecraft:play_one_minute":572155,"minecraft:raid_trigger":1,"minecraft:interact_with_stonecutter":14,"minecraft:sleep_in_bed":22,"minecraft:time_since_rest":3297,"minecraft:damage_taken":15212,"minecraft:damage_dealt":31659,"minecraft:swim_one_cm":559691,"minecraft:fly_one_cm":757115,"minecraft:open_chest":253,"minecraft:crouch_one_cm":29379,"minecraft:interact_with_smoker":38,"minecraft:fall_one_cm":64313},"minecraft:used":{"minecraft:beetroot":1,"minecraft:stone_sword":38,"minecraft:iron_shovel":938,"minecraft:flint_and_steel":1,"minecraft:oak_sign":9,"minecraft:chest":21,"minecraft:spruce_planks":8,"minecraft:shield":91,"minecraft:iron_sword":307,"minecraft:cooked_chicken":8,"minecraft:oak_door":12,"minecraft:netherrack":5,"minecraft:torch":155,"minecraft:brewing_stand":1,"minecraft:dirt":26,"minecraft:granite":2,"minecraft:obsidian":8,"minecraft:glass":24,"minecraft:wooden_axe":32,"minecraft:lava_bucket":1,"minecraft:iron_axe":470,"minecraft:bow":44,"minecraft:furnace":14,"minecraft:cooked_beef":15,"minecraft:orange_terracotta":4,"minecraft:seagrass":1,"minecraft:cooked_mutton":8,"minecraft:water_bucket":1,"minecraft:diorite":3,"minecraft:sandstone_stairs":24,"minecraft:birch_planks":188,"minecraft:stone_pickaxe":131,"minecraft:cactus":2,"minecraft:wooden_pickaxe":52,"minecraft:sandstone":12,"minecraft:cut_sandstone":257,"minecraft:sugar_cane":15,"minecraft:stonecutter":1,"minecraft:blast_furnace":7,"minecraft:sand":608,"minecraft:crafting_table":11,"minecraft:white_bed":4,"minecraft:smoker":11,"minecraft:chiseled_sandstone":122,"minecraft:birch_slab":4,"minecraft:bread":52,"minecraft:iron_pickaxe":1716,"minecraft:gravel":27,"minecraft:spruce_sapling":1,"minecraft:stone_axe":37,"minecraft:cobblestone":44,"minecraft:white_banner":1,"minecraft:grindstone":1,"minecraft:cooked_porkchop":37,"minecraft:cooked_rabbit":3,"minecraft:bucket":3},"minecraft:mined":{"minecraft:white_bed":2,"minecraft:spruce_planks":8,"minecraft:stone_pressure_plate":1,"minecraft:oak_door":9,"minecraft:stripped_birch_log":8,"minecraft:brewing_stand":1,"minecraft:granite":7,"minecraft:acacia_log":1,"minecraft:grass_block":18,"minecraft:spruce_leaves":15,"minecraft:sandstone":306,"minecraft:oak_wall_sign":3,"minecraft:sandstone_stairs":19,"minecraft:large_fern":2,"minecraft:hay_block":137,"minecraft:redstone_ore":60,"minecraft:magma_block":15,"minecraft:furnace":9,"minecraft:iron_ore":257,"minecraft:chiseled_sandstone":93,"minecraft:andesite":16,"minecraft:gold_block":5,"minecraft:bookshelf":8,"minecraft:vine":3,"minecraft:stone":275,"minecraft:cut_sandstone":168,"minecraft:kelp_plant":1,"minecraft:melon_stem":1,"minecraft:smoker":6,"minecraft:orange_terracotta":5,"minecraft:stone_brick_slab":1,"minecraft:torch":3,"minecraft:crafting_table":8,"minecraft:blast_furnace":2,"minecraft:chest":4,"minecraft:dead_bush":6,"minecraft:tall_grass":2,"minecraft:glass":6,"minecraft:stone_slab":1,"minecraft:cobblestone":9,"minecraft:oak_planks":7,"minecraft:lapis_ore":22,"minecraft:sugar_cane":64,"minecraft:grindstone":1,"minecraft:diorite":6,"minecraft:wall_torch":1,"minecraft:seagrass":1,"minecraft:birch_planks":9,"minecraft:blue_terracotta":1,"minecraft:birch_log":60,"minecraft:wheat":41,"minecraft:spruce_log":23,"minecraft:birch_leaves":9,"minecraft:tnt":9,"minecraft:stone_brick_stairs":2,"minecraft:grass":44,"minecraft:coal_ore":389,"minecraft:oak_log":62,"minecraft:beetroots":9,"minecraft:gravel":41,"minecraft:sand":2243,"minecraft:dirt":16,"minecraft:stone_bricks":1,"minecraft:stonecutter":1,"minecraft:netherrack":177,"minecraft:gold_ore":36,"minecraft:oak_leaves":9,"minecraft:fern":1},"minecraft:killed":{"minecraft:evoker":1,"minecraft:witch":3,"minecraft:spider":14,"minecraft:vindicator":3,"minecraft:skeleton":34,"minecraft:chicken":19,"minecraft:drowned":2,"minecraft:turtle":3,"minecraft:husk":14,"minecraft:pig":26,"farlanders:looter":1,"minecraft:rabbit":8,"minecraft:bat":3,"minecraft:creeper":11,"minecraft:sheep":24,"minecraft:pillager":8,"minecraft:zombie":24,"minecraft:enderman":1,"minecraft:cow":32},"minecraft:killed_by":{"minecraft:player":1,"minecraft:creeper":3,"minecraft:ravager":4,"minecraft:vindicator":15,"minecraft:skeleton":2,"minecraft:zombie":2,"minecraft:vex":2},"minecraft:dropped":{"minecraft:birch_planks":1,"minecraft:wheat_seeds":1,"minecraft:iron_helmet":1,"minecraft:granite":5,"minecraft:dirt":2,"minecraft:diorite":3,"minecraft:green_dye":1,"minecraft:mutton":2,"minecraft:iron_leggings":1,"minecraft:sand":8,"minecraft:white_banner":1,"minecraft:iron_axe":1,"minecraft:sugar":2,"minecraft:spruce_sapling":1,"minecraft:stone_axe":1,"minecraft:sugar_cane":1,"minecraft:stone_sword":1,"minecraft:wheat":185,"minecraft:rotten_flesh":42,"minecraft:iron_chestplate":1,"minecraft:spider_eye":3,"minecraft:bow":1,"minecraft:netherrack":3},"minecraft:picked_up":{"minecraft:seagrass":16,"minecraft:iron_chestplate":18,"minecraft:crafting_table":9,"minecraft:wheat":252,"minecraft:chicken":19,"minecraft:suspicious_stew":1,"minecraft:stone_slab":2,"tconstruct:materials_and_you":1,"minecraft:gold_block":5,"minecraft:enchanted_book":14,"minecraft:stone_brick_stairs":2,"minecraft:brewing_stand":1,"minecraft:shield":16,"minecraft:string":17,"minecraft:iron_axe":29,"minecraft:iron_leggings":18,"minecraft:iron_shovel":13,"minecraft:oak_sign":3,"minecraft:beetroot":1,"minecraft:cracked_stone_bricks":1,"minecraft:bucket":1,"minecraft:spruce_planks":132,"minecraft:beef":61,"minecraft:poppy":4,"minecraft:iron_pickaxe":10,"minecraft:sugar_cane":141,"minecraft:chest":5,"minecraft:egg":5,"minecraft:iron_boots":14,"minecraft:furnace":10,"minecraft:golden_helmet":2,"minecraft:stick":159,"minecraft:sandstone":414,"minecraft:oak_door":9,"minecraft:torch":84,"minecraft:acacia_log":1,"minecraft:porkchop":53,"minecraft:diorite":6,"minecraft:redstone":830,"minecraft:iron_horse_armor":11,"minecraft:stone_pressure_plate":8,"minecraft:tnt":47,"minecraft:cactus":23,"minecraft:arrow":64,"minecraft:rotten_flesh":474,"minecraft:cooked_cod":8,"minecraft:beetroot_seeds":10,"minecraft:hay_block":158,"minecraft:sandstone_stairs":19,"minecraft:gold_ingot":5,"minecraft:saddle":8,"minecraft:glistering_melon_slice":10,"minecraft:totem_of_undying":2,"minecraft:mutton":38,"minecraft:white_wool":22,"minecraft:cobblestone":579,"minecraft:birch_log":60,"minecraft:magma_block":16,"minecraft:leather_chestplate":1,"minecraft:feather":18,"minecraft:water_bucket":1,"minecraft:andesite":11,"minecraft:leather":28,"minecraft:cut_sandstone":320,"minecraft:smoker":6,"minecraft:potato":2,"minecraft:birch_planks":114,"minecraft:flint":18,"minecraft:oak_log":61,"minecraft:golden_boots":1,"minecraft:gunpowder":285,"minecraft:lapis_lazuli":292,"minecraft:stripped_birch_log":8,"minecraft:dirt":34,"minecraft:paper":6,"minecraft:white_banner":40,"minecraft:orange_terracotta":19,"minecraft:cooked_mutton":23,"minecraft:bone":211,"minecraft:stone_bricks":2,"minecraft:bow":9,"minecraft:stonecutter":1,"minecraft:wheat_seeds":100,"minecraft:bell":1,"minecraft:rabbit_hide":2,"minecraft:heart_of_the_sea":1,"minecraft:grindstone":1,"minecraft:iron_ingot":578,"minecraft:cooked_chicken":6,"minecraft:iron_ore":354,"minecraft:bamboo":2,"minecraft:rabbit":8,"minecraft:glass_bottle":48,"minecraft:oak_planks":46,"minecraft:iron_sword":27,"minecraft:green_dye":1,"minecraft:book":24,"minecraft:cooked_porkchop":37,"minecraft:stone_brick_slab":1,"minecraft:gravel":67,"minecraft:sand":2276,"minecraft:spruce_sapling":3,"minecraft:blast_furnace":2,"minecraft:white_bed":2,"minecraft:spruce_log":23,"minecraft:gold_ore":71,"minecraft:chiseled_sandstone":321,"minecraft:spider_eye":71,"minecraft:blue_terracotta":10,"minecraft:sugar":10,"minecraft:iron_helmet":11,"minecraft:granite":39,"minecraft:emerald":51,"minecraft:golden_horse_armor":1,"minecraft:bread":249,"minecraft:oak_sapling":2,"minecraft:netherrack":264,"minecraft:coal":1106}},"DataVersion":2586}