{"stats":{"minecraft:picked_up":{"twilightforest:lich_trophy":1,"minecraft:seagrass":16,"minecraft:iron_chestplate":18,"minecraft:suspicious_stew":1,"minecraft:flower_pot":2,"minecraft:lead":2,"minecraft:stone_slab":2,"twilightforest:naga_trophy":2,"minecraft:diamond_sword":2,"njs:chili_seeds":1,"minecraft:enchanted_book":15,"minecraft:brewing_stand":2,"minecraft:golden_sword":3,"minecraft:string":26,"minecraft:soul_soil":132,"minecraft:beetroot":1,"minecraft:diamond_leggings":1,"minecraft:gold_nugget":3,"minecraft:spruce_planks":153,"minecraft:written_book":2,"minecraft:dark_oak_door":1,"minecraft:golden_helmet":2,"mekanism:tin_ore":2,"minecraft:acacia_log":901,"minecraft:golden_axe":1,"minecraft:golden_chestplate":2,"minecraft:blaze_rod":2,"minecraft:birch_log":812,"minecraft:magma_block":16,"minecraft:feather":18,"minecraft:birch_slab":1,"minecraft:water_bucket":1,"minecraft:brown_wool":1,"integrateddynamics:crystalized_menril_chunk":3,"minecraft:smoker":11,"minecraft:flint":35,"minecraft:lantern":10,"tconstruct:ichor_slime_dirt":3,"twilightforest:canopy_sapling":4,"twilightforest:shader":2,"minecraft:stonecutter":1,"minecraft:rabbit":8,"minecraft:glowstone_dust":1,"minecraft:chiseled_polished_blackstone":1,"cgm:rifle":3,"twilightforest:canopy_log":5,"minecraft:ink_sac":1,"minecraft:polished_andesite":6,"minecraft:blue_terracotta":10,"twilightforest:canopy_planks":20,"minecraft:granite":153,"spookyarms:pumpkin_bullet":61,"minecraft:golden_horse_armor":1,"minecraft:bread":249,"minecraft:crimson_roots":2,"minecraft:diamond_pickaxe":4,"minecraft:crafting_table":9,"minecraft:nether_wart":62,"tconstruct:materials_and_you":1,"immersiveengineering:ore_copper":1,"evilcraft:poison_sac":1,"minecraft:iron_shovel":13,"minecraft:cracked_stone_bricks":3,"minecraft:beef":61,"twilightforest:naga_scale":10,"minecraft:poppy":7,"twilightforest:naga_stone":2,"minecraft:chest":5,"minecraft:birch_sapling":292,"minecraft:egg":9,"minecraft:sandstone":520,"minecraft:oak_door":9,"minecraft:spruce_fence":1,"minecraft:carrot":1,"minecraft:redstone":1574,"twilightforest:firefly":2,"minecraft:tnt":47,"tconstruct:sky_slime_ball":13,"minecraft:stone_shovel":1,"minecraft:diamond_chestplate":1,"minecraft:cooked_cod":8,"minecraft:beetroot_seeds":10,"minecraft:diamond_boots":1,"minecraft:hay_block":158,"minecraft:sandstone_stairs":19,"minecraft:gold_ingot":5,"minecraft:totem_of_undying":2,"minecraft:mutton":43,"minecraft:white_wool":22,"minecraft:rail":2,"spookyarms:pumpkin_pistol":2,"minecraft:red_mushroom":7,"minecraft:oak_log":289,"minecraft:ancient_debris":4,"minecraft:golden_boots":2,"minecraft:paper":66,"minecraft:white_banner":40,"minecraft:stone_bricks":10,"minecraft:apple":13,"industrialforegoing:pitiful_generator":1,"minecraft:iron_ore":711,"minecraft:glass_bottle":48,"minecraft:iron_sword":33,"twilightforest:nagastone_pillar":1,"tconstruct:copper_ore":1,"minecraft:gravel":171,"minecraft:spruce_sapling":261,"minecraft:spruce_log":635,"minecraft:diamond_shovel":1,"minecraft:slime_ball":208,"immersiveengineering:seed":14,"tconstruct:cobalt_ore":10,"minecraft:diamond_axe":2,"minecraft:painting":27,"twilightforest:spiral_bricks":10,"minecraft:hopper":1,"minecraft:ender_pearl":8,"minecraft:wheat":259,"minecraft:nether_brick_fence":1,"minecraft:stone_brick_stairs":3,"integrateddynamics:menril_log":26,"minecraft:smooth_stone_slab":7,"minecraft:iron_leggings":18,"minecraft:oak_sign":3,"minecraft:bucket":3,"minecraft:cobblestone_slab":3,"minecraft:iron_pickaxe":12,"minecraft:furnace":16,"minecraft:iron_boots":14,"minecraft:stick":745,"minecraft:torch":122,"minecraft:spruce_stairs":5,"minecraft:porkchop":55,"twilightforest:nagastone_pillar_weathered":2,"minecraft:diorite":54,"twilightforest:nagastone_pillar_mossy":2,"minecraft:cactus":26,"minecraft:rotten_flesh":571,"minecraft:obsidian":20,"minecraft:cobblestone":3014,"minecraft:leather_chestplate":1,"twilightforest:shader_bag_twilight":2,"minecraft:magma_cream":12,"twilightforest:twilight_oak_log":4,"minecraft:andesite":300,"minecraft:golden_leggings":1,"minecraft:potato":5,"evilcraft:flesh_humanoid":3,"minecraft:dirt":6745,"minecraft:lapis_lazuli":575,"minecraft:stripped_birch_log":9,"minecraft:bone":260,"minecraft:bow":12,"minecraft:wheat_seeds":131,"minecraft:bell":2,"minecraft:grindstone":1,"minecraft:mossy_stone_bricks":5,"minecraft:bamboo":2,"minecraft:oak_planks":50,"tconstruct:necrotic_bone":1,"minecraft:cooked_porkchop":37,"minecraft:poisonous_potato":2,"minecraft:sand":4849,"farlanders:titan_hide":5,"minecraft:grass_block":28,"minecraft:chiseled_sandstone":321,"minecraft:mossy_cobblestone":5,"minecraft:orange_wool":1,"immersiveengineering:ore_silver":1,"minecraft:sugar":11,"twilightforest:twilight_oak_sapling":8,"minecraft:diamond":84,"minecraft:cracked_polished_blackstone_bricks":13,"minecraft:crossbow":2,"minecraft:emerald":63,"minecraft:oak_sapling":122,"minecraft:netherrack":3665,"twilightforest:torchberries":13,"minecraft:chicken":19,"minecraft:brown_mushroom":1,"minecraft:gold_block":29,"minecraft:shield":16,"minecraft:iron_axe":29,"farlanders:ender_horn":6,"minecraft:blackstone":58,"minecraft:observer":2,"minecraft:light_gray_wool":1,"minecraft:sugar_cane":190,"minecraft:phantom_membrane":3,"tconstruct:blood_slime_ball":116,"minecraft:polished_blackstone_bricks":23,"twilightforest:zombie_scepter":2,"tconstruct:ichor_slime_ball":108,"minecraft:iron_horse_armor":11,"minecraft:stone_pressure_plate":8,"minecraft:arrow":111,"minecraft:nether_bricks":26,"twilightforest:etched_nagastone":9,"minecraft:saddle":8,"minecraft:glistering_melon_slice":10,"minecraft:basalt":21,"minecraft:cut_sandstone":320,"minecraft:leather":31,"farlanders:mystic_wand_ore":1,"minecraft:birch_planks":287,"minecraft:gunpowder":303,"minecraft:cobblestone_wall":1,"minecraft:cobblestone_stairs":76,"twilightforest:twilight_oak_planks":4,"minecraft:orange_terracotta":19,"minecraft:cooked_mutton":23,"industrialforegoing:latex_processing_unit":2,"minecraft:rabbit_hide":2,"minecraft:heart_of_the_sea":2,"minecraft:iron_ingot":578,"minecraft:cooked_chicken":6,"minecraft:acacia_sapling":256,"minecraft:soul_sand":1302,"minecraft:green_dye":1,"minecraft:book":36,"minecraft:stone_brick_slab":1,"minecraft:quartz":55,"mekanismtools:lapis_lazuli_boots":1,"minecraft:blast_furnace":9,"minecraft:white_bed":9,"minecraft:gold_ore":126,"minecraft:spider_eye":75,"immersive_armors:wooden_chestplate":1,"evilcraft:dark_gem":53,"minecraft:iron_helmet":11,"mekanism:fluorite_gem":34,"minecraft:coal":1486,"minecraft:sunflower":1},"minecraft:custom":{"minecraft:interact_with_crafting_table":143,"minecraft:bell_ring":10,"minecraft:leave_game":23,"minecraft:time_since_death":240457,"minecraft:damage_blocked_by_shield":9150,"minecraft:deaths":38,"minecraft:jump":13967,"minecraft:interact_with_furnace":115,"minecraft:traded_with_villager":261,"minecraft:sleep_in_bed":42,"minecraft:damage_dealt":82540,"minecraft:interact_with_smoker":49,"minecraft:horse_one_cm":252917,"minecraft:interact_with_smithing_table":3,"minecraft:interact_with_anvil":2,"minecraft:inspect_hopper":1,"minecraft:sneak_time":32142,"minecraft:interact_with_blast_furnace":89,"minecraft:interact_with_stonecutter":18,"minecraft:time_since_rest":65185,"minecraft:swim_one_cm":804091,"minecraft:fly_one_cm":2590051,"minecraft:open_chest":925,"minecraft:fall_one_cm":468390,"minecraft:sprint_one_cm":5170579,"minecraft:drop":291,"minecraft:talked_to_villager":123,"minecraft:interact_with_brewingstand":1,"minecraft:walk_on_water_one_cm":272503,"minecraft:play_one_minute":1526703,"minecraft:crouch_one_cm":114736,"minecraft:mob_kills":754,"minecraft:damage_dealt_resisted":152,"minecraft:climb_one_cm":8353,"minecraft:walk_one_cm":5082308,"minecraft:walk_under_water_one_cm":177646,"minecraft:raid_trigger":1,"minecraft:interact_with_grindstone":2,"minecraft:damage_taken":30471,"minecraft:damage_absorbed":40,"minecraft:trigger_trapped_chest":4},"minecraft:killed_by":{"minecraft:ravager":4,"twilightforest:death_tome":1,"minecraft:vindicator":15,"farlanders:rebel":1,"minecraft:zombie":3,"minecraft:vex":2,"minecraft:creeper":3,"farlanders:fanmade_enderman":4,"minecraft:player":1,"minecraft:skeleton":3},"minecraft:mined":{"minecraft:white_bed":9,"minecraft:obsidian":21,"minecraft:granite":122,"minecraft:chiseled_polished_blackstone":1,"minecraft:acacia_log":652,"minecraft:hopper":1,"integrateddynamics:menril_log":24,"minecraft:oak_wall_sign":3,"minecraft:nether_wart":33,"minecraft:spawner":1,"minecraft:polished_blackstone_bricks":28,"indreb:rubber_leaves":7,"minecraft:magma_block":15,"minecraft:fire":4,"tconstruct:cobalt_ore":10,"tconstruct:ichor_slime_dirt":2,"minecraft:cut_sandstone":168,"minecraft:kelp_plant":1,"minecraft:smoker":11,"minecraft:crimson_nylium":1,"minecraft:torch":14,"minecraft:blast_furnace":9,"minecraft:dead_bush":12,"mekanism:tin_ore":2,"minecraft:glass":6,"minecraft:sugar_cane":83,"minecraft:birch_sapling":4,"minecraft:wheat":41,"minecraft:stone_brick_stairs":3,"minecraft:grass":105,"minecraft:stonecutter":1,"twilightforest:canopy_log":5,"indreb:tin_ore":15,"twilightforest:firefly":2,"simpleplanes:plane_workbench":1,"minecraft:mossy_cobblestone":5,"minecraft:stripped_birch_log":9,"minecraft:nether_bricks":307,"minecraft:crimson_roots":2,"minecraft:redstone_wire":2,"tconstruct:blood_congealed_slime":29,"immersiveengineering:ore_silver":1,"minecraft:redstone_ore":232,"minecraft:andesite":306,"twilightforest:twilight_oak_leaves":6,"minecraft:vine":3,"minecraft:rail":1,"tconstruct:earth_congealed_slime":52,"tconstruct:copper_ore":1,"minecraft:glass_pane":8,"minecraft:soul_sand":1303,"minecraft:stone_brick_slab":1,"minecraft:observer":2,"minecraft:emerald_ore":11,"minecraft:tall_grass":17,"minecraft:diorite":58,"tconstruct:blood_ichor_slime_grass":1,"minecraft:spruce_log":674,"minecraft:birch_leaves":9,"minecraft:sunflower":1,"minecraft:gravel":167,"twilightforest:moss_patch":5,"minecraft:stone_bricks":6,"minecraft:gold_ore":92,"minecraft:fern":6,"minecraft:stone_pressure_plate":1,"minecraft:spruce_planks":29,"minecraft:cobblestone_stairs":71,"minecraft:brewing_stand":2,"minecraft:grass_block":3112,"minecraft:cracked_polished_blackstone_bricks":16,"minecraft:soul_soil":132,"minecraft:sandstone_stairs":19,"minecraft:glowstone":3,"minecraft:iron_ore":623,"tconstruct:ichor_congealed_slime":27,"minecraft:blackstone":111,"minecraft:melon_stem":1,"minecraft:orange_terracotta":5,"twilightforest:torchberry_plant":3,"minecraft:chest":4,"twilightforest:twilight_oak_log":4,"minecraft:nether_quartz_ore":54,"minecraft:cobblestone":306,"minecraft:grindstone":1,"minecraft:oak_planks":10,"minecraft:wall_torch":6,"minecraft:seagrass":2,"minecraft:blue_terracotta":1,"minecraft:dark_oak_door":1,"mekanism:fluorite_ore":8,"minecraft:birch_log":789,"twilightforest:root":7,"minecraft:tnt":9,"integrateddynamics:menril_log_filled":2,"minecraft:oak_log":289,"minecraft:beetroots":9,"mctb:birch_crafting_table":1,"minecraft:sand":4877,"minecraft:dirt":4846,"industrialforegoing:latex_processing_unit":1,"minecraft:netherrack":9224,"minecraft:ancient_debris":4,"minecraft:oak_leaves":131,"minecraft:nether_gold_ore":1,"minecraft:diamond_ore":54,"immersiveengineering:ore_copper":1,"minecraft:oak_door":9,"gravestone:gravestone":9,"minecraft:weeping_vines":1,"minecraft:spruce_leaves":23,"minecraft:sandstone":412,"minecraft:large_fern":6,"minecraft:hay_block":137,"minecraft:furnace":15,"twilightforest:naga_trophy":1,"minecraft:chiseled_sandstone":93,"evilcraft:dark_ore":12,"minecraft:gold_block":29,"minecraft:nether_brick_fence":3,"minecraft:bookshelf":8,"minecraft:lantern":7,"minecraft:stone":2642,"twilightforest:root_strand":5,"minecraft:infested_stone_bricks":1,"minecraft:basalt":22,"minecraft:crafting_table":8,"minecraft:stone_slab":1,"minecraft:lapis_ore":62,"minecraft:spruce_stairs":5,"minecraft:birch_planks":9,"indreb:copper_ore":7,"minecraft:grass_path":228,"minecraft:coal_ore":730,"evilcraft:blood_stain":1,"minecraft:flower_pot":2,"minecraft:cracked_stone_bricks":2,"minecraft:polished_andesite":6,"minecraft:mossy_stone_bricks":3},"minecraft:dropped":{"mekanism:osmium_ore":1,"minecraft:lapis_lazuli":151,"minecraft:diamond":46,"twilightforest:naga_stone":2,"minecraft:cracked_stone_bricks":2,"minecraft:red_mushroom":1,"minecraft:emerald":49,"minecraft:gold_block":1,"minecraft:dirt":3836,"minecraft:gold_nugget":17,"minecraft:bone_meal":3,"twilightforest:nagastone_pillar_mossy":2,"minecraft:sand":8,"minecraft:sugar":2,"minecraft:iron_pickaxe":1,"minecraft:bone":55,"minecraft:stone_axe":1,"minecraft:sugar_cane":28,"minecraft:golden_chestplate":1,"minecraft:wheat":189,"minecraft:obsidian":20,"minecraft:rotten_flesh":86,"minecraft:oak_planks":1,"minecraft:glowstone_dust":1,"minecraft:nether_brick_fence":1,"minecraft:acacia_sapling":256,"minecraft:golden_boots":3,"minecraft:iron_ingot":1,"minecraft:wheat_seeds":5,"twilightforest:canopy_sapling":4,"minecraft:iron_helmet":1,"minecraft:cobblestone":793,"minecraft:granite":77,"twilightforest:etched_nagastone":6,"spookyarms:pumpkin_pistol":1,"minecraft:coal":164,"twilightforest:twilight_oak_planks":16,"minecraft:white_banner":1,"minecraft:spruce_sapling":1,"minecraft:stone_sword":1,"minecraft:cobblestone_wall":1,"minecraft:smooth_stone_slab":7,"minecraft:orange_wool":1,"minecraft:blast_furnace":1,"minecraft:diamond_sword":1,"minecraft:cobblestone_slab":3,"minecraft:potato":3,"minecraft:spider_eye":3,"minecraft:bow":1,"minecraft:gold_ore":30,"minecraft:soul_sand":3,"minecraft:brown_mushroom":1,"minecraft:birch_planks":131,"minecraft:ender_pearl":2,"twilightforest:naga_scale":1,"minecraft:cobblestone_stairs":2,"minecraft:cracked_polished_blackstone_bricks":4,"minecraft:netherite_scrap":1,"minecraft:mutton":7,"gravestone:obituary":5,"immersive_armors:wooden_chestplate":1,"minecraft:gravel":23,"twilightforest:nagastone_pillar_weathered":2,"minecraft:blackstone":7,"minecraft:carrot":1,"twilightforest:torchberries":5,"minecraft:poppy":2,"minecraft:gunpowder":9,"minecraft:iron_ore":78,"minecraft:basalt":3,"minecraft:quartz":23,"twilightforest:nagastone_pillar":1,"minecraft:written_book":2,"minecraft:netherrack":9,"minecraft:mossy_cobblestone":1,"minecraft:poisonous_potato":4,"minecraft:golden_axe":1,"minecraft:observer":4,"evilcraft:dark_gem":53,"minecraft:acacia_log":642,"minecraft:grass_block":28,"minecraft:stick":4,"minecraft:diorite":10,"minecraft:brewing_stand":1,"minecraft:torch":1,"mekanism:ingot_copper":3,"twilightforest:spiral_bricks":10,"minecraft:green_dye":1,"integrateddynamics:crystalized_menril_chunk":2,"minecraft:brown_wool":1,"minecraft:iron_leggings":1,"minecraft:iron_axe":2,"minecraft:redstone":258,"cgm:rifle":2,"integrateddynamics:menril_log":1,"minecraft:light_gray_wool":1,"minecraft:flint_and_steel":1,"minecraft:iron_chestplate":1,"minecraft:andesite":34,"minecraft:mossy_stone_bricks":5,"minecraft:golden_leggings":1,"minecraft:golden_sword":1,"minecraft:slime_ball":80},"minecraft:used":{"minecraft:beetroot":1,"minecraft:spruce_slab":18,"minecraft:chest":25,"minecraft:stone":4,"minecraft:rotten_flesh":1,"minecraft:soul_sand":10,"twilightforest:etched_nagastone":3,"minecraft:lava_bucket":1,"minecraft:birch_sapling":182,"simpleplanes:plane":1,"minecraft:bow":217,"minecraft:furnace":20,"minecraft:egg":1,"minecraft:seagrass":1,"minecraft:emerald_ore":3,"minecraft:diorite":3,"minecraft:cactus":2,"minecraft:wooden_pickaxe":77,"minecraft:golden_apple":1,"minecraft:sand":676,"tconstruct:copper_ore":1,"minecraft:blast_furnace":12,"minecraft:chiseled_sandstone":122,"minecraft:birch_slab":4,"minecraft:diamond_ore":18,"minecraft:diamond_sword":546,"minecraft:birch_log":725,"minecraft:stone_sword":38,"minecraft:acacia_log":651,"minecraft:netherrack":261,"minecraft:torch":274,"minecraft:brewing_stand":1,"minecraft:ancient_debris":3,"minecraft:nether_quartz_ore":6,"minecraft:golden_shovel":32,"minecraft:iron_axe":710,"carryon:entity_item":4,"minecraft:basalt":18,"minecraft:observer":8,"minecraft:orange_terracotta":4,"minecraft:water_bucket":8,"minecraft:sandstone_stairs":24,"minecraft:birch_planks":188,"minecraft:polished_blackstone_bricks":5,"minecraft:mossy_cobblestone":4,"minecraft:rail":2,"minecraft:tnt":2,"minecraft:crafting_table":11,"minecraft:white_bed":11,"minecraft:spruce_log":633,"minecraft:oak_log":196,"minecraft:diamond_pickaxe":10950,"minecraft:diamond_shovel":2557,"farlanders:nightfall_sword":46,"minecraft:iron_pickaxe":4859,"minecraft:spruce_pressure_plate":1,"minecraft:spruce_sapling":2,"mekanism:fluorite_ore":8,"minecraft:cobblestone":332,"minecraft:cooked_porkchop":56,"minecraft:iron_shovel":3002,"minecraft:oak_sign":9,"minecraft:shield":143,"minecraft:iron_sword":606,"minecraft:bell":2,"minecraft:obsidian":8,"minecraft:glass":24,"minecraft:coal_ore":8,"minecraft:lantern":10,"minecraft:stone_bricks":3,"minecraft:golden_sword":1,"immersiveengineering:ore_copper":1,"minecraft:written_book":1,"twilightforest:naga_trophy":1,"minecraft:stone_pickaxe":131,"minecraft:sandstone":63,"integrateddynamics:menril_log":18,"minecraft:diamond_axe":288,"minecraft:sugar_cane":34,"minecraft:crossbow":25,"minecraft:bread":398,"minecraft:gravel":27,"minecraft:grindstone":1,"minecraft:cooked_rabbit":3,"minecraft:air":1,"minecraft:flint_and_steel":7,"minecraft:redstone_ore":33,"minecraft:redstone":16,"minecraft:spruce_planks":596,"minecraft:cooked_chicken":8,"minecraft:oak_door":12,"minecraft:dirt":275,"minecraft:hopper":2,"minecraft:spruce_stairs":77,"mctb:birch_crafting_table":1,"cgm:rifle":96,"minecraft:granite":11,"minecraft:wooden_axe":32,"minecraft:soul_soil":1,"minecraft:cooked_beef":30,"minecraft:cooked_mutton":8,"industrialforegoing:pitiful_generator":1,"minecraft:cobblestone_stairs":81,"minecraft:polished_andesite":358,"minecraft:cut_sandstone":257,"minecraft:stonecutter":2,"industrialforegoing:latex_processing_unit":2,"minecraft:smoker":16,"minecraft:piston":14,"twilightforest:firefly":2,"minecraft:cracked_polished_blackstone_bricks":2,"minecraft:lapis_ore":14,"minecraft:stone_axe":37,"minecraft:white_banner":1,"minecraft:bucket":12},"minecraft:broken":{"minecraft:iron_boots":1,"minecraft:golden_sword":1,"minecraft:diamond_pickaxe":2,"minecraft:iron_sword":1,"minecraft:shield":2,"minecraft:iron_axe":5,"minecraft:iron_pickaxe":16,"minecraft:golden_helmet":1,"minecraft:iron_shovel":12,"minecraft:golden_shovel":1,"minecraft:stone_pickaxe":1},"minecraft:killed":{"farlanders:fanmade_enderman":5,"tconstruct:sky_slime":22,"minecraft:skeleton":80,"twilightforest:lich":1,"minecraft:chicken":19,"minecraft:magma_cube":179,"farlanders:rebel":13,"minecraft:pillager":8,"minecraft:zombie":97,"minecraft:cow":32,"minecraft:evoker":1,"minecraft:vindicator":3,"mekanismadditions:baby_skeleton":2,"twilightforest:death_tome":14,"twilightforest:tiny_bird":1,"farlanders:classic_enderman":1,"minecraft:husk":19,"minecraft:rabbit":8,"twilightforest:kobold":7,"minecraft:wandering_trader":1,"farlanders:mystic_enderman":1,"evilcraft:poisonous_libelle":1,"minecraft:enderman":2,"twilightforest:bighorn_sheep":3,"minecraft:witch":3,"minecraft:spider":24,"minecraft:turtle":3,"minecraft:piglin_brute":4,"minecraft:piglin":44,"minecraft:pig":26,"minecraft:creeper":22,"farlanders:titan":1,"twilightforest:skeleton_druid":10,"minecraft:sheep":24,"minecraft:trader_llama":1,"minecraft:ghast":2,"minecraft:blaze":3,"minecraft:phantom":4,"twilightforest:naga":1,"twilightforest:swarm_spider":1,"minecraft:drowned":3,"farlanders:looter":10,"minecraft:bat":5,"farlanders:ender_golem":3,"minecraft:hoglin":3,"minecraft:wither_skeleton":10},"minecraft:crafted":{"minecraft:smooth_stone":17,"minecraft:oak_sign":6,"minecraft:cut_sandstone":132,"mekanism:ingot_osmium":1,"minecraft:birch_slab":6,"immersiveengineering:ingot_nickel":5,"minecraft:nether_brick":64,"minecraft:cooked_mutton":8,"minecraft:glass":24,"immersiveengineering:ingot_silver":7,"minecraft:diamond_helmet":2,"minecraft:diamond_leggings":1,"minecraft:cooked_rabbit":4,"mekanism:ingot_tin":19,"minecraft:emerald":255,"minecraft:cooked_porkchop":36,"minecraft:iron_pickaxe":16,"minecraft:gold_ingot":140,"minecraft:sandstone":393,"mctb:birch_crafting_table":1,"minecraft:bone_meal":138,"integrateddynamics:menril_planks":12,"mekanism:ingot_uranium":6,"minecraft:spruce_stairs":80,"twilightforest:twilight_oak_planks":16,"minecraft:spruce_slab":24,"minecraft:stone_pickaxe":1,"minecraft:diamond_boots":1,"twilightforest:canopy_planks":20,"simpleplanes:propeller":2,"minecraft:wheat":1209,"simpleplanes:furnace_engine":1,"minecraft:sandstone_slab":6,"minecraft:enchanted_book":1,"minecraft:wooden_axe":1,"minecraft:iron_shovel":5,"minecraft:iron_leggings":2,"minecraft:white_bed":2,"minecraft:oak_planks":576,"minecraft:cooked_chicken":13,"minecraft:stone":21,"immersiveengineering:ingot_copper":1,"minecraft:spruce_pressure_plate":1,"minecraft:hopper":1,"minecraft:iron_boots":3,"farlanders:nightfall_sword":1,"immersiveengineering:ingot_lead":3,"minecraft:chest":21,"simpleplanes:plane":1,"immersiveengineering:ingot_aluminum":7,"minecraft:smoker":5,"minecraft:crafting_table":5,"minecraft:spruce_planks":1448,"minecraft:iron_helmet":3,"minecraft:wooden_pickaxe":2,"minecraft:birch_planks":3112,"minecraft:book":19,"minecraft:iron_chestplate":2,"minecraft:paper":93,"minecraft:shield":3,"minecraft:light_weighted_pressure_plate":6,"minecraft:stick":7859,"minecraft:iron_ingot":568,"minecraft:stone_sword":1,"minecraft:polished_andesite":360,"minecraft:oak_door":6,"minecraft:furnace":16,"minecraft:blast_furnace":6,"minecraft:piston":14,"minecraft:iron_axe":4,"minecraft:chiseled_sandstone":3,"minecraft:netherite_scrap":2,"minecraft:observer":10,"minecraft:cooked_beef":61,"minecraft:iron_sword":2,"minecraft:bucket":3,"minecraft:stone_axe":1,"minecraft:air":0,"minecraft:bread":426,"mekanism:ingot_copper":3,"minecraft:andesite":106,"minecraft:acacia_planks":4,"minecraft:torch":280,"minecraft:diamond_chestplate":1}},"DataVersion":2586}