{"stats":{"minecraft:used":{"minecraft:cooked_mutton":5,"minecraft:stone_sword":38,"minecraft:birch_planks":7,"minecraft:stone_pickaxe":131,"minecraft:chest":5,"minecraft:spruce_planks":8,"minecraft:wooden_pickaxe":52,"minecraft:shield":13,"minecraft:iron_sword":4,"minecraft:sugar_cane":15,"minecraft:cooked_chicken":4,"minecraft:torch":106,"minecraft:dirt":26,"minecraft:sand":18,"minecraft:crafting_table":7,"minecraft:blast_furnace":2,"minecraft:white_bed":1,"minecraft:granite":2,"minecraft:smoker":6,"minecraft:obsidian":2,"minecraft:wooden_axe":32,"minecraft:iron_axe":215,"minecraft:iron_pickaxe":526,"minecraft:spruce_sapling":1,"minecraft:gravel":2,"minecraft:stone_axe":37,"minecraft:cobblestone":34,"minecraft:furnace":6,"minecraft:cooked_porkchop":11,"minecraft:cooked_beef":15},"minecraft:picked_up":{"minecraft:birch_log":24,"minecraft:crafting_table":5,"minecraft:magma_block":3,"minecraft:feather":2,"minecraft:chicken":4,"minecraft:leather":13,"minecraft:smoker":4,"minecraft:flint":2,"minecraft:oak_log":6,"minecraft:golden_boots":1,"minecraft:gunpowder":7,"minecraft:dirt":28,"minecraft:stripped_birch_log":8,"minecraft:string":7,"minecraft:bone":23,"minecraft:bow":1,"minecraft:wheat_seeds":1,"minecraft:spruce_planks":8,"minecraft:iron_ingot":3,"minecraft:beef":15,"minecraft:iron_ore":156,"minecraft:sugar_cane":80,"minecraft:chest":2,"minecraft:oak_planks":24,"minecraft:furnace":5,"minecraft:cooked_porkchop":17,"minecraft:torch":5,"minecraft:gravel":9,"minecraft:porkchop":27,"minecraft:sand":18,"minecraft:spruce_sapling":3,"minecraft:diorite":1,"minecraft:spruce_log":23,"minecraft:redstone":188,"minecraft:gold_ore":9,"minecraft:sugar":2,"minecraft:spider_eye":4,"minecraft:arrow":19,"minecraft:rotten_flesh":25,"minecraft:granite":4,"minecraft:mutton":7,"minecraft:coal":508,"minecraft:white_wool":4,"minecraft:cobblestone":161},"minecraft:broken":{"minecraft:stone_pickaxe":1,"minecraft:iron_axe":1,"minecraft:iron_pickaxe":2},"minecraft:crafted":{"minecraft:cooked_beef":15,"minecraft:smooth_stone":14,"minecraft:oak_planks":24,"minecraft:cooked_porkchop":10,"minecraft:crafting_table":3,"minecraft:spruce_planks":88,"minecraft:cooked_chicken":4,"minecraft:iron_helmet":2,"minecraft:wooden_pickaxe":1,"minecraft:iron_sword":1,"minecraft:furnace":5,"minecraft:blast_furnace":2,"minecraft:stone":14,"minecraft:birch_planks":96,"minecraft:stone_axe":1,"minecraft:cooked_mutton":5,"minecraft:air":0,"minecraft:iron_boots":2,"minecraft:iron_chestplate":2,"minecraft:shield":1,"minecraft:iron_axe":2,"minecraft:stick":64,"minecraft:iron_ingot":110,"minecraft:iron_pickaxe":4,"minecraft:stone_pickaxe":1,"minecraft:wooden_axe":1,"minecraft:stone_sword":1,"minecraft:chest":3,"minecraft:gold_ingot":2,"minecraft:iron_leggings":2,"minecraft:white_bed":1,"minecraft:torch":144,"minecraft:smoker":2},"minecraft:killed_by":{"minecraft:player":1,"minecraft:skeleton":1,"minecraft:creeper":2,"minecraft:zombie":2},"minecraft:mined":{"minecraft:spruce_planks":8,"minecraft:smoker":4,"minecraft:stripped_birch_log":8,"minecraft:crafting_table":5,"minecraft:torch":2,"minecraft:granite":4,"minecraft:grass_block":14,"minecraft:chest":2,"minecraft:spruce_leaves":15,"minecraft:sugar_cane":34,"minecraft:diorite":1,"minecraft:large_fern":2,"minecraft:redstone_ore":41,"minecraft:magma_block":3,"minecraft:furnace":5,"minecraft:birch_log":24,"minecraft:iron_ore":156,"minecraft:spruce_log":23,"minecraft:birch_leaves":4,"minecraft:grass":5,"minecraft:coal_ore":333,"minecraft:oak_log":6,"minecraft:vine":3,"minecraft:gravel":2,"minecraft:sand":1,"minecraft:dirt":15,"minecraft:stone":151,"minecraft:gold_ore":9,"minecraft:fern":1},"minecraft:custom":{"minecraft:interact_with_furnace":39,"minecraft:mob_kills":90,"minecraft:interact_with_crafting_table":33,"minecraft:play_one_minute":168074,"minecraft:leave_game":4,"minecraft:time_since_death":3184,"minecraft:sleep_in_bed":1,"minecraft:climb_one_cm":857,"minecraft:time_since_rest":3228,"minecraft:sprint_one_cm":672005,"minecraft:damage_taken":3955,"minecraft:walk_one_cm":535072,"minecraft:damage_blocked_by_shield":515,"minecraft:drop":9,"minecraft:damage_dealt":13460,"minecraft:swim_one_cm":100470,"minecraft:fly_one_cm":227632,"minecraft:open_chest":17,"minecraft:crouch_one_cm":9262,"minecraft:sneak_time":2649,"minecraft:deaths":6,"minecraft:walk_under_water_one_cm":9370,"minecraft:jump":2154,"minecraft:interact_with_blast_furnace":5,"minecraft:walk_on_water_one_cm":53850,"minecraft:interact_with_smoker":16,"minecraft:fall_one_cm":21742},"minecraft:dropped":{"minecraft:stone_axe":1,"minecraft:sugar_cane":1,"minecraft:wheat_seeds":1,"minecraft:stone_sword":1,"minecraft:diorite":1,"minecraft:mutton":2,"minecraft:spider_eye":2,"minecraft:spruce_sapling":1},"minecraft:killed":{"minecraft:husk":1,"minecraft:pig":13,"minecraft:witch":1,"minecraft:spider":9,"minecraft:bat":1,"minecraft:creeper":6,"minecraft:sheep":4,"minecraft:skeleton":16,"minecraft:zombie":16,"minecraft:chicken":4,"minecraft:drowned":2,"minecraft:cow":9}},"DataVersion":2586}