{"stats":{"minecraft:broken":{"minecraft:stone_pickaxe":1,"minecraft:shield":1,"minecraft:iron_axe":1,"minecraft:iron_pickaxe":3},"minecraft:used":{"minecraft:stone_sword":38,"minecraft:spruce_planks":8,"minecraft:chest":5,"minecraft:shield":59,"minecraft:iron_sword":154,"minecraft:cooked_chicken":4,"minecraft:torch":142,"minecraft:dirt":26,"minecraft:granite":2,"minecraft:obsidian":2,"minecraft:wooden_axe":32,"minecraft:lava_bucket":1,"minecraft:iron_axe":268,"minecraft:bow":37,"minecraft:furnace":7,"minecraft:cooked_beef":15,"minecraft:cooked_mutton":8,"minecraft:water_bucket":1,"minecraft:diorite":2,"minecraft:birch_planks":7,"minecraft:stone_pickaxe":131,"minecraft:wooden_pickaxe":52,"minecraft:sugar_cane":15,"minecraft:sand":18,"minecraft:crafting_table":9,"minecraft:blast_furnace":2,"minecraft:white_bed":1,"minecraft:smoker":6,"minecraft:bread":4,"minecraft:iron_pickaxe":916,"minecraft:spruce_sapling":1,"minecraft:gravel":3,"minecraft:stone_axe":37,"minecraft:cobblestone":44,"minecraft:cooked_porkchop":27,"minecraft:bucket":3},"minecraft:picked_up":{"minecraft:iron_chestplate":3,"minecraft:crafting_table":9,"minecraft:wheat":198,"minecraft:chicken":13,"minecraft:stone_slab":1,"minecraft:stone_brick_stairs":1,"minecraft:brewing_stand":1,"minecraft:shield":1,"minecraft:string":17,"minecraft:iron_axe":2,"minecraft:iron_leggings":3,"minecraft:spruce_planks":8,"minecraft:beef":28,"minecraft:iron_pickaxe":4,"minecraft:sugar_cane":80,"minecraft:chest":2,"minecraft:iron_boots":3,"minecraft:furnace":8,"minecraft:stick":9,"minecraft:sandstone":181,"minecraft:torch":58,"minecraft:porkchop":53,"minecraft:diorite":5,"minecraft:redstone":564,"minecraft:rotten_flesh":34,"minecraft:arrow":55,"minecraft:hay_block":23,"minecraft:mutton":15,"minecraft:cobblestone":258,"minecraft:white_wool":8,"minecraft:birch_log":24,"minecraft:magma_block":3,"minecraft:feather":10,"minecraft:leather":17,"minecraft:smoker":4,"minecraft:birch_planks":104,"minecraft:flint":9,"minecraft:oak_log":8,"minecraft:golden_boots":1,"minecraft:gunpowder":14,"minecraft:lapis_lazuli":150,"minecraft:stripped_birch_log":8,"minecraft:dirt":34,"minecraft:white_banner":1,"minecraft:bone":55,"minecraft:stone_bricks":1,"minecraft:bow":4,"minecraft:wheat_seeds":6,"minecraft:rabbit_hide":1,"minecraft:iron_ingot":86,"minecraft:iron_ore":347,"minecraft:rabbit":3,"minecraft:iron_sword":1,"minecraft:oak_planks":28,"minecraft:book":24,"minecraft:cooked_porkchop":37,"minecraft:gravel":33,"minecraft:sand":26,"minecraft:spruce_sapling":3,"minecraft:spruce_log":23,"minecraft:gold_ore":61,"minecraft:spider_eye":6,"minecraft:sugar":4,"minecraft:iron_helmet":3,"minecraft:granite":9,"minecraft:netherrack":1,"minecraft:coal":752},"minecraft:crafted":{"minecraft:oak_planks":24,"minecraft:smooth_stone":14,"minecraft:cooked_chicken":13,"minecraft:furnace":6,"minecraft:blast_furnace":2,"minecraft:stone":14,"minecraft:cooked_mutton":8,"minecraft:iron_boots":2,"minecraft:iron_axe":2,"minecraft:stone_pickaxe":1,"minecraft:chest":3,"minecraft:cooked_rabbit":3,"minecraft:wheat":194,"minecraft:smoker":2,"minecraft:cooked_beef":15,"minecraft:cooked_porkchop":10,"minecraft:crafting_table":4,"minecraft:spruce_planks":88,"minecraft:wooden_pickaxe":1,"minecraft:iron_helmet":2,"minecraft:iron_sword":1,"minecraft:bucket":2,"minecraft:birch_planks":96,"minecraft:stone_axe":1,"minecraft:bread":69,"minecraft:air":0,"minecraft:iron_chestplate":2,"minecraft:shield":1,"minecraft:stick":64,"minecraft:iron_ingot":239,"minecraft:iron_pickaxe":4,"minecraft:wooden_axe":1,"minecraft:stone_sword":1,"minecraft:iron_leggings":2,"minecraft:gold_ingot":28,"minecraft:white_bed":1,"minecraft:torch":144},"minecraft:killed_by":{"minecraft:player":1,"minecraft:creeper":3,"minecraft:skeleton":1,"minecraft:zombie":2},"minecraft:custom":{"minecraft:mob_kills":165,"minecraft:interact_with_crafting_table":40,"minecraft:leave_game":4,"minecraft:time_since_death":61022,"minecraft:climb_one_cm":2227,"minecraft:sprint_one_cm":1095246,"minecraft:walk_one_cm":857861,"minecraft:damage_blocked_by_shield":2770,"minecraft:drop":22,"minecraft:deaths":7,"minecraft:sneak_time":2962,"minecraft:walk_under_water_one_cm":15789,"minecraft:jump":3271,"minecraft:interact_with_blast_furnace":16,"minecraft:walk_on_water_one_cm":71610,"minecraft:interact_with_furnace":44,"minecraft:play_one_minute":258074,"minecraft:sleep_in_bed":3,"minecraft:time_since_rest":6904,"minecraft:damage_taken":5810,"minecraft:damage_dealt":20793,"minecraft:fly_one_cm":369129,"minecraft:swim_one_cm":103634,"minecraft:open_chest":35,"minecraft:crouch_one_cm":10412,"minecraft:interact_with_smoker":22,"minecraft:fall_one_cm":32190},"minecraft:mined":{"minecraft:spruce_planks":8,"minecraft:stripped_birch_log":8,"minecraft:brewing_stand":1,"minecraft:granite":5,"minecraft:grass_block":18,"minecraft:spruce_leaves":15,"minecraft:sandstone":179,"minecraft:large_fern":2,"minecraft:hay_block":23,"minecraft:magma_block":3,"minecraft:redstone_ore":41,"minecraft:furnace":7,"minecraft:iron_ore":250,"minecraft:bookshelf":8,"minecraft:vine":3,"minecraft:stone":167,"minecraft:smoker":4,"minecraft:crafting_table":8,"minecraft:torch":2,"minecraft:chest":2,"minecraft:dead_bush":3,"minecraft:tall_grass":2,"minecraft:stone_slab":1,"minecraft:cobblestone":9,"minecraft:lapis_ore":12,"minecraft:oak_planks":5,"minecraft:sugar_cane":34,"minecraft:diorite":3,"minecraft:birch_log":24,"minecraft:spruce_log":23,"minecraft:birch_leaves":4,"minecraft:stone_brick_stairs":1,"minecraft:grass":31,"minecraft:oak_log":8,"minecraft:coal_ore":385,"minecraft:gravel":2,"minecraft:sand":10,"minecraft:dirt":16,"minecraft:stone_bricks":1,"minecraft:netherrack":1,"minecraft:gold_ore":26,"minecraft:fern":1},"minecraft:dropped":{"minecraft:wheat_seeds":1,"minecraft:granite":5,"minecraft:dirt":2,"minecraft:diorite":3,"minecraft:mutton":2,"minecraft:sand":8,"minecraft:sugar":2,"minecraft:spruce_sapling":1,"minecraft:stone_axe":1,"minecraft:sugar_cane":1,"minecraft:stone_sword":1,"minecraft:wheat":185,"minecraft:spider_eye":3,"minecraft:bow":1},"minecraft:killed":{"minecraft:witch":1,"minecraft:spider":14,"minecraft:skeleton":27,"minecraft:chicken":13,"minecraft:drowned":2,"minecraft:husk":3,"minecraft:pig":26,"minecraft:rabbit":8,"minecraft:bat":3,"minecraft:creeper":10,"minecraft:sheep":8,"minecraft:pillager":2,"minecraft:zombie":21,"minecraft:enderman":1,"minecraft:cow":17}},"DataVersion":2586}