{"stats":{"minecraft:picked_up":{"twilightforest:lich_trophy":4,"minecraft:seagrass":16,"minecraft:iron_chestplate":18,"minecraft:suspicious_stew":1,"minecraft:flower_pot":2,"minecraft:lead":3,"minecraft:stone_slab":4,"twilightforest:naga_trophy":2,"minecraft:diamond_sword":2,"njs:chili_seeds":1,"minecraft:enchanted_book":15,"minecraft:brewing_stand":2,"minecraft:golden_sword":3,"minecraft:string":29,"minecraft:soul_soil":132,"minecraft:beetroot":1,"minecraft:diamond_leggings":1,"mekanism:basic_universal_cable":1,"minecraft:gold_nugget":160,"minecraft:spruce_planks":155,"minecraft:written_book":2,"cgm:advanced_bullet":80,"minecraft:dark_oak_door":1,"minecraft:golden_helmet":2,"mekanism:ingot_copper":64,"mekanism:tin_ore":3,"minecraft:acacia_log":901,"minecraft:golden_axe":1,"tconstruct:seared_faucet":3,"minecraft:golden_chestplate":2,"tconstruct:scorched_bricks":11,"minecraft:iron_block":1,"minecraft:blue_dye":4,"minecraft:bookshelf":11,"minecraft:blaze_rod":2,"minecraft:iron_bars":6,"minecraft:birch_log":830,"minecraft:magma_block":108,"minecraft:feather":18,"minecraft:birch_slab":1,"minecraft:water_bucket":1,"minecraft:brown_wool":1,"integrateddynamics:crystalized_menril_chunk":3,"minecraft:smoker":11,"minecraft:flint":113,"minecraft:lantern":10,"tconstruct:ichor_slime_dirt":3,"twilightforest:canopy_sapling":4,"twilightforest:shader":2,"minecraft:stonecutter":1,"tconstruct:seared_table":2,"minecraft:rabbit":8,"minecraft:diamond_helmet":2,"minecraft:glowstone_dust":44,"simpleplanes:plane":2,"minecraft:chiseled_polished_blackstone":1,"cgm:rifle":3,"tconstruct:seared_ingot_gauge":1,"twilightforest:canopy_log":5,"minecraft:ink_sac":1,"minecraft:polished_andesite":8,"minecraft:blue_terracotta":10,"twilightforest:canopy_planks":20,"minecraft:lever":2,"minecraft:granite":194,"spookyarms:pumpkin_bullet":61,"minecraft:golden_horse_armor":1,"minecraft:bread":249,"minecraft:diamond_pickaxe":6,"minecraft:crimson_roots":4,"minecraft:crafting_table":10,"minecraft:nether_wart":62,"minecraft:clay_ball":696,"tconstruct:materials_and_you":1,"gravestone:obituary":6,"immersiveengineering:ore_copper":1,"evilcraft:poison_sac":1,"minecraft:iron_shovel":13,"minecraft:cracked_stone_bricks":3,"minecraft:beef":61,"minecraft:iron_nugget":19,"twilightforest:naga_scale":10,"minecraft:poppy":8,"twilightforest:naga_stone":2,"minecraft:chest":7,"minecraft:birch_sapling":300,"minecraft:egg":9,"minecraft:sandstone":520,"minecraft:oak_door":9,"minecraft:spruce_fence":1,"minecraft:carrot":1,"minecraft:redstone":1936,"twilightforest:firefly":2,"minecraft:tnt":47,"tconstruct:sky_slime_ball":13,"minecraft:stone_shovel":1,"minecraft:diamond_chestplate":1,"minecraft:cooked_cod":8,"minecraft:beetroot_seeds":10,"minecraft:shears":1,"minecraft:diamond_boots":1,"minecraft:hay_block":158,"minecraft:sandstone_stairs":19,"minecraft:gold_ingot":5,"minecraft:totem_of_undying":2,"minecraft:mutton":43,"minecraft:white_wool":22,"minecraft:rail":6,"spookyarms:pumpkin_pistol":2,"minecraft:stripped_oak_log":1,"minecraft:red_mushroom":7,"minecraft:oak_log":295,"minecraft:ancient_debris":4,"minecraft:golden_boots":2,"minecraft:paper":66,"minecraft:white_banner":40,"tconstruct:seared_brick":2,"minecraft:stone_bricks":10,"minecraft:apple":13,"tconstruct:seared_heater":1,"industrialforegoing:pitiful_generator":1,"minecraft:iron_ore":711,"minecraft:glass_bottle":48,"minecraft:iron_sword":33,"twilightforest:nagastone_pillar":1,"tconstruct:copper_ore":1,"minecraft:sweet_berries":7,"minecraft:gravel":838,"minecraft:spruce_sapling":262,"minecraft:spruce_log":635,"minecraft:diamond_shovel":1,"minecraft:purple_bed":1,"minecraft:slime_ball":208,"immersiveengineering:seed":14,"tconstruct:cobalt_ore":10,"minecraft:diamond_axe":2,"minecraft:painting":27,"tconstruct:seared_melter":2,"twilightforest:spiral_bricks":10,"minecraft:hopper":1,"minecraft:ender_pearl":11,"tconstruct:seared_drain":1,"minecraft:wheat":260,"minecraft:nether_brick_fence":1,"minecraft:stone_brick_stairs":3,"evilcraft:ender_tear":1,"integrateddynamics:menril_log":26,"minecraft:smooth_stone_slab":7,"minecraft:iron_leggings":18,"minecraft:oak_sign":3,"minecraft:bucket":3,"minecraft:red_dye":3,"minecraft:redstone_torch":4,"minecraft:cobblestone_slab":3,"minecraft:wooden_shovel":2,"minecraft:iron_pickaxe":12,"minecraft:iron_boots":14,"minecraft:furnace":16,"minecraft:stick":767,"minecraft:torch":123,"minecraft:spruce_stairs":7,"minecraft:porkchop":57,"twilightforest:nagastone_pillar_weathered":2,"minecraft:diorite":77,"twilightforest:nagastone_pillar_mossy":2,"minecraft:cactus":26,"minecraft:rotten_flesh":612,"minecraft:obsidian":20,"minecraft:cobblestone":4805,"tconstruct:seared_bricks":12,"minecraft:leather_chestplate":1,"twilightforest:shader_bag_twilight":2,"minecraft:magma_cream":12,"twilightforest:twilight_oak_log":4,"minecraft:andesite":494,"minecraft:golden_leggings":1,"minecraft:potato":16,"evilcraft:flesh_humanoid":3,"minecraft:dirt":6755,"minecraft:lapis_lazuli":728,"minecraft:stripped_birch_log":9,"minecraft:bone":311,"minecraft:bow":13,"minecraft:wheat_seeds":325,"minecraft:bell":2,"minecraft:light_blue_dye":11,"minecraft:grindstone":3,"minecraft:powered_rail":6,"minecraft:fletching_table":4,"minecraft:mossy_stone_bricks":5,"minecraft:bamboo":2,"minecraft:oak_planks":50,"tconstruct:necrotic_bone":2,"minecraft:cooked_porkchop":37,"minecraft:poisonous_potato":2,"minecraft:sand":4939,"farlanders:titan_hide":5,"integrateddynamics:squeezer":4,"minecraft:grass_block":28,"minecraft:chiseled_sandstone":321,"minecraft:orange_wool":1,"minecraft:mossy_cobblestone":5,"immersiveengineering:ore_silver":1,"minecraft:sugar":11,"twilightforest:twilight_oak_sapling":8,"minecraft:diamond":193,"tconstruct:seared_basin":2,"minecraft:cracked_polished_blackstone_bricks":13,"minecraft:crossbow":2,"minecraft:bone_meal":18,"minecraft:emerald":71,"minecraft:oak_sapling":123,"minecraft:netherrack":3817,"twilightforest:torchberries":13,"minecraft:chicken":19,"minecraft:brown_mushroom":1,"minecraft:gold_block":29,"minecraft:shield":17,"minecraft:iron_axe":29,"farlanders:ender_horn":6,"minecraft:item_frame":1,"minecraft:blackstone":58,"minecraft:oak_boat":3,"minecraft:observer":2,"minecraft:light_gray_wool":1,"minecraft:sugar_cane":190,"minecraft:phantom_membrane":3,"tconstruct:blood_slime_ball":116,"minecraft:polished_blackstone_bricks":23,"twilightforest:zombie_scepter":2,"tconstruct:ichor_slime_ball":108,"minecraft:iron_horse_armor":11,"minecraft:stone_pressure_plate":8,"minecraft:arrow":125,"tconstruct:grout":1,"minecraft:nether_bricks":26,"twilightforest:etched_nagastone":9,"minecraft:saddle":8,"minecraft:glistering_melon_slice":10,"minecraft:purple_dye":2,"minecraft:basalt":21,"minecraft:cut_sandstone":320,"minecraft:leather":31,"farlanders:mystic_wand_ore":1,"minecraft:birch_planks":287,"minecraft:gunpowder":310,"minecraft:cobblestone_wall":1,"minecraft:cobblestone_stairs":76,"twilightforest:twilight_oak_planks":4,"minecraft:orange_terracotta":19,"minecraft:cooked_mutton":23,"industrialforegoing:latex_processing_unit":2,"minecraft:rabbit_hide":2,"minecraft:heart_of_the_sea":2,"minecraft:iron_ingot":601,"minecraft:cooked_chicken":6,"minecraft:acacia_sapling":256,"minecraft:soul_sand":1361,"minecraft:green_dye":1,"minecraft:book":39,"minecraft:oak_slab":4,"minecraft:stone_brick_slab":1,"minecraft:quartz":195,"minecraft:dandelion":1,"mekanismtools:lapis_lazuli_boots":1,"minecraft:blast_furnace":9,"minecraft:white_bed":9,"minecraft:gold_ore":127,"minecraft:spider_eye":77,"immersive_armors:wooden_chestplate":1,"evilcraft:dark_gem":53,"minecraft:iron_helmet":11,"mekanism:fluorite_gem":82,"minecraft:coal":1633,"minecraft:sunflower":1},"minecraft:custom":{"minecraft:interact_with_crafting_table":165,"minecraft:bell_ring":10,"minecraft:leave_game":25,"minecraft:time_since_death":340919,"minecraft:damage_blocked_by_shield":9240,"minecraft:deaths":40,"minecraft:jump":15932,"minecraft:interact_with_furnace":136,"minecraft:traded_with_villager":261,"minecraft:sleep_in_bed":50,"minecraft:damage_dealt":92381,"minecraft:interact_with_smoker":49,"minecraft:horse_one_cm":252917,"minecraft:interact_with_smithing_table":4,"minecraft:interact_with_anvil":5,"minecraft:inspect_hopper":5,"minecraft:sneak_time":35419,"minecraft:interact_with_blast_furnace":137,"minecraft:interact_with_stonecutter":18,"minecraft:time_since_rest":12115,"minecraft:swim_one_cm":869561,"minecraft:fly_one_cm":3262849,"minecraft:open_chest":1295,"minecraft:fall_one_cm":654895,"minecraft:sprint_one_cm":5957861,"minecraft:drop":318,"minecraft:talked_to_villager":126,"minecraft:interact_with_brewingstand":2,"minecraft:walk_on_water_one_cm":285066,"minecraft:play_one_minute":1884463,"minecraft:crouch_one_cm":127703,"minecraft:mob_kills":801,"minecraft:damage_dealt_resisted":152,"minecraft:climb_one_cm":8692,"minecraft:walk_one_cm":5749109,"minecraft:walk_under_water_one_cm":206772,"minecraft:raid_trigger":1,"minecraft:interact_with_grindstone":3,"minecraft:damage_taken":32904,"minecraft:damage_absorbed":40,"minecraft:trigger_trapped_chest":4},"minecraft:killed_by":{"minecraft:ravager":4,"twilightforest:death_tome":1,"minecraft:vindicator":15,"farlanders:rebel":1,"minecraft:zombie":3,"minecraft:vex":2,"minecraft:creeper":3,"farlanders:fanmade_enderman":4,"minecraft:player":1,"minecraft:skeleton":3},"minecraft:mined":{"minecraft:white_bed":9,"tconstruct:seared_drain":1,"minecraft:obsidian":21,"minecraft:granite":163,"minecraft:chiseled_polished_blackstone":1,"minecraft:acacia_log":652,"minecraft:hopper":1,"integrateddynamics:menril_log":24,"minecraft:oak_wall_sign":3,"minecraft:nether_wart":33,"minecraft:spawner":1,"minecraft:polished_blackstone_bricks":28,"indreb:rubber_leaves":7,"minecraft:magma_block":105,"minecraft:fire":35,"tconstruct:cobalt_ore":10,"tconstruct:ichor_slime_dirt":2,"tconstruct:seared_melter":2,"minecraft:cut_sandstone":168,"minecraft:kelp_plant":1,"minecraft:smoker":11,"minecraft:crimson_nylium":4,"minecraft:soul_fire":2,"minecraft:torch":15,"minecraft:blast_furnace":9,"minecraft:dead_bush":12,"mekanism:tin_ore":2,"minecraft:glass":6,"minecraft:sugar_cane":83,"minecraft:birch_sapling":4,"tconstruct:seared_faucet":3,"minecraft:wheat":41,"minecraft:stone_brick_stairs":3,"minecraft:grass":106,"minecraft:stonecutter":1,"twilightforest:canopy_log":5,"indreb:tin_ore":15,"twilightforest:firefly":2,"simpleplanes:plane_workbench":1,"minecraft:mossy_cobblestone":5,"minecraft:stripped_birch_log":9,"minecraft:nether_bricks":307,"minecraft:crimson_roots":4,"minecraft:redstone_wire":2,"tconstruct:blood_congealed_slime":29,"immersiveengineering:ore_silver":1,"minecraft:redstone_ore":293,"minecraft:andesite":469,"twilightforest:twilight_oak_leaves":6,"minecraft:vine":3,"minecraft:rail":1,"tconstruct:earth_congealed_slime":52,"tconstruct:copper_ore":1,"minecraft:glass_pane":8,"minecraft:soul_sand":1358,"minecraft:stone_brick_slab":1,"minecraft:observer":2,"minecraft:emerald_ore":17,"minecraft:tall_grass":17,"minecraft:diorite":81,"minecraft:purple_bed":1,"tconstruct:blood_ichor_slime_grass":1,"minecraft:spruce_log":674,"minecraft:birch_leaves":9,"minecraft:sunflower":1,"minecraft:gravel":914,"twilightforest:moss_patch":5,"minecraft:cobweb":2,"minecraft:stone_bricks":6,"minecraft:gold_ore":92,"minecraft:fern":6,"minecraft:stone_pressure_plate":1,"minecraft:spruce_planks":29,"minecraft:cobblestone_stairs":71,"tconstruct:seared_bricks":12,"minecraft:brewing_stand":2,"minecraft:grass_block":3113,"integrateddynamics:squeezer":3,"minecraft:cracked_polished_blackstone_bricks":16,"minecraft:soul_soil":133,"minecraft:sandstone_stairs":19,"tconstruct:seared_table":5,"tconstruct:seared_ingot_gauge":1,"minecraft:glowstone":17,"minecraft:iron_ore":623,"tconstruct:ichor_congealed_slime":27,"minecraft:blackstone":111,"minecraft:melon_stem":1,"minecraft:orange_terracotta":5,"minecraft:clay":174,"twilightforest:torchberry_plant":3,"tconstruct:scorched_bricks":11,"minecraft:chest":5,"twilightforest:twilight_oak_log":4,"minecraft:nether_quartz_ore":164,"minecraft:cobblestone":309,"minecraft:grindstone":1,"minecraft:oak_planks":10,"minecraft:wall_torch":6,"minecraft:seagrass":3,"minecraft:blue_terracotta":1,"minecraft:dark_oak_door":1,"mekanism:fluorite_ore":20,"minecraft:birch_log":807,"twilightforest:root":7,"minecraft:tnt":9,"integrateddynamics:menril_log_filled":2,"minecraft:oak_log":295,"minecraft:beetroots":9,"mctb:birch_crafting_table":1,"minecraft:sand":5009,"minecraft:dirt":4928,"tconstruct:seared_heater":1,"industrialforegoing:latex_processing_unit":1,"mekanism:basic_universal_cable":1,"minecraft:netherrack":9746,"minecraft:ancient_debris":4,"minecraft:oak_leaves":131,"minecraft:nether_gold_ore":40,"minecraft:diamond_ore":138,"immersiveengineering:ore_copper":1,"minecraft:oak_door":9,"minecraft:lever":2,"gravestone:gravestone":11,"minecraft:weeping_vines":1,"minecraft:spruce_leaves":23,"minecraft:sandstone":412,"minecraft:large_fern":6,"minecraft:hay_block":137,"tconstruct:grout":1,"minecraft:furnace":15,"twilightforest:naga_trophy":1,"minecraft:chiseled_sandstone":93,"evilcraft:dark_ore":12,"minecraft:gold_block":29,"minecraft:nether_brick_fence":3,"minecraft:bookshelf":20,"minecraft:lantern":7,"minecraft:stone":4832,"twilightforest:root_strand":5,"minecraft:infested_stone_bricks":1,"minecraft:basalt":22,"minecraft:crafting_table":9,"tconstruct:seared_basin":8,"minecraft:stone_slab":1,"minecraft:lapis_ore":74,"minecraft:spruce_stairs":7,"minecraft:birch_planks":9,"indreb:copper_ore":7,"minecraft:redstone_torch":4,"minecraft:grass_path":228,"minecraft:coal_ore":792,"evilcraft:blood_stain":1,"minecraft:flower_pot":2,"minecraft:cracked_stone_bricks":2,"minecraft:polished_andesite":6,"minecraft:mossy_stone_bricks":3},"minecraft:dropped":{"mekanism:osmium_ore":1,"minecraft:lapis_lazuli":151,"minecraft:diamond":46,"twilightforest:naga_stone":2,"minecraft:cracked_stone_bricks":2,"minecraft:red_mushroom":1,"minecraft:gold_block":1,"minecraft:emerald":49,"minecraft:dirt":3836,"minecraft:gold_nugget":17,"minecraft:bone_meal":3,"twilightforest:nagastone_pillar_mossy":2,"minecraft:sand":8,"minecraft:sugar":2,"minecraft:iron_pickaxe":1,"minecraft:bone":55,"minecraft:stone_axe":1,"mekanism:tin_ore":1,"minecraft:sugar_cane":28,"minecraft:golden_chestplate":1,"minecraft:wheat":189,"minecraft:obsidian":20,"minecraft:rotten_flesh":86,"minecraft:oak_planks":1,"minecraft:glowstone_dust":1,"minecraft:nether_brick_fence":1,"minecraft:acacia_sapling":256,"mekanismtools:lapis_lazuli_boots":1,"mekanism:fluorite_gem":6,"minecraft:golden_boots":3,"minecraft:iron_ingot":32,"minecraft:wheat_seeds":5,"twilightforest:canopy_sapling":4,"minecraft:iron_helmet":1,"minecraft:cobblestone":793,"minecraft:granite":77,"twilightforest:etched_nagastone":6,"spookyarms:pumpkin_pistol":1,"minecraft:coal":165,"tconstruct:necrotic_bone":1,"twilightforest:twilight_oak_planks":16,"minecraft:white_banner":1,"minecraft:spruce_sapling":1,"minecraft:stone_sword":1,"minecraft:cobblestone_wall":1,"minecraft:smooth_stone_slab":7,"minecraft:orange_wool":1,"minecraft:blast_furnace":1,"minecraft:diamond_sword":1,"minecraft:cobblestone_slab":3,"minecraft:potato":3,"minecraft:stone":192,"fabledweaponry:dagger_stone":1,"minecraft:spider_eye":3,"minecraft:bow":1,"minecraft:gold_ore":31,"minecraft:soul_sand":7,"minecraft:brown_mushroom":1,"minecraft:birch_planks":131,"minecraft:ender_pearl":2,"integrateddynamics:squeezer":1,"twilightforest:naga_scale":1,"minecraft:cobblestone_stairs":2,"minecraft:cracked_polished_blackstone_bricks":4,"minecraft:netherite_scrap":1,"minecraft:mutton":7,"minecraft:crimson_roots":4,"gravestone:obituary":10,"immersive_armors:wooden_chestplate":1,"minecraft:gold_ingot":28,"minecraft:gravel":23,"twilightforest:nagastone_pillar_weathered":2,"minecraft:chiseled_polished_blackstone":1,"mekanism:ingot_osmium":1,"minecraft:blackstone":7,"twilightforest:torchberries":5,"minecraft:carrot":1,"minecraft:poppy":2,"minecraft:gunpowder":9,"minecraft:iron_ore":78,"minecraft:basalt":3,"minecraft:quartz":23,"minecraft:written_book":2,"twilightforest:nagastone_pillar":1,"minecraft:netherrack":30,"minecraft:bread":3,"minecraft:mossy_cobblestone":1,"minecraft:poisonous_potato":4,"minecraft:golden_axe":1,"minecraft:observer":4,"evilcraft:dark_gem":53,"minecraft:acacia_log":642,"minecraft:grass_block":28,"minecraft:stick":4,"minecraft:diorite":10,"minecraft:brewing_stand":1,"mekanism:ingot_copper":3,"minecraft:torch":1,"twilightforest:spiral_bricks":10,"minecraft:green_dye":1,"integrateddynamics:crystalized_menril_chunk":2,"minecraft:brown_wool":1,"minecraft:iron_leggings":1,"minecraft:iron_axe":2,"minecraft:redstone":258,"cgm:rifle":2,"integrateddynamics:menril_log":1,"minecraft:light_gray_wool":1,"minecraft:flint_and_steel":1,"minecraft:iron_chestplate":1,"minecraft:andesite":34,"minecraft:mossy_stone_bricks":5,"minecraft:golden_leggings":1,"minecraft:golden_sword":1,"minecraft:slime_ball":80},"minecraft:used":{"minecraft:beetroot":1,"minecraft:spruce_slab":18,"minecraft:poppy":1,"minecraft:chest":29,"minecraft:stone":4,"minecraft:rotten_flesh":1,"minecraft:soul_sand":71,"twilightforest:etched_nagastone":3,"minecraft:lava_bucket":1,"minecraft:birch_sapling":182,"tconstruct:seared_faucet":5,"simpleplanes:plane":2,"minecraft:bow":217,"minecraft:furnace":20,"minecraft:egg":1,"minecraft:seagrass":1,"minecraft:emerald_ore":9,"minecraft:diorite":3,"minecraft:cactus":2,"minecraft:wooden_pickaxe":77,"minecraft:golden_apple":1,"minecraft:sand":676,"tconstruct:copper_ore":1,"minecraft:blast_furnace":12,"minecraft:chiseled_sandstone":122,"minecraft:birch_slab":4,"minecraft:diamond_ore":102,"minecraft:diamond_sword":687,"minecraft:birch_log":743,"minecraft:stone_sword":38,"minecraft:acacia_log":651,"minecraft:netherrack":291,"tconstruct:seared_drain":3,"minecraft:torch":275,"tconstruct:scorched_bricks":11,"minecraft:brewing_stand":1,"minecraft:anvil":1,"minecraft:ancient_debris":3,"minecraft:nether_quartz_ore":11,"minecraft:golden_shovel":32,"tconstruct:seared_heater":2,"minecraft:light_weighted_pressure_plate":1,"minecraft:iron_axe":710,"carryon:entity_item":4,"minecraft:basalt":18,"minecraft:iron_trapdoor":1,"minecraft:orange_terracotta":4,"minecraft:observer":8,"minecraft:water_bucket":8,"minecraft:sandstone_stairs":24,"minecraft:birch_planks":188,"minecraft:polished_blackstone_bricks":5,"minecraft:mossy_cobblestone":4,"minecraft:rail":2,"minecraft:oak_slab":4,"minecraft:tnt":2,"minecraft:crafting_table":11,"minecraft:white_bed":11,"minecraft:spruce_log":633,"minecraft:oak_log":202,"minecraft:diamond_pickaxe":14445,"minecraft:diamond_shovel":3666,"farlanders:nightfall_sword":46,"tconstruct:seared_table":7,"minecraft:iron_pickaxe":4859,"minecraft:spruce_pressure_plate":1,"minecraft:spruce_sapling":2,"mekanism:fluorite_ore":20,"minecraft:cobblestone":336,"tconstruct:seared_melter":3,"minecraft:purple_bed":1,"minecraft:cooked_porkchop":58,"minecraft:dandelion":1,"tconstruct:grout":1,"fabledweaponry:dagger_stone":4,"minecraft:iron_shovel":3002,"minecraft:oak_sign":9,"minecraft:shield":145,"minecraft:iron_sword":606,"minecraft:bell":2,"tconstruct:seared_fuel_tank":2,"mekanism:basic_universal_cable":1,"minecraft:obsidian":8,"integrateddynamics:squeezer":4,"minecraft:glass":24,"minecraft:coal_ore":60,"minecraft:lantern":10,"minecraft:stone_bricks":3,"minecraft:item_frame":1,"minecraft:golden_sword":1,"immersiveengineering:ore_copper":1,"minecraft:written_book":1,"tconstruct:seared_fuel_gauge":2,"tconstruct:smeltery_controller":1,"twilightforest:naga_trophy":1,"minecraft:stone_pickaxe":131,"minecraft:sandstone":63,"minecraft:sugar_cane":34,"minecraft:diamond_axe":305,"integrateddynamics:menril_log":18,"minecraft:crossbow":25,"minecraft:redstone_torch":4,"minecraft:lever":4,"minecraft:bread":398,"minecraft:gravel":27,"minecraft:grindstone":1,"tconstruct:crafting_station":1,"minecraft:cooked_rabbit":3,"minecraft:air":1,"minecraft:flint_and_steel":8,"minecraft:redstone_ore":94,"minecraft:redstone":16,"minecraft:spruce_planks":596,"minecraft:cooked_chicken":8,"minecraft:oak_door":12,"tconstruct:seared_ingot_gauge":2,"minecraft:dirt":277,"minecraft:hopper":4,"minecraft:spruce_stairs":77,"tconstruct:seared_bricks":89,"mctb:birch_crafting_table":1,"cgm:rifle":96,"minecraft:granite":11,"minecraft:wooden_axe":32,"minecraft:bookshelf":11,"minecraft:soul_soil":1,"minecraft:cooked_beef":72,"minecraft:cooked_mutton":8,"industrialforegoing:pitiful_generator":1,"minecraft:cobblestone_stairs":81,"minecraft:polished_andesite":358,"minecraft:cut_sandstone":257,"minecraft:stonecutter":2,"industrialforegoing:latex_processing_unit":2,"tconstruct:seared_basin":8,"minecraft:smoker":16,"minecraft:piston":14,"twilightforest:firefly":2,"minecraft:cracked_polished_blackstone_bricks":2,"minecraft:lapis_ore":26,"minecraft:stone_axe":37,"minecraft:white_banner":1,"minecraft:bucket":32},"minecraft:broken":{"minecraft:diamond_helmet":1,"minecraft:iron_boots":1,"minecraft:golden_sword":1,"minecraft:diamond_pickaxe":2,"minecraft:iron_sword":1,"minecraft:shield":2,"minecraft:iron_axe":5,"minecraft:iron_pickaxe":16,"minecraft:golden_helmet":1,"minecraft:iron_shovel":12,"minecraft:golden_shovel":1,"minecraft:stone_pickaxe":1},"minecraft:killed":{"farlanders:fanmade_enderman":5,"tconstruct:sky_slime":22,"minecraft:skeleton":89,"twilightforest:lich":1,"minecraft:chicken":19,"minecraft:magma_cube":179,"farlanders:rebel":14,"minecraft:pillager":8,"minecraft:zombie":117,"minecraft:cow":32,"minecraft:evoker":1,"minecraft:vindicator":3,"mekanismadditions:baby_skeleton":6,"twilightforest:death_tome":14,"twilightforest:tiny_bird":1,"farlanders:classic_enderman":2,"minecraft:husk":19,"minecraft:rabbit":8,"twilightforest:kobold":7,"minecraft:wandering_trader":1,"farlanders:mystic_enderman":1,"evilcraft:poisonous_libelle":1,"minecraft:enderman":3,"twilightforest:bighorn_sheep":3,"minecraft:witch":3,"minecraft:spider":27,"minecraft:turtle":3,"minecraft:piglin_brute":4,"minecraft:piglin":46,"minecraft:pig":26,"minecraft:creeper":27,"farlanders:titan":1,"twilightforest:skeleton_druid":10,"minecraft:sheep":24,"minecraft:trader_llama":1,"minecraft:ghast":2,"minecraft:blaze":3,"minecraft:phantom":4,"twilightforest:naga":1,"twilightforest:swarm_spider":1,"minecraft:drowned":3,"farlanders:looter":10,"minecraft:bat":5,"farlanders:ender_golem":3,"minecraft:hoglin":4,"minecraft:wither_skeleton":10},"minecraft:crafted":{"minecraft:smooth_stone":17,"minecraft:oak_sign":6,"minecraft:cut_sandstone":132,"mekanism:ingot_osmium":2,"minecraft:birch_slab":6,"minecraft:lever":2,"immersiveengineering:ingot_nickel":6,"minecraft:nether_brick":64,"minecraft:cooked_mutton":8,"tconstruct:seared_melter":1,"minecraft:glass":113,"immersiveengineering:ingot_silver":9,"minecraft:diamond_helmet":2,"minecraft:diamond_leggings":1,"minecraft:cooked_rabbit":4,"mekanism:ingot_tin":22,"minecraft:emerald":255,"minecraft:cooked_porkchop":40,"tconstruct:scorched_brick":46,"minecraft:iron_pickaxe":16,"minecraft:gold_ingot":378,"minecraft:sandstone":393,"tconstruct:scorched_bricks":11,"mctb:birch_crafting_table":2,"tconstruct:seared_basin":3,"minecraft:bone_meal":255,"integrateddynamics:menril_planks":12,"mekanism:ingot_uranium":6,"minecraft:spruce_stairs":80,"twilightforest:twilight_oak_planks":16,"minecraft:spruce_slab":24,"minecraft:stone_pickaxe":1,"minecraft:diamond_boots":1,"twilightforest:canopy_planks":20,"simpleplanes:propeller":2,"tconstruct:cobalt_ingot":10,"minecraft:wheat":1209,"tconstruct:nether_grout":46,"simpleplanes:furnace_engine":1,"minecraft:sandstone_slab":6,"minecraft:enchanted_book":1,"fabledweaponry:dagger_stone":1,"minecraft:wooden_axe":1,"minecraft:iron_shovel":5,"minecraft:iron_leggings":2,"minecraft:white_bed":2,"minecraft:oak_planks":580,"minecraft:cooked_chicken":13,"minecraft:stone":21,"immersiveengineering:ingot_copper":1,"minecraft:spruce_pressure_plate":1,"minecraft:hopper":1,"minecraft:iron_boots":3,"farlanders:nightfall_sword":1,"immersiveengineering:ingot_lead":4,"tconstruct:seared_brick":250,"minecraft:chest":21,"simpleplanes:plane":1,"immersiveengineering:ingot_aluminum":7,"minecraft:smoker":5,"integrateddynamics:squeezer":1,"minecraft:crafting_table":6,"minecraft:spruce_planks":1448,"minecraft:wooden_pickaxe":2,"minecraft:iron_helmet":3,"minecraft:birch_planks":3156,"minecraft:book":19,"minecraft:iron_chestplate":2,"minecraft:paper":93,"minecraft:shield":3,"minecraft:light_weighted_pressure_plate":7,"minecraft:stick":7859,"minecraft:iron_ingot":583,"minecraft:stone_sword":1,"minecraft:redstone_torch":1,"tconstruct:seared_bricks":66,"tconstruct:seared_fuel_gauge":2,"minecraft:polished_andesite":360,"minecraft:oak_door":6,"tconstruct:pattern":3,"minecraft:furnace":16,"minecraft:blast_furnace":6,"minecraft:piston":14,"minecraft:iron_axe":4,"tconstruct:seared_table":2,"minecraft:chiseled_sandstone":3,"minecraft:netherite_scrap":3,"minecraft:observer":10,"minecraft:cooked_beef":61,"minecraft:iron_trapdoor":1,"minecraft:iron_sword":2,"minecraft:bucket":3,"minecraft:stone_axe":1,"minecraft:air":0,"minecraft:bread":426,"mekanism:ingot_copper":6,"tconstruct:seared_ingot_gauge":1,"tconstruct:crafting_station":1,"tconstruct:seared_faucet":2,"minecraft:anvil":1,"minecraft:andesite":106,"minecraft:acacia_planks":4,"minecraft:torch":284,"minecraft:diamond_chestplate":1}},"DataVersion":2586}