{"stats":{"minecraft:killed_by":{"minecraft:player":1,"minecraft:creeper":3,"minecraft:ravager":4,"minecraft:vindicator":15,"minecraft:skeleton":1,"minecraft:zombie":2,"minecraft:vex":2},"minecraft:custom":{"minecraft:mob_kills":196,"minecraft:interact_with_crafting_table":55,"minecraft:bell_ring":6,"minecraft:leave_game":5,"minecraft:time_since_death":20734,"minecraft:climb_one_cm":2227,"minecraft:sprint_one_cm":1722359,"minecraft:walk_one_cm":1252943,"minecraft:damage_blocked_by_shield":4070,"minecraft:drop":23,"minecraft:talked_to_villager":8,"minecraft:sneak_time":4608,"minecraft:deaths":28,"minecraft:walk_under_water_one_cm":24057,"minecraft:jump":4327,"minecraft:interact_with_blast_furnace":18,"minecraft:walk_on_water_one_cm":80247,"minecraft:interact_with_furnace":44,"minecraft:play_one_minute":372685,"minecraft:raid_trigger":1,"minecraft:sleep_in_bed":10,"minecraft:time_since_rest":3848,"minecraft:damage_taken":13820,"minecraft:damage_dealt":26809,"minecraft:swim_one_cm":131023,"minecraft:fly_one_cm":567551,"minecraft:open_chest":86,"minecraft:crouch_one_cm":19145,"minecraft:interact_with_smoker":24,"minecraft:fall_one_cm":45742},"minecraft:crafted":{"minecraft:smooth_stone":14,"minecraft:oak_planks":24,"minecraft:cut_sandstone":16,"minecraft:cooked_chicken":13,"minecraft:furnace":6,"minecraft:blast_furnace":2,"minecraft:stone":14,"minecraft:cooked_mutton":8,"minecraft:iron_boots":2,"minecraft:iron_axe":3,"minecraft:stone_pickaxe":1,"minecraft:chest":4,"minecraft:chiseled_sandstone":3,"minecraft:cooked_rabbit":3,"minecraft:smoker":2,"minecraft:wheat":239,"minecraft:cooked_beef":15,"minecraft:cooked_porkchop":36,"minecraft:crafting_table":4,"minecraft:spruce_planks":88,"minecraft:iron_helmet":2,"minecraft:wooden_pickaxe":1,"minecraft:iron_sword":2,"minecraft:sandstone_slab":6,"minecraft:bucket":2,"minecraft:birch_planks":96,"minecraft:stone_axe":1,"minecraft:bread":84,"minecraft:air":0,"minecraft:iron_chestplate":2,"minecraft:book":17,"minecraft:paper":93,"minecraft:shield":2,"minecraft:stick":64,"minecraft:iron_ingot":251,"minecraft:iron_pickaxe":5,"minecraft:wooden_axe":1,"minecraft:stone_sword":1,"minecraft:iron_shovel":3,"minecraft:iron_leggings":2,"minecraft:gold_ingot":28,"minecraft:sandstone":83,"minecraft:white_bed":2,"minecraft:torch":144},"minecraft:mined":{"minecraft:spruce_planks":8,"minecraft:stone_pressure_plate":1,"minecraft:white_bed":1,"minecraft:stripped_birch_log":8,"minecraft:brewing_stand":1,"minecraft:granite":7,"minecraft:grass_block":18,"minecraft:spruce_leaves":15,"minecraft:sandstone":200,"minecraft:large_fern":2,"minecraft:hay_block":61,"minecraft:redstone_ore":41,"minecraft:magma_block":14,"minecraft:furnace":7,"minecraft:iron_ore":250,"minecraft:chiseled_sandstone":22,"minecraft:bookshelf":8,"minecraft:vine":3,"minecraft:stone":185,"minecraft:cut_sandstone":40,"minecraft:melon_stem":1,"minecraft:smoker":4,"minecraft:orange_terracotta":5,"minecraft:stone_brick_slab":1,"minecraft:torch":3,"minecraft:crafting_table":8,"minecraft:chest":3,"minecraft:dead_bush":6,"minecraft:stone_slab":1,"minecraft:tall_grass":2,"minecraft:cobblestone":9,"minecraft:grindstone":1,"minecraft:lapis_ore":12,"minecraft:oak_planks":5,"minecraft:sugar_cane":49,"minecraft:diorite":3,"minecraft:wall_torch":1,"minecraft:seagrass":1,"minecraft:birch_planks":1,"minecraft:blue_terracotta":1,"minecraft:birch_log":60,"minecraft:wheat":38,"minecraft:spruce_log":23,"minecraft:birch_leaves":9,"minecraft:tnt":9,"minecraft:stone_brick_stairs":2,"minecraft:grass":31,"minecraft:oak_log":40,"minecraft:coal_ore":385,"minecraft:beetroots":8,"minecraft:gravel":29,"minecraft:sand":710,"minecraft:dirt":16,"minecraft:stonecutter":1,"minecraft:stone_bricks":1,"minecraft:netherrack":175,"minecraft:gold_ore":26,"minecraft:oak_leaves":5,"minecraft:fern":1},"minecraft:broken":{"minecraft:iron_shovel":2,"minecraft:stone_pickaxe":1,"minecraft:shield":1,"minecraft:iron_axe":1,"minecraft:iron_pickaxe":4},"minecraft:dropped":{"minecraft:wheat_seeds":1,"minecraft:granite":5,"minecraft:dirt":2,"minecraft:diorite":3,"minecraft:mutton":2,"minecraft:white_banner":1,"minecraft:sand":8,"minecraft:sugar":2,"minecraft:spruce_sapling":1,"minecraft:stone_axe":1,"minecraft:sugar_cane":1,"minecraft:stone_sword":1,"minecraft:wheat":185,"minecraft:spider_eye":3,"minecraft:bow":1},"minecraft:picked_up":{"minecraft:seagrass":15,"minecraft:crafting_table":9,"minecraft:iron_chestplate":16,"minecraft:wheat":227,"minecraft:chicken":13,"minecraft:stone_slab":2,"minecraft:enchanted_book":14,"minecraft:stone_brick_stairs":2,"minecraft:brewing_stand":1,"minecraft:shield":15,"minecraft:string":17,"minecraft:iron_axe":27,"minecraft:iron_leggings":16,"minecraft:iron_shovel":13,"minecraft:cracked_stone_bricks":1,"minecraft:bucket":1,"minecraft:spruce_planks":132,"minecraft:beef":28,"minecraft:poppy":4,"minecraft:iron_pickaxe":9,"minecraft:sugar_cane":110,"minecraft:chest":4,"minecraft:iron_boots":13,"minecraft:furnace":8,"minecraft:stick":148,"minecraft:sandstone":309,"minecraft:torch":80,"minecraft:porkchop":53,"minecraft:diorite":5,"minecraft:redstone":748,"minecraft:iron_horse_armor":11,"minecraft:stone_pressure_plate":8,"minecraft:tnt":45,"minecraft:arrow":62,"minecraft:cactus":14,"minecraft:rotten_flesh":405,"minecraft:beetroot_seeds":8,"minecraft:hay_block":61,"minecraft:saddle":8,"minecraft:glistering_melon_slice":10,"minecraft:totem_of_undying":2,"minecraft:mutton":17,"minecraft:white_wool":9,"minecraft:cobblestone":492,"minecraft:birch_log":60,"minecraft:magma_block":16,"minecraft:feather":10,"minecraft:water_bucket":1,"minecraft:cut_sandstone":192,"minecraft:leather":17,"minecraft:smoker":4,"minecraft:birch_planks":105,"minecraft:flint":17,"minecraft:oak_log":40,"minecraft:golden_boots":1,"minecraft:gunpowder":285,"minecraft:lapis_lazuli":225,"minecraft:stripped_birch_log":8,"minecraft:dirt":34,"minecraft:paper":6,"minecraft:white_banner":40,"minecraft:orange_terracotta":19,"minecraft:bone":211,"minecraft:stone_bricks":2,"minecraft:stonecutter":1,"minecraft:bow":9,"minecraft:wheat_seeds":93,"minecraft:grindstone":1,"minecraft:bell":1,"minecraft:rabbit_hide":2,"minecraft:iron_ingot":572,"minecraft:iron_ore":347,"minecraft:rabbit":8,"minecraft:glass_bottle":48,"minecraft:iron_sword":25,"minecraft:oak_planks":28,"minecraft:book":24,"minecraft:cooked_porkchop":37,"minecraft:stone_brick_slab":1,"minecraft:gravel":56,"minecraft:sand":731,"minecraft:spruce_sapling":3,"minecraft:white_bed":1,"minecraft:spruce_log":23,"minecraft:gold_ore":61,"minecraft:chiseled_sandstone":250,"minecraft:spider_eye":71,"minecraft:blue_terracotta":10,"minecraft:sugar":10,"minecraft:iron_helmet":10,"minecraft:granite":39,"minecraft:bread":140,"minecraft:golden_horse_armor":1,"minecraft:emerald":46,"minecraft:oak_sapling":1,"minecraft:netherrack":256,"minecraft:coal":880},"minecraft:used":{"minecraft:stone_sword":38,"minecraft:iron_shovel":623,"minecraft:chest":8,"minecraft:spruce_planks":8,"minecraft:shield":84,"minecraft:iron_sword":271,"minecraft:cooked_chicken":8,"minecraft:torch":142,"minecraft:dirt":26,"minecraft:granite":2,"minecraft:obsidian":2,"minecraft:wooden_axe":32,"minecraft:lava_bucket":1,"minecraft:iron_axe":352,"minecraft:bow":44,"minecraft:furnace":7,"minecraft:cooked_beef":15,"minecraft:orange_terracotta":4,"minecraft:cooked_mutton":8,"minecraft:water_bucket":1,"minecraft:diorite":2,"minecraft:birch_planks":61,"minecraft:stone_pickaxe":131,"minecraft:cactus":2,"minecraft:wooden_pickaxe":52,"minecraft:sandstone":12,"minecraft:cut_sandstone":2,"minecraft:sugar_cane":15,"minecraft:sand":279,"minecraft:crafting_table":9,"minecraft:blast_furnace":2,"minecraft:white_bed":3,"minecraft:smoker":6,"minecraft:chiseled_sandstone":3,"minecraft:bread":28,"minecraft:iron_pickaxe":1217,"minecraft:spruce_sapling":1,"minecraft:gravel":27,"minecraft:stone_axe":37,"minecraft:cobblestone":44,"minecraft:white_banner":1,"minecraft:cooked_porkchop":27,"minecraft:cooked_rabbit":3,"minecraft:bucket":3},"minecraft:killed":{"minecraft:evoker":1,"minecraft:witch":3,"minecraft:spider":14,"minecraft:vindicator":3,"minecraft:skeleton":31,"minecraft:chicken":13,"minecraft:drowned":2,"minecraft:turtle":2,"minecraft:husk":10,"minecraft:pig":26,"minecraft:rabbit":8,"minecraft:bat":3,"minecraft:creeper":11,"minecraft:sheep":9,"minecraft:pillager":8,"minecraft:zombie":23,"minecraft:enderman":1,"minecraft:cow":17}},"DataVersion":2586}