{"stats":{"minecraft:mined":{"minecraft:stone_pressure_plate":1,"minecraft:spruce_planks":8,"minecraft:white_bed":2,"minecraft:brewing_stand":1,"minecraft:granite":7,"minecraft:acacia_log":1,"minecraft:grass_block":18,"minecraft:oak_wall_sign":3,"minecraft:sandstone_stairs":19,"minecraft:magma_block":15,"minecraft:iron_ore":257,"minecraft:cut_sandstone":168,"minecraft:kelp_plant":1,"minecraft:melon_stem":1,"minecraft:smoker":6,"minecraft:orange_terracotta":5,"minecraft:torch":3,"minecraft:blast_furnace":2,"minecraft:chest":4,"minecraft:dead_bush":6,"minecraft:glass":6,"minecraft:nether_quartz_ore":33,"minecraft:cobblestone":9,"minecraft:grindstone":1,"minecraft:sugar_cane":64,"minecraft:oak_planks":7,"minecraft:wall_torch":1,"minecraft:seagrass":1,"minecraft:blue_terracotta":1,"minecraft:birch_log":60,"minecraft:wheat":41,"minecraft:tnt":9,"minecraft:stone_brick_stairs":3,"minecraft:grass":44,"minecraft:oak_log":62,"minecraft:beetroots":9,"minecraft:sand":4826,"minecraft:dirt":16,"minecraft:stonecutter":1,"minecraft:netherrack":185,"minecraft:oak_leaves":9,"minecraft:oak_door":9,"minecraft:stripped_birch_log":8,"gravestone:gravestone":3,"minecraft:spruce_leaves":15,"minecraft:sandstone":379,"minecraft:large_fern":2,"minecraft:hay_block":137,"minecraft:redstone_ore":60,"minecraft:furnace":9,"minecraft:chiseled_sandstone":93,"minecraft:andesite":16,"minecraft:gold_block":5,"minecraft:bookshelf":8,"minecraft:vine":3,"minecraft:stone":275,"minecraft:stone_brick_slab":1,"minecraft:crafting_table":8,"minecraft:stone_slab":1,"minecraft:tall_grass":2,"minecraft:lapis_ore":22,"minecraft:diorite":6,"minecraft:birch_planks":9,"minecraft:spruce_log":23,"minecraft:birch_leaves":9,"minecraft:coal_ore":389,"minecraft:gravel":41,"minecraft:stone_bricks":3,"minecraft:gold_ore":36,"minecraft:fern":1},"minecraft:crafted":{"minecraft:oak_planks":200,"minecraft:smooth_stone":15,"minecraft:oak_sign":6,"minecraft:cut_sandstone":132,"minecraft:cooked_chicken":13,"minecraft:birch_slab":6,"minecraft:stone":15,"minecraft:cooked_mutton":8,"minecraft:glass":24,"minecraft:iron_boots":3,"minecraft:chest":16,"minecraft:cooked_rabbit":3,"minecraft:smoker":5,"minecraft:cooked_porkchop":36,"minecraft:crafting_table":5,"minecraft:spruce_planks":88,"minecraft:iron_helmet":2,"minecraft:wooden_pickaxe":1,"minecraft:birch_planks":228,"minecraft:iron_chestplate":2,"minecraft:book":17,"minecraft:paper":93,"minecraft:shield":2,"minecraft:stick":72,"minecraft:iron_ingot":260,"minecraft:iron_pickaxe":7,"minecraft:stone_sword":1,"minecraft:gold_ingot":83,"minecraft:sandstone":393,"minecraft:oak_door":6,"minecraft:furnace":15,"minecraft:blast_furnace":5,"minecraft:iron_axe":3,"minecraft:stone_pickaxe":1,"minecraft:chiseled_sandstone":3,"minecraft:wheat":1209,"minecraft:cooked_beef":28,"minecraft:iron_sword":2,"minecraft:sandstone_slab":6,"minecraft:bucket":2,"minecraft:stone_axe":1,"minecraft:bread":426,"minecraft:air":0,"minecraft:wooden_axe":1,"minecraft:iron_shovel":5,"minecraft:iron_leggings":2,"minecraft:white_bed":2,"minecraft:acacia_planks":4,"minecraft:torch":180},"minecraft:picked_up":{"minecraft:seagrass":16,"minecraft:iron_chestplate":18,"minecraft:wheat":252,"minecraft:suspicious_stew":1,"minecraft:stone_slab":2,"minecraft:enchanted_book":14,"minecraft:stone_brick_stairs":3,"minecraft:brewing_stand":1,"minecraft:string":24,"minecraft:iron_leggings":18,"minecraft:oak_sign":3,"minecraft:beetroot":1,"minecraft:bucket":1,"minecraft:spruce_planks":132,"minecraft:iron_pickaxe":10,"minecraft:iron_boots":14,"minecraft:furnace":10,"minecraft:golden_helmet":2,"minecraft:stick":168,"minecraft:torch":84,"minecraft:acacia_log":1,"minecraft:porkchop":53,"minecraft:diorite":6,"minecraft:cactus":23,"minecraft:rotten_flesh":481,"njs:raw_squid":1,"minecraft:cobblestone":579,"minecraft:birch_log":60,"minecraft:magma_block":16,"minecraft:leather_chestplate":1,"minecraft:feather":18,"minecraft:water_bucket":1,"minecraft:andesite":11,"minecraft:golden_leggings":1,"minecraft:smoker":6,"minecraft:potato":2,"minecraft:flint":18,"evilcraft:flesh_humanoid":2,"minecraft:stripped_birch_log":8,"minecraft:lapis_lazuli":292,"minecraft:dirt":34,"minecraft:bone":213,"minecraft:stonecutter":1,"minecraft:bow":9,"minecraft:wheat_seeds":100,"minecraft:bell":1,"minecraft:grindstone":1,"minecraft:rabbit":8,"minecraft:bamboo":2,"minecraft:oak_planks":46,"minecraft:cooked_porkchop":37,"minecraft:sand":4798,"minecraft:ink_sac":1,"minecraft:chiseled_sandstone":321,"minecraft:blue_terracotta":10,"minecraft:sugar":10,"minecraft:granite":39,"minecraft:bread":249,"minecraft:golden_horse_armor":1,"minecraft:emerald":51,"minecraft:oak_sapling":2,"minecraft:netherrack":272,"minecraft:crafting_table":9,"minecraft:chicken":19,"tconstruct:materials_and_you":1,"minecraft:gold_block":5,"minecraft:shield":16,"minecraft:iron_axe":29,"minecraft:iron_shovel":13,"minecraft:cracked_stone_bricks":1,"minecraft:beef":61,"minecraft:poppy":4,"minecraft:chest":5,"minecraft:sugar_cane":141,"minecraft:egg":5,"minecraft:sandstone":451,"minecraft:oak_door":9,"minecraft:redstone":830,"minecraft:stone_pressure_plate":8,"minecraft:iron_horse_armor":11,"minecraft:tnt":47,"minecraft:arrow":67,"minecraft:cooked_cod":8,"minecraft:beetroot_seeds":10,"minecraft:hay_block":158,"minecraft:sandstone_stairs":19,"minecraft:totem_of_undying":2,"minecraft:glistering_melon_slice":10,"minecraft:saddle":8,"minecraft:gold_ingot":5,"minecraft:mutton":38,"minecraft:white_wool":22,"minecraft:cut_sandstone":320,"minecraft:leather":28,"minecraft:birch_planks":114,"minecraft:oak_log":61,"minecraft:golden_boots":1,"minecraft:gunpowder":285,"minecraft:paper":6,"minecraft:white_banner":40,"minecraft:orange_terracotta":19,"minecraft:cooked_mutton":23,"minecraft:stone_bricks":4,"minecraft:heart_of_the_sea":1,"minecraft:rabbit_hide":2,"minecraft:iron_ingot":578,"minecraft:cooked_chicken":6,"minecraft:iron_ore":354,"minecraft:glass_bottle":48,"minecraft:iron_sword":27,"minecraft:green_dye":1,"minecraft:book":24,"minecraft:stone_brick_slab":1,"minecraft:quartz":33,"minecraft:gravel":67,"minecraft:spruce_sapling":3,"minecraft:blast_furnace":2,"minecraft:white_bed":2,"minecraft:spruce_log":23,"minecraft:gold_ore":71,"minecraft:spider_eye":73,"minecraft:iron_helmet":11,"minecraft:coal":1106},"minecraft:used":{"minecraft:beetroot":1,"minecraft:iron_shovel":938,"minecraft:oak_sign":9,"minecraft:chest":21,"minecraft:shield":100,"minecraft:iron_sword":361,"minecraft:obsidian":8,"minecraft:glass":24,"minecraft:lava_bucket":1,"minecraft:bow":44,"minecraft:furnace":14,"minecraft:seagrass":1,"minecraft:diorite":3,"minecraft:stone_pickaxe":131,"minecraft:cactus":2,"minecraft:wooden_pickaxe":52,"minecraft:sandstone":12,"minecraft:sugar_cane":15,"minecraft:sand":657,"minecraft:blast_furnace":7,"minecraft:chiseled_sandstone":122,"minecraft:birch_slab":4,"minecraft:bread":69,"minecraft:gravel":27,"minecraft:grindstone":1,"minecraft:cooked_rabbit":3,"minecraft:stone_sword":38,"minecraft:flint_and_steel":1,"minecraft:spruce_planks":8,"minecraft:cooked_chicken":8,"minecraft:netherrack":5,"minecraft:oak_door":12,"minecraft:torch":155,"minecraft:brewing_stand":1,"minecraft:dirt":26,"minecraft:granite":2,"minecraft:wooden_axe":32,"minecraft:iron_axe":476,"minecraft:cooked_beef":15,"minecraft:orange_terracotta":4,"minecraft:cooked_mutton":8,"minecraft:water_bucket":1,"minecraft:sandstone_stairs":24,"minecraft:birch_planks":188,"minecraft:cut_sandstone":257,"minecraft:stonecutter":1,"minecraft:crafting_table":11,"minecraft:white_bed":4,"minecraft:smoker":11,"minecraft:iron_pickaxe":1833,"minecraft:spruce_sapling":1,"minecraft:stone_axe":37,"minecraft:cobblestone":44,"minecraft:white_banner":1,"minecraft:cooked_porkchop":37,"minecraft:bucket":3},"minecraft:dropped":{"minecraft:birch_planks":1,"minecraft:dirt":2,"minecraft:mutton":2,"gravestone:obituary":1,"minecraft:sand":8,"minecraft:sugar":2,"minecraft:stone_axe":1,"minecraft:sugar_cane":1,"minecraft:wheat":185,"minecraft:rotten_flesh":42,"minecraft:netherrack":3,"minecraft:wheat_seeds":1,"minecraft:iron_helmet":1,"minecraft:granite":5,"minecraft:diorite":3,"minecraft:green_dye":1,"minecraft:iron_leggings":1,"minecraft:white_banner":1,"minecraft:iron_axe":1,"minecraft:spruce_sapling":1,"minecraft:stone_sword":1,"minecraft:iron_chestplate":1,"minecraft:spider_eye":3,"minecraft:bow":1},"minecraft:killed_by":{"minecraft:creeper":3,"minecraft:ravager":4,"farlanders:fanmade_enderman":3,"minecraft:vindicator":15,"minecraft:zombie":2,"minecraft:vex":2,"minecraft:player":1,"minecraft:skeleton":2},"minecraft:broken":{"minecraft:golden_helmet":1,"minecraft:iron_shovel":3,"minecraft:iron_boots":1,"minecraft:stone_pickaxe":1,"minecraft:shield":1,"minecraft:iron_axe":1,"minecraft:iron_pickaxe":6},"minecraft:custom":{"minecraft:interact_with_crafting_table":92,"minecraft:bell_ring":7,"minecraft:leave_game":9,"minecraft:time_since_death":1194,"minecraft:sprint_one_cm":2441032,"minecraft:damage_blocked_by_shield":5647,"minecraft:drop":35,"minecraft:talked_to_villager":10,"minecraft:deaths":32,"minecraft:jump":5762,"minecraft:interact_with_brewingstand":1,"minecraft:walk_on_water_one_cm":166786,"minecraft:interact_with_furnace":67,"minecraft:play_one_minute":600987,"minecraft:sleep_in_bed":24,"minecraft:damage_dealt":34584,"minecraft:crouch_one_cm":30429,"minecraft:interact_with_smoker":40,"minecraft:mob_kills":259,"minecraft:climb_one_cm":2227,"minecraft:walk_one_cm":1812167,"minecraft:sneak_time":8888,"minecraft:walk_under_water_one_cm":126972,"minecraft:interact_with_blast_furnace":35,"minecraft:raid_trigger":1,"minecraft:interact_with_stonecutter":14,"minecraft:time_since_rest":1225,"minecraft:damage_taken":16419,"minecraft:swim_one_cm":563944,"minecraft:fly_one_cm":790201,"minecraft:open_chest":275,"minecraft:fall_one_cm":66962},"minecraft:killed":{"minecraft:witch":3,"minecraft:spider":20,"minecraft:skeleton":36,"minecraft:chicken":19,"minecraft:turtle":3,"minecraft:pig":26,"minecraft:creeper":11,"minecraft:sheep":24,"minecraft:pillager":8,"minecraft:zombie":25,"minecraft:cow":32,"minecraft:evoker":1,"minecraft:vindicator":3,"minecraft:drowned":3,"minecraft:husk":19,"farlanders:looter":1,"minecraft:rabbit":8,"minecraft:bat":3,"minecraft:enderman":1}},"DataVersion":2586}