{"stats":{"minecraft:broken":{"minecraft:stone_pickaxe":1,"minecraft:shield":1,"minecraft:iron_axe":1,"minecraft:iron_pickaxe":2},"minecraft:used":{"minecraft:stone_sword":38,"minecraft:spruce_planks":8,"minecraft:chest":5,"minecraft:shield":59,"minecraft:iron_sword":72,"minecraft:cooked_chicken":4,"minecraft:torch":141,"minecraft:dirt":26,"minecraft:granite":2,"minecraft:obsidian":2,"minecraft:wooden_axe":32,"minecraft:iron_axe":218,"minecraft:bow":8,"minecraft:furnace":6,"minecraft:cooked_beef":15,"minecraft:cooked_mutton":5,"minecraft:diorite":2,"minecraft:birch_planks":7,"minecraft:stone_pickaxe":131,"minecraft:wooden_pickaxe":52,"minecraft:sugar_cane":15,"minecraft:sand":18,"minecraft:crafting_table":7,"minecraft:blast_furnace":2,"minecraft:white_bed":1,"minecraft:smoker":6,"minecraft:iron_pickaxe":725,"minecraft:spruce_sapling":1,"minecraft:gravel":3,"minecraft:stone_axe":37,"minecraft:cobblestone":34,"minecraft:cooked_porkchop":23},"minecraft:picked_up":{"minecraft:iron_chestplate":1,"minecraft:crafting_table":6,"minecraft:chicken":4,"minecraft:shield":1,"minecraft:string":12,"minecraft:iron_axe":1,"minecraft:iron_leggings":1,"minecraft:spruce_planks":8,"minecraft:beef":15,"minecraft:iron_pickaxe":2,"minecraft:sugar_cane":80,"minecraft:chest":2,"minecraft:iron_boots":1,"minecraft:furnace":6,"minecraft:sandstone":3,"minecraft:torch":48,"minecraft:porkchop":27,"minecraft:diorite":4,"minecraft:redstone":376,"minecraft:rotten_flesh":25,"minecraft:arrow":34,"minecraft:mutton":7,"minecraft:cobblestone":202,"minecraft:white_wool":4,"minecraft:birch_log":24,"minecraft:magma_block":3,"minecraft:feather":2,"minecraft:leather":13,"minecraft:smoker":4,"minecraft:birch_planks":52,"minecraft:flint":5,"minecraft:oak_log":6,"minecraft:golden_boots":1,"minecraft:gunpowder":10,"minecraft:lapis_lazuli":75,"minecraft:stripped_birch_log":8,"minecraft:dirt":30,"minecraft:bone":33,"minecraft:bow":3,"minecraft:wheat_seeds":1,"minecraft:iron_ingot":6,"minecraft:iron_ore":252,"minecraft:oak_planks":24,"minecraft:cooked_porkchop":33,"minecraft:gravel":20,"minecraft:sand":19,"minecraft:spruce_sapling":3,"minecraft:spruce_log":23,"minecraft:gold_ore":35,"minecraft:spider_eye":5,"minecraft:sugar":4,"minecraft:iron_helmet":1,"minecraft:granite":9,"minecraft:coal":624},"minecraft:crafted":{"minecraft:oak_planks":24,"minecraft:smooth_stone":14,"minecraft:cooked_chicken":4,"minecraft:furnace":5,"minecraft:blast_furnace":2,"minecraft:stone":14,"minecraft:cooked_mutton":5,"minecraft:iron_boots":2,"minecraft:iron_axe":2,"minecraft:stone_pickaxe":1,"minecraft:chest":3,"minecraft:smoker":2,"minecraft:cooked_beef":15,"minecraft:cooked_porkchop":10,"minecraft:crafting_table":3,"minecraft:spruce_planks":88,"minecraft:wooden_pickaxe":1,"minecraft:iron_helmet":2,"minecraft:iron_sword":1,"minecraft:birch_planks":96,"minecraft:stone_axe":1,"minecraft:air":0,"minecraft:iron_chestplate":2,"minecraft:shield":1,"minecraft:stick":64,"minecraft:iron_ingot":156,"minecraft:iron_pickaxe":4,"minecraft:wooden_axe":1,"minecraft:stone_sword":1,"minecraft:iron_leggings":2,"minecraft:gold_ingot":2,"minecraft:white_bed":1,"minecraft:torch":144},"minecraft:killed_by":{"minecraft:player":1,"minecraft:creeper":3,"minecraft:skeleton":1,"minecraft:zombie":2},"minecraft:custom":{"minecraft:mob_kills":111,"minecraft:interact_with_crafting_table":33,"minecraft:leave_game":4,"minecraft:time_since_death":1022,"minecraft:climb_one_cm":857,"minecraft:sprint_one_cm":752521,"minecraft:walk_one_cm":690888,"minecraft:damage_blocked_by_shield":2770,"minecraft:drop":15,"minecraft:deaths":7,"minecraft:sneak_time":2691,"minecraft:walk_under_water_one_cm":15750,"minecraft:jump":2607,"minecraft:interact_with_blast_furnace":5,"minecraft:walk_on_water_one_cm":70978,"minecraft:interact_with_furnace":42,"minecraft:play_one_minute":198074,"minecraft:sleep_in_bed":1,"minecraft:time_since_rest":1186,"minecraft:damage_taken":5329,"minecraft:damage_dealt":17111,"minecraft:fly_one_cm":251169,"minecraft:swim_one_cm":101988,"minecraft:open_chest":18,"minecraft:crouch_one_cm":9301,"minecraft:interact_with_smoker":16,"minecraft:fall_one_cm":24356},"minecraft:mined":{"minecraft:spruce_planks":8,"minecraft:stripped_birch_log":8,"minecraft:granite":5,"minecraft:grass_block":14,"minecraft:spruce_leaves":15,"minecraft:sandstone":3,"minecraft:large_fern":2,"minecraft:magma_block":3,"minecraft:redstone_ore":41,"minecraft:furnace":6,"minecraft:iron_ore":250,"minecraft:vine":3,"minecraft:stone":167,"minecraft:smoker":4,"minecraft:crafting_table":6,"minecraft:torch":2,"minecraft:chest":2,"minecraft:lapis_ore":12,"minecraft:sugar_cane":34,"minecraft:diorite":3,"minecraft:birch_log":24,"minecraft:spruce_log":23,"minecraft:birch_leaves":4,"minecraft:grass":5,"minecraft:oak_log":6,"minecraft:coal_ore":385,"minecraft:gravel":2,"minecraft:sand":10,"minecraft:dirt":15,"minecraft:gold_ore":26,"minecraft:fern":1},"minecraft:dropped":{"minecraft:wheat_seeds":1,"minecraft:granite":5,"minecraft:dirt":2,"minecraft:diorite":2,"minecraft:mutton":2,"minecraft:sand":1,"minecraft:sugar":2,"minecraft:spruce_sapling":1,"minecraft:stone_axe":1,"minecraft:sugar_cane":1,"minecraft:stone_sword":1,"minecraft:spider_eye":2,"minecraft:bow":1},"minecraft:killed":{"minecraft:witch":1,"minecraft:spider":13,"minecraft:skeleton":24,"minecraft:chicken":4,"minecraft:drowned":2,"minecraft:husk":1,"minecraft:pig":13,"minecraft:bat":3,"minecraft:creeper":9,"minecraft:sheep":4,"minecraft:zombie":18,"minecraft:enderman":1,"minecraft:cow":9}},"DataVersion":2586}