{"stats":{"minecraft:killed_by":{"minecraft:player":1,"minecraft:creeper":3,"minecraft:ravager":4,"minecraft:vindicator":15,"minecraft:skeleton":1,"minecraft:zombie":2,"minecraft:vex":2},"minecraft:mined":{"minecraft:spruce_planks":8,"minecraft:stone_pressure_plate":1,"minecraft:white_bed":2,"minecraft:oak_door":2,"minecraft:stripped_birch_log":8,"minecraft:brewing_stand":1,"minecraft:granite":7,"minecraft:acacia_log":1,"minecraft:grass_block":18,"minecraft:spruce_leaves":15,"minecraft:oak_wall_sign":3,"minecraft:sandstone":306,"minecraft:sandstone_stairs":19,"minecraft:large_fern":2,"minecraft:hay_block":137,"minecraft:redstone_ore":41,"minecraft:magma_block":14,"minecraft:furnace":9,"minecraft:iron_ore":250,"minecraft:chiseled_sandstone":93,"minecraft:gold_block":3,"minecraft:bookshelf":8,"minecraft:vine":3,"minecraft:stone":185,"minecraft:cut_sandstone":168,"minecraft:melon_stem":1,"minecraft:smoker":6,"minecraft:orange_terracotta":5,"minecraft:stone_brick_slab":1,"minecraft:torch":3,"minecraft:crafting_table":8,"minecraft:blast_furnace":2,"minecraft:glass":6,"minecraft:chest":3,"minecraft:dead_bush":6,"minecraft:tall_grass":2,"minecraft:stone_slab":1,"minecraft:cobblestone":9,"minecraft:lapis_ore":12,"minecraft:oak_planks":5,"minecraft:grindstone":1,"minecraft:sugar_cane":64,"minecraft:diorite":3,"minecraft:wall_torch":1,"minecraft:seagrass":1,"minecraft:birch_planks":8,"minecraft:blue_terracotta":1,"minecraft:birch_log":60,"minecraft:wheat":41,"minecraft:spruce_log":23,"minecraft:birch_leaves":9,"minecraft:tnt":9,"minecraft:stone_brick_stairs":2,"minecraft:grass":44,"minecraft:coal_ore":385,"minecraft:oak_log":62,"minecraft:beetroots":9,"minecraft:gravel":41,"minecraft:sand":755,"minecraft:dirt":16,"minecraft:stone_bricks":1,"minecraft:stonecutter":1,"minecraft:netherrack":177,"minecraft:gold_ore":26,"minecraft:oak_leaves":9,"minecraft:fern":1},"minecraft:dropped":{"minecraft:wheat_seeds":1,"minecraft:iron_helmet":1,"minecraft:granite":5,"minecraft:dirt":2,"minecraft:diorite":3,"minecraft:green_dye":1,"minecraft:mutton":2,"minecraft:iron_leggings":1,"minecraft:sand":8,"minecraft:white_banner":1,"minecraft:iron_axe":1,"minecraft:sugar":2,"minecraft:spruce_sapling":1,"minecraft:stone_axe":1,"minecraft:sugar_cane":1,"minecraft:stone_sword":1,"minecraft:wheat":185,"minecraft:iron_chestplate":1,"minecraft:spider_eye":3,"minecraft:bow":1,"minecraft:netherrack":2},"minecraft:custom":{"minecraft:mob_kills":236,"minecraft:interact_with_crafting_table":84,"minecraft:bell_ring":6,"minecraft:leave_game":6,"minecraft:time_since_death":138810,"minecraft:climb_one_cm":2227,"minecraft:sprint_one_cm":2163737,"minecraft:walk_one_cm":1560832,"minecraft:damage_blocked_by_shield":4165,"minecraft:drop":30,"minecraft:talked_to_villager":10,"minecraft:sneak_time":7501,"minecraft:deaths":28,"minecraft:walk_under_water_one_cm":26802,"minecraft:jump":5079,"minecraft:interact_with_blast_furnace":27,"minecraft:walk_on_water_one_cm":85440,"minecraft:interact_with_furnace":67,"minecraft:play_one_minute":490761,"minecraft:raid_trigger":1,"minecraft:interact_with_stonecutter":14,"minecraft:sleep_in_bed":20,"minecraft:time_since_rest":1030,"minecraft:damage_taken":14162,"minecraft:damage_dealt":30369,"minecraft:swim_one_cm":178037,"minecraft:fly_one_cm":684765,"minecraft:open_chest":187,"minecraft:crouch_one_cm":26406,"minecraft:interact_with_smoker":34,"minecraft:fall_one_cm":58664},"minecraft:killed":{"minecraft:evoker":1,"minecraft:witch":3,"minecraft:spider":14,"minecraft:vindicator":3,"minecraft:skeleton":32,"minecraft:chicken":19,"minecraft:drowned":2,"minecraft:turtle":2,"minecraft:husk":13,"minecraft:pig":26,"minecraft:rabbit":8,"minecraft:bat":3,"minecraft:creeper":11,"minecraft:sheep":24,"minecraft:pillager":8,"minecraft:zombie":23,"minecraft:enderman":1,"minecraft:cow":32},"minecraft:broken":{"minecraft:iron_shovel":2,"minecraft:stone_pickaxe":1,"minecraft:shield":1,"minecraft:iron_axe":1,"minecraft:iron_pickaxe":5},"minecraft:picked_up":{"minecraft:seagrass":15,"minecraft:iron_chestplate":16,"minecraft:crafting_table":9,"minecraft:wheat":238,"minecraft:chicken":19,"minecraft:stone_slab":2,"minecraft:gold_block":3,"minecraft:enchanted_book":14,"minecraft:stone_brick_stairs":2,"minecraft:brewing_stand":1,"minecraft:shield":15,"minecraft:string":17,"minecraft:iron_axe":28,"minecraft:iron_leggings":16,"minecraft:iron_shovel":13,"minecraft:oak_sign":3,"minecraft:beetroot":1,"minecraft:cracked_stone_bricks":1,"minecraft:bucket":1,"minecraft:spruce_planks":132,"minecraft:beef":61,"minecraft:poppy":4,"minecraft:iron_pickaxe":9,"minecraft:sugar_cane":140,"minecraft:chest":4,"minecraft:furnace":10,"minecraft:iron_boots":13,"minecraft:egg":5,"minecraft:stick":150,"minecraft:sandstone":414,"minecraft:oak_door":2,"minecraft:torch":80,"minecraft:acacia_log":1,"minecraft:porkchop":53,"minecraft:diorite":5,"minecraft:redstone":748,"minecraft:iron_horse_armor":11,"minecraft:stone_pressure_plate":8,"minecraft:tnt":45,"minecraft:cactus":14,"minecraft:arrow":62,"minecraft:rotten_flesh":410,"minecraft:beetroot_seeds":10,"minecraft:hay_block":158,"minecraft:sandstone_stairs":19,"minecraft:saddle":8,"minecraft:glistering_melon_slice":10,"minecraft:totem_of_undying":2,"minecraft:mutton":38,"minecraft:white_wool":22,"minecraft:cobblestone":492,"minecraft:birch_log":60,"minecraft:magma_block":16,"minecraft:feather":18,"minecraft:water_bucket":1,"minecraft:leather":28,"minecraft:cut_sandstone":320,"minecraft:smoker":6,"minecraft:birch_planks":112,"minecraft:flint":18,"minecraft:oak_log":61,"minecraft:golden_boots":1,"minecraft:gunpowder":285,"minecraft:lapis_lazuli":225,"minecraft:stripped_birch_log":8,"minecraft:dirt":34,"minecraft:paper":6,"minecraft:white_banner":40,"minecraft:orange_terracotta":19,"minecraft:cooked_mutton":23,"minecraft:cooked_chicken":6,"minecraft:bone":211,"minecraft:stone_bricks":2,"minecraft:bow":9,"minecraft:stonecutter":1,"minecraft:wheat_seeds":100,"minecraft:bell":1,"minecraft:rabbit_hide":2,"minecraft:grindstone":1,"minecraft:iron_ingot":572,"minecraft:iron_ore":347,"minecraft:rabbit":8,"minecraft:glass_bottle":48,"minecraft:iron_sword":25,"minecraft:oak_planks":28,"minecraft:green_dye":1,"minecraft:book":24,"minecraft:cooked_porkchop":37,"minecraft:stone_brick_slab":1,"minecraft:gravel":67,"minecraft:sand":788,"minecraft:spruce_sapling":3,"minecraft:blast_furnace":2,"minecraft:white_bed":2,"minecraft:spruce_log":23,"minecraft:gold_ore":61,"minecraft:chiseled_sandstone":321,"minecraft:spider_eye":71,"minecraft:blue_terracotta":10,"minecraft:sugar":10,"minecraft:iron_helmet":10,"minecraft:granite":39,"minecraft:emerald":46,"minecraft:golden_horse_armor":1,"minecraft:bread":140,"minecraft:oak_sapling":2,"minecraft:netherrack":258,"minecraft:coal":1030},"minecraft:crafted":{"minecraft:oak_door":3,"minecraft:smooth_stone":15,"minecraft:oak_planks":200,"minecraft:oak_sign":6,"minecraft:cut_sandstone":132,"minecraft:cooked_chicken":13,"minecraft:birch_slab":6,"minecraft:furnace":15,"minecraft:blast_furnace":5,"minecraft:stone":15,"minecraft:cooked_mutton":8,"minecraft:glass":24,"minecraft:iron_boots":2,"minecraft:iron_axe":3,"minecraft:stone_pickaxe":1,"minecraft:chest":16,"minecraft:chiseled_sandstone":3,"minecraft:cooked_rabbit":3,"minecraft:smoker":5,"minecraft:wheat":1209,"minecraft:cooked_beef":28,"minecraft:cooked_porkchop":36,"minecraft:crafting_table":5,"minecraft:spruce_planks":88,"minecraft:iron_helmet":2,"minecraft:wooden_pickaxe":1,"minecraft:iron_sword":2,"minecraft:sandstone_slab":6,"minecraft:bucket":2,"minecraft:birch_planks":228,"minecraft:stone_axe":1,"minecraft:bread":426,"minecraft:air":0,"minecraft:iron_chestplate":2,"minecraft:book":17,"minecraft:paper":93,"minecraft:shield":2,"minecraft:stick":64,"minecraft:iron_ingot":251,"minecraft:iron_pickaxe":6,"minecraft:wooden_axe":1,"minecraft:stone_sword":1,"minecraft:iron_shovel":3,"minecraft:iron_leggings":2,"minecraft:gold_ingot":55,"minecraft:sandstone":96,"minecraft:white_bed":2,"minecraft:acacia_planks":4,"minecraft:torch":156},"minecraft:used":{"minecraft:beetroot":1,"minecraft:stone_sword":38,"minecraft:iron_shovel":623,"minecraft:oak_sign":9,"minecraft:chest":20,"minecraft:spruce_planks":8,"minecraft:shield":86,"minecraft:iron_sword":289,"minecraft:cooked_chicken":8,"minecraft:oak_door":3,"minecraft:torch":154,"minecraft:brewing_stand":1,"minecraft:dirt":26,"minecraft:granite":2,"minecraft:obsidian":2,"minecraft:glass":24,"minecraft:wooden_axe":32,"minecraft:lava_bucket":1,"minecraft:iron_axe":456,"minecraft:bow":44,"minecraft:furnace":14,"minecraft:cooked_beef":15,"minecraft:orange_terracotta":4,"minecraft:cooked_mutton":8,"minecraft:water_bucket":1,"minecraft:diorite":2,"minecraft:sandstone_stairs":24,"minecraft:birch_planks":187,"minecraft:stone_pickaxe":131,"minecraft:cactus":2,"minecraft:wooden_pickaxe":52,"minecraft:sandstone":12,"minecraft:cut_sandstone":257,"minecraft:stonecutter":1,"minecraft:sugar_cane":15,"minecraft:sand":343,"minecraft:blast_furnace":7,"minecraft:crafting_table":11,"minecraft:white_bed":4,"minecraft:smoker":11,"minecraft:chiseled_sandstone":122,"minecraft:birch_slab":4,"minecraft:bread":30,"minecraft:iron_pickaxe":1552,"minecraft:spruce_sapling":1,"minecraft:gravel":27,"minecraft:stone_axe":37,"minecraft:cobblestone":44,"minecraft:grindstone":1,"minecraft:white_banner":1,"minecraft:cooked_porkchop":37,"minecraft:cooked_rabbit":3,"minecraft:bucket":3}},"DataVersion":2586}