{"stats":{"minecraft:killed":{"minecraft:husk":1,"minecraft:pig":13,"minecraft:spider":7,"minecraft:bat":1,"minecraft:creeper":4,"minecraft:sheep":4,"minecraft:skeleton":11,"minecraft:zombie":16,"minecraft:chicken":4,"minecraft:drowned":2,"minecraft:cow":9},"minecraft:picked_up":{"minecraft:birch_log":24,"minecraft:magma_block":3,"minecraft:crafting_table":5,"minecraft:feather":2,"minecraft:chicken":4,"minecraft:leather":13,"minecraft:smoker":4,"minecraft:oak_log":6,"minecraft:golden_boots":1,"minecraft:gunpowder":7,"minecraft:string":5,"minecraft:stripped_birch_log":8,"minecraft:dirt":28,"minecraft:bone":19,"minecraft:wheat_seeds":1,"minecraft:spruce_planks":8,"minecraft:iron_ingot":3,"minecraft:beef":15,"minecraft:iron_ore":102,"minecraft:sugar_cane":80,"minecraft:chest":2,"minecraft:oak_planks":24,"minecraft:furnace":5,"minecraft:cooked_porkchop":17,"minecraft:torch":5,"minecraft:gravel":2,"minecraft:sand":18,"minecraft:porkchop":27,"minecraft:spruce_sapling":3,"minecraft:diorite":1,"minecraft:spruce_log":23,"minecraft:spider_eye":4,"minecraft:arrow":12,"minecraft:rotten_flesh":25,"minecraft:granite":2,"minecraft:mutton":7,"minecraft:white_wool":4,"minecraft:coal":413,"minecraft:cobblestone":131},"minecraft:killed_by":{"minecraft:player":1,"minecraft:creeper":1,"minecraft:zombie":2},"minecraft:custom":{"minecraft:interact_with_furnace":37,"minecraft:mob_kills":79,"minecraft:interact_with_crafting_table":29,"minecraft:play_one_minute":139580,"minecraft:leave_game":4,"minecraft:time_since_death":123289,"minecraft:sleep_in_bed":1,"minecraft:climb_one_cm":857,"minecraft:time_since_rest":14055,"minecraft:sprint_one_cm":550453,"minecraft:damage_taken":2910,"minecraft:walk_one_cm":416494,"minecraft:damage_blocked_by_shield":85,"minecraft:drop":9,"minecraft:damage_dealt":11077,"minecraft:swim_one_cm":95203,"minecraft:fly_one_cm":201976,"minecraft:open_chest":15,"minecraft:crouch_one_cm":5976,"minecraft:deaths":4,"minecraft:sneak_time":1610,"minecraft:walk_under_water_one_cm":7135,"minecraft:jump":1841,"minecraft:interact_with_blast_furnace":5,"minecraft:walk_on_water_one_cm":39315,"minecraft:interact_with_smoker":16,"minecraft:fall_one_cm":19493},"minecraft:dropped":{"minecraft:stone_axe":1,"minecraft:sugar_cane":1,"minecraft:wheat_seeds":1,"minecraft:stone_sword":1,"minecraft:diorite":1,"minecraft:mutton":2,"minecraft:spider_eye":2,"minecraft:spruce_sapling":1},"minecraft:used":{"minecraft:cooked_mutton":1,"minecraft:stone_sword":38,"minecraft:birch_planks":7,"minecraft:stone_pickaxe":131,"minecraft:chest":5,"minecraft:shield":2,"minecraft:spruce_planks":8,"minecraft:wooden_pickaxe":52,"minecraft:sugar_cane":15,"minecraft:cooked_chicken":1,"minecraft:torch":80,"minecraft:dirt":9,"minecraft:sand":18,"minecraft:crafting_table":6,"minecraft:blast_furnace":2,"minecraft:white_bed":1,"minecraft:granite":2,"minecraft:smoker":6,"minecraft:obsidian":2,"minecraft:wooden_axe":32,"minecraft:iron_axe":183,"minecraft:iron_pickaxe":295,"minecraft:spruce_sapling":1,"minecraft:gravel":2,"minecraft:stone_axe":37,"minecraft:cobblestone":21,"minecraft:furnace":5,"minecraft:cooked_porkchop":10,"minecraft:cooked_beef":15},"minecraft:broken":{"minecraft:stone_pickaxe":1,"minecraft:iron_axe":1,"minecraft:iron_pickaxe":1},"minecraft:mined":{"minecraft:spruce_planks":8,"minecraft:smoker":4,"minecraft:stripped_birch_log":8,"minecraft:crafting_table":5,"minecraft:torch":2,"minecraft:granite":2,"minecraft:grass_block":14,"minecraft:chest":2,"minecraft:spruce_leaves":15,"minecraft:sugar_cane":34,"minecraft:diorite":1,"minecraft:large_fern":2,"minecraft:magma_block":3,"minecraft:furnace":5,"minecraft:birch_log":24,"minecraft:iron_ore":102,"minecraft:spruce_log":23,"minecraft:birch_leaves":4,"minecraft:grass":5,"minecraft:oak_log":6,"minecraft:coal_ore":236,"minecraft:vine":3,"minecraft:gravel":2,"minecraft:sand":1,"minecraft:dirt":15,"minecraft:stone":123,"minecraft:fern":1},"minecraft:crafted":{"minecraft:cooked_beef":15,"minecraft:oak_planks":24,"minecraft:smooth_stone":14,"minecraft:cooked_porkchop":10,"minecraft:crafting_table":2,"minecraft:spruce_planks":88,"minecraft:cooked_chicken":4,"minecraft:wooden_pickaxe":1,"minecraft:iron_helmet":1,"minecraft:furnace":4,"minecraft:blast_furnace":2,"minecraft:stone":14,"minecraft:birch_planks":96,"minecraft:stone_axe":1,"minecraft:cooked_mutton":5,"minecraft:air":0,"minecraft:iron_boots":1,"minecraft:iron_chestplate":1,"minecraft:shield":1,"minecraft:iron_axe":2,"minecraft:stick":48,"minecraft:iron_ingot":101,"minecraft:iron_pickaxe":2,"minecraft:stone_pickaxe":1,"minecraft:wooden_axe":1,"minecraft:white_bed":1,"minecraft:stone_sword":1,"minecraft:chest":3,"minecraft:gold_ingot":2,"minecraft:iron_leggings":1,"minecraft:torch":96,"minecraft:smoker":2}},"DataVersion":2586}