{"stats":{"minecraft:mined":{"minecraft:stone_pressure_plate":1,"minecraft:spruce_planks":8,"minecraft:white_bed":7,"minecraft:cobblestone_stairs":4,"minecraft:brewing_stand":1,"minecraft:granite":7,"minecraft:acacia_log":1,"minecraft:grass_block":47,"minecraft:hopper":1,"integrateddynamics:menril_log":24,"minecraft:oak_wall_sign":3,"minecraft:sandstone_stairs":19,"minecraft:magma_block":15,"minecraft:iron_ore":275,"minecraft:cut_sandstone":168,"minecraft:kelp_plant":1,"minecraft:melon_stem":1,"minecraft:smoker":6,"minecraft:orange_terracotta":5,"minecraft:torch":5,"minecraft:blast_furnace":2,"minecraft:chest":4,"minecraft:dead_bush":12,"minecraft:glass":6,"minecraft:nether_quartz_ore":33,"minecraft:cobblestone":12,"minecraft:grindstone":1,"minecraft:sugar_cane":80,"minecraft:oak_planks":7,"minecraft:wall_torch":1,"minecraft:seagrass":1,"minecraft:blue_terracotta":1,"minecraft:dark_oak_door":1,"minecraft:birch_log":329,"minecraft:wheat":41,"minecraft:tnt":9,"integrateddynamics:menril_log_filled":2,"minecraft:stone_brick_stairs":3,"minecraft:grass":45,"minecraft:oak_log":227,"minecraft:beetroots":9,"minecraft:sand":4877,"minecraft:dirt":90,"minecraft:stonecutter":1,"minecraft:netherrack":185,"minecraft:oak_leaves":10,"indreb:tin_ore":5,"twilightforest:firefly":2,"minecraft:diamond_ore":8,"minecraft:mossy_cobblestone":4,"minecraft:oak_door":9,"minecraft:stripped_birch_log":9,"gravestone:gravestone":3,"minecraft:redstone_wire":2,"minecraft:spruce_leaves":23,"minecraft:sandstone":412,"minecraft:large_fern":6,"minecraft:hay_block":137,"minecraft:redstone_ore":62,"minecraft:furnace":9,"minecraft:chiseled_sandstone":93,"minecraft:andesite":16,"evilcraft:dark_ore":2,"minecraft:gold_block":6,"minecraft:bookshelf":8,"minecraft:vine":3,"minecraft:stone":403,"tconstruct:earth_congealed_slime":52,"tconstruct:copper_ore":1,"minecraft:stone_brick_slab":1,"minecraft:observer":2,"minecraft:crafting_table":8,"minecraft:stone_slab":1,"minecraft:tall_grass":3,"minecraft:lapis_ore":22,"minecraft:diorite":6,"minecraft:birch_planks":9,"minecraft:spruce_log":280,"minecraft:birch_leaves":9,"minecraft:coal_ore":408,"minecraft:gravel":41,"minecraft:stone_bricks":3,"minecraft:gold_ore":36,"minecraft:fern":3},"minecraft:crafted":{"minecraft:oak_planks":576,"minecraft:smooth_stone":15,"minecraft:oak_sign":6,"minecraft:cut_sandstone":132,"minecraft:cooked_chicken":13,"minecraft:birch_slab":6,"minecraft:stone":19,"minecraft:cooked_mutton":8,"minecraft:hopper":1,"minecraft:glass":24,"minecraft:diamond_helmet":1,"minecraft:diamond_leggings":1,"minecraft:iron_boots":3,"minecraft:chest":21,"minecraft:cooked_rabbit":3,"minecraft:smoker":5,"minecraft:emerald":136,"minecraft:cooked_porkchop":36,"minecraft:crafting_table":5,"minecraft:spruce_planks":736,"minecraft:iron_helmet":3,"minecraft:wooden_pickaxe":1,"minecraft:birch_planks":1284,"minecraft:iron_chestplate":2,"minecraft:book":19,"minecraft:paper":93,"minecraft:shield":3,"minecraft:stick":4244,"minecraft:iron_ingot":260,"minecraft:iron_pickaxe":8,"minecraft:stone_sword":1,"minecraft:gold_ingot":83,"minecraft:sandstone":393,"minecraft:oak_door":6,"minecraft:furnace":15,"minecraft:blast_furnace":5,"minecraft:piston":14,"integrateddynamics:menril_planks":12,"minecraft:iron_axe":4,"minecraft:stone_pickaxe":1,"minecraft:diamond_boots":1,"minecraft:chiseled_sandstone":3,"minecraft:observer":10,"minecraft:wheat":1209,"minecraft:cooked_beef":28,"minecraft:iron_sword":2,"minecraft:sandstone_slab":6,"minecraft:bucket":2,"minecraft:stone_axe":1,"minecraft:enchanted_book":1,"minecraft:bread":426,"minecraft:air":0,"minecraft:wooden_axe":1,"minecraft:iron_shovel":5,"minecraft:iron_leggings":2,"minecraft:white_bed":2,"minecraft:acacia_planks":4,"minecraft:torch":188,"minecraft:diamond_chestplate":1},"minecraft:picked_up":{"minecraft:seagrass":16,"minecraft:iron_chestplate":18,"minecraft:wheat":252,"minecraft:suspicious_stew":1,"minecraft:lead":2,"minecraft:stone_slab":2,"minecraft:enchanted_book":14,"minecraft:stone_brick_stairs":3,"minecraft:brewing_stand":1,"minecraft:string":24,"integrateddynamics:menril_log":26,"minecraft:iron_leggings":18,"minecraft:oak_sign":3,"minecraft:beetroot":1,"minecraft:gold_nugget":1,"minecraft:bucket":1,"minecraft:spruce_planks":132,"minecraft:written_book":1,"minecraft:iron_pickaxe":10,"minecraft:iron_boots":14,"minecraft:furnace":10,"minecraft:dark_oak_door":1,"minecraft:golden_helmet":2,"minecraft:stick":356,"minecraft:torch":87,"minecraft:acacia_log":1,"minecraft:porkchop":53,"minecraft:diorite":6,"minecraft:cactus":26,"minecraft:rotten_flesh":490,"njs:raw_squid":1,"minecraft:cobblestone":709,"minecraft:birch_log":329,"minecraft:magma_block":16,"minecraft:leather_chestplate":1,"minecraft:feather":18,"minecraft:water_bucket":1,"minecraft:andesite":11,"minecraft:brown_wool":1,"integrateddynamics:crystalized_menril_chunk":3,"minecraft:golden_leggings":1,"minecraft:smoker":6,"minecraft:potato":2,"minecraft:flint":18,"evilcraft:flesh_humanoid":2,"minecraft:stripped_birch_log":9,"minecraft:lapis_lazuli":292,"minecraft:dirt":144,"minecraft:bone":213,"minecraft:stonecutter":1,"minecraft:bow":9,"minecraft:wheat_seeds":102,"minecraft:bell":1,"minecraft:grindstone":1,"minecraft:rabbit":8,"minecraft:bamboo":2,"minecraft:oak_planks":46,"indreb:tin_ore":5,"minecraft:cooked_porkchop":37,"minecraft:sand":4849,"minecraft:ink_sac":1,"minecraft:orange_wool":1,"minecraft:chiseled_sandstone":321,"minecraft:mossy_cobblestone":4,"minecraft:blue_terracotta":10,"minecraft:sugar":10,"minecraft:diamond":8,"minecraft:granite":39,"minecraft:bread":249,"minecraft:golden_horse_armor":1,"minecraft:emerald":51,"minecraft:oak_sapling":85,"minecraft:netherrack":272,"minecraft:crafting_table":9,"minecraft:chicken":19,"tconstruct:materials_and_you":1,"minecraft:gold_block":6,"minecraft:shield":16,"minecraft:iron_axe":29,"minecraft:iron_shovel":13,"minecraft:cracked_stone_bricks":1,"minecraft:beef":61,"minecraft:observer":2,"minecraft:poppy":4,"minecraft:light_gray_wool":1,"minecraft:chest":5,"minecraft:sugar_cane":187,"minecraft:birch_sapling":110,"minecraft:egg":5,"minecraft:sandstone":520,"minecraft:oak_door":9,"minecraft:redstone":841,"twilightforest:firefly":2,"minecraft:stone_pressure_plate":8,"minecraft:iron_horse_armor":11,"minecraft:tnt":47,"tconstruct:sky_slime_ball":13,"minecraft:arrow":69,"minecraft:cooked_cod":8,"minecraft:beetroot_seeds":10,"minecraft:hay_block":158,"minecraft:sandstone_stairs":19,"minecraft:totem_of_undying":2,"minecraft:glistering_melon_slice":10,"minecraft:saddle":8,"minecraft:gold_ingot":5,"minecraft:mutton":43,"minecraft:white_wool":22,"minecraft:cut_sandstone":320,"minecraft:leather":30,"minecraft:birch_planks":114,"minecraft:oak_log":227,"minecraft:golden_boots":1,"minecraft:gunpowder":285,"minecraft:cobblestone_stairs":4,"minecraft:paper":6,"minecraft:white_banner":40,"minecraft:orange_terracotta":19,"minecraft:cooked_mutton":23,"minecraft:apple":9,"minecraft:stone_bricks":4,"industrialforegoing:latex_processing_unit":1,"minecraft:heart_of_the_sea":1,"minecraft:rabbit_hide":2,"minecraft:iron_ingot":578,"minecraft:cooked_chicken":6,"minecraft:iron_ore":372,"minecraft:glass_bottle":48,"minecraft:iron_sword":27,"minecraft:green_dye":1,"minecraft:book":24,"tconstruct:copper_ore":1,"minecraft:stone_brick_slab":1,"minecraft:quartz":33,"minecraft:gravel":67,"minecraft:spruce_sapling":110,"minecraft:blast_furnace":2,"minecraft:white_bed":7,"minecraft:spruce_log":273,"minecraft:gold_ore":71,"minecraft:spider_eye":73,"minecraft:slime_ball":208,"evilcraft:dark_gem":9,"minecraft:iron_helmet":11,"minecraft:diamond_axe":1,"minecraft:coal":1125,"minecraft:hopper":1},"minecraft:used":{"minecraft:beetroot":1,"minecraft:iron_shovel":938,"minecraft:oak_sign":9,"minecraft:chest":25,"minecraft:shield":101,"minecraft:stone":4,"minecraft:iron_sword":419,"minecraft:obsidian":8,"minecraft:glass":24,"minecraft:lava_bucket":1,"minecraft:bow":74,"minecraft:written_book":1,"minecraft:furnace":14,"minecraft:seagrass":1,"minecraft:diorite":3,"minecraft:stone_pickaxe":131,"minecraft:cactus":2,"minecraft:wooden_pickaxe":52,"minecraft:sandstone":63,"minecraft:diamond_axe":18,"integrateddynamics:menril_log":18,"minecraft:sugar_cane":34,"minecraft:sand":676,"tconstruct:copper_ore":1,"minecraft:blast_furnace":7,"minecraft:chiseled_sandstone":122,"minecraft:birch_slab":4,"minecraft:bread":101,"minecraft:gravel":27,"minecraft:grindstone":1,"minecraft:cooked_rabbit":3,"minecraft:birch_log":268,"minecraft:stone_sword":38,"minecraft:flint_and_steel":1,"minecraft:redstone":16,"minecraft:spruce_planks":8,"minecraft:cooked_chicken":8,"minecraft:netherrack":5,"minecraft:oak_door":12,"minecraft:torch":163,"minecraft:brewing_stand":1,"minecraft:dirt":73,"minecraft:hopper":2,"minecraft:granite":2,"minecraft:wooden_axe":32,"minecraft:iron_axe":605,"minecraft:cooked_beef":18,"minecraft:observer":8,"minecraft:orange_terracotta":4,"minecraft:cooked_mutton":8,"minecraft:water_bucket":2,"minecraft:cobblestone_stairs":81,"minecraft:sandstone_stairs":24,"minecraft:birch_planks":188,"minecraft:cut_sandstone":257,"minecraft:stonecutter":2,"industrialforegoing:latex_processing_unit":1,"minecraft:mossy_cobblestone":4,"minecraft:crafting_table":11,"minecraft:white_bed":9,"minecraft:spruce_log":255,"minecraft:smoker":11,"minecraft:oak_log":165,"minecraft:piston":14,"twilightforest:firefly":1,"minecraft:iron_pickaxe":2066,"minecraft:spruce_sapling":2,"minecraft:stone_axe":37,"minecraft:cobblestone":50,"minecraft:white_banner":1,"minecraft:cooked_porkchop":37,"minecraft:bucket":3},"minecraft:dropped":{"minecraft:birch_planks":1,"minecraft:emerald":49,"minecraft:dirt":45,"minecraft:mutton":2,"gravestone:obituary":1,"minecraft:sand":8,"minecraft:sugar":2,"minecraft:stone_axe":1,"minecraft:sugar_cane":28,"minecraft:wheat":185,"minecraft:rotten_flesh":43,"minecraft:quartz":23,"minecraft:netherrack":3,"minecraft:wheat_seeds":2,"minecraft:iron_helmet":1,"minecraft:observer":4,"minecraft:granite":5,"minecraft:diorite":3,"minecraft:green_dye":1,"integrateddynamics:crystalized_menril_chunk":2,"minecraft:iron_leggings":1,"minecraft:white_banner":1,"minecraft:iron_axe":1,"minecraft:spruce_sapling":1,"minecraft:stone_sword":1,"integrateddynamics:menril_log":1,"minecraft:potato":2,"minecraft:iron_chestplate":1,"minecraft:spider_eye":3,"minecraft:slime_ball":80,"minecraft:bow":1},"minecraft:killed_by":{"minecraft:creeper":3,"minecraft:ravager":4,"farlanders:fanmade_enderman":3,"minecraft:vindicator":15,"minecraft:zombie":2,"minecraft:vex":2,"minecraft:player":1,"minecraft:skeleton":2},"minecraft:broken":{"minecraft:golden_helmet":1,"minecraft:iron_shovel":3,"minecraft:iron_boots":1,"minecraft:stone_pickaxe":1,"minecraft:shield":1,"minecraft:iron_axe":4,"minecraft:iron_pickaxe":7},"minecraft:custom":{"minecraft:interact_with_crafting_table":109,"minecraft:bell_ring":7,"minecraft:leave_game":9,"minecraft:time_since_death":151194,"minecraft:sprint_one_cm":3161626,"minecraft:damage_blocked_by_shield":5727,"minecraft:drop":54,"minecraft:talked_to_villager":86,"minecraft:deaths":32,"minecraft:jump":7044,"minecraft:interact_with_brewingstand":1,"minecraft:walk_on_water_one_cm":198541,"minecraft:interact_with_furnace":70,"minecraft:traded_with_villager":141,"minecraft:play_one_minute":750987,"minecraft:sleep_in_bed":33,"minecraft:damage_dealt":37321,"minecraft:crouch_one_cm":38701,"minecraft:interact_with_smoker":41,"minecraft:interact_with_smithing_table":1,"minecraft:interact_with_anvil":2,"minecraft:mob_kills":305,"minecraft:climb_one_cm":2227,"minecraft:walk_one_cm":2320878,"minecraft:sneak_time":11173,"minecraft:walk_under_water_one_cm":152864,"minecraft:interact_with_blast_furnace":35,"minecraft:raid_trigger":1,"minecraft:interact_with_grindstone":1,"minecraft:interact_with_stonecutter":18,"minecraft:time_since_rest":26414,"minecraft:damage_taken":17329,"minecraft:swim_one_cm":745536,"minecraft:fly_one_cm":987448,"minecraft:open_chest":352,"minecraft:fall_one_cm":93368},"minecraft:killed":{"minecraft:witch":3,"minecraft:spider":20,"tconstruct:sky_slime":22,"minecraft:skeleton":40,"minecraft:chicken":19,"minecraft:turtle":3,"minecraft:pig":26,"farlanders:rebel":3,"minecraft:creeper":11,"minecraft:sheep":24,"minecraft:trader_llama":1,"minecraft:pillager":8,"minecraft:zombie":31,"minecraft:cow":32,"minecraft:evoker":1,"minecraft:vindicator":3,"twilightforest:tiny_bird":1,"minecraft:drowned":3,"minecraft:husk":19,"farlanders:looter":3,"minecraft:rabbit":8,"minecraft:bat":3,"twilightforest:kobold":2,"minecraft:wandering_trader":1,"twilightforest:bighorn_sheep":3,"minecraft:enderman":1}},"DataVersion":2586}