{"stats":{"minecraft:killed":{"minecraft:zombified_piglin":1,"minecraft:spider":1,"minecraft:cod":5,"minecraft:horse":4,"minecraft:skeleton":3,"minecraft:chicken":6,"minecraft:drowned":1,"minecraft:magma_cube":1,"minecraft:piglin":1,"minecraft:bat":1,"minecraft:creeper":2,"minecraft:sheep":8,"minecraft:zombie":12,"minecraft:blaze":20},"minecraft:picked_up":{"minecraft:crafting_table":17,"minecraft:chicken":6,"minecraft:nether_brick_fence":6,"minecraft:diamond_sword":1,"minecraft:wooden_pickaxe":1,"minecraft:string":9,"minecraft:flint_and_steel":1,"minecraft:diamond_leggings":2,"minecraft:gold_nugget":112,"minecraft:spruce_planks":16,"minecraft:light_gray_wool":1,"minecraft:sugar_cane":13,"minecraft:egg":3,"minecraft:furnace":11,"minecraft:stick":2,"minecraft:sandstone":2,"minecraft:oak_fence":5,"minecraft:torch":15,"minecraft:diorite":36,"minecraft:redstone":49,"minecraft:diamond_chestplate":1,"minecraft:arrow":3,"minecraft:rotten_flesh":10,"minecraft:nether_bricks":23,"minecraft:diamond_boots":2,"minecraft:blaze_rod":12,"minecraft:mutton":13,"minecraft:cod":5,"minecraft:rail":7,"minecraft:white_wool":6,"minecraft:cobblestone":991,"minecraft:magma_block":6,"minecraft:feather":7,"minecraft:andesite":107,"minecraft:leather":3,"minecraft:potato":2,"minecraft:filled_map":3,"minecraft:flint":1,"minecraft:oak_log":14,"minecraft:ancient_debris":4,"minecraft:golden_boots":1,"minecraft:gunpowder":11,"minecraft:paper":34,"minecraft:dirt":49,"minecraft:lapis_lazuli":100,"minecraft:bone":4,"minecraft:wheat_seeds":3,"minecraft:iron_ingot":19,"minecraft:stone_pickaxe":1,"minecraft:iron_ore":136,"minecraft:diamond_helmet":2,"minecraft:oak_planks":27,"minecraft:sweet_berries":32,"minecraft:gravel":14,"minecraft:spruce_sapling":4,"minecraft:spruce_log":27,"minecraft:gold_ore":29,"minecraft:diamond":76,"minecraft:crossbow":2,"minecraft:diamond_axe":3,"minecraft:granite":29,"minecraft:gray_wool":1,"minecraft:baked_potato":2,"minecraft:netherrack":122,"minecraft:coal":118,"minecraft:diamond_pickaxe":3},"minecraft:killed_by":{"minecraft:creeper":1,"minecraft:piglin":2,"minecraft:skeleton":1,"minecraft:blaze":1},"minecraft:custom":{"minecraft:mob_kills":68,"minecraft:interact_with_crafting_table":47,"minecraft:leave_game":2,"minecraft:time_since_death":12360,"minecraft:climb_one_cm":542,"minecraft:sprint_one_cm":301951,"minecraft:walk_one_cm":329809,"minecraft:damage_blocked_by_shield":1860,"minecraft:drop":54,"minecraft:deaths":5,"minecraft:sneak_time":24014,"minecraft:walk_under_water_one_cm":17189,"minecraft:jump":1366,"minecraft:walk_on_water_one_cm":25927,"minecraft:interact_with_furnace":114,"minecraft:play_one_minute":123115,"minecraft:time_since_rest":12392,"minecraft:damage_taken":2566,"minecraft:damage_dealt":10572,"minecraft:swim_one_cm":90254,"minecraft:fly_one_cm":173142,"minecraft:player_kills":1,"minecraft:open_chest":4,"minecraft:crouch_one_cm":66106,"minecraft:fall_one_cm":23815},"minecraft:dropped":{"minecraft:iron_ingot":4,"minecraft:wheat_seeds":2,"minecraft:oak_fence":5,"minecraft:granite":19,"minecraft:rail":7,"minecraft:leather_helmet":1,"minecraft:gray_wool":1,"minecraft:diorite":20,"minecraft:torch":6,"minecraft:iron_pickaxe":2,"minecraft:spruce_sapling":3,"minecraft:stone_axe":1,"minecraft:stone_sword":1,"minecraft:bowl":1,"minecraft:light_gray_wool":1,"minecraft:nether_brick_fence":3,"minecraft:spruce_planks":6,"minecraft:iron_chestplate":1,"minecraft:diamond_pickaxe":1,"minecraft:andesite":25,"minecraft:leather_leggings":1,"minecraft:bamboo":2,"minecraft:stone_pickaxe":4,"minecraft:wooden_pickaxe":4},"minecraft:broken":{"minecraft:iron_pickaxe":2},"minecraft:used":{"minecraft:nether_brick_fence":3,"minecraft:stone_sword":24,"minecraft:flint_and_steel":1,"minecraft:ladder":3,"minecraft:shield":26,"minecraft:iron_sword":104,"minecraft:cooked_chicken":4,"minecraft:rotten_flesh":10,"minecraft:torch":162,"minecraft:dirt":3,"minecraft:lava_bucket":9,"minecraft:iron_axe":21,"minecraft:sweet_berries":51,"minecraft:furnace":11,"minecraft:cooked_cod":5,"minecraft:egg":3,"minecraft:potato":2,"minecraft:cooked_mutton":1,"minecraft:water_bucket":14,"minecraft:diorite":11,"minecraft:stone_pickaxe":315,"minecraft:baked_potato":3,"minecraft:wooden_pickaxe":15,"minecraft:sandstone":2,"minecraft:diamond_axe":21,"minecraft:crafting_table":19,"minecraft:crossbow":1,"minecraft:diamond_pickaxe":412,"minecraft:iron_pickaxe":747,"minecraft:suspicious_stew":1,"minecraft:gravel":14,"minecraft:stone_axe":14,"minecraft:diamond_sword":70,"minecraft:cobblestone":141,"minecraft:bucket":25,"minecraft:andesite":25},"minecraft:mined":{"minecraft:nether_gold_ore":27,"minecraft:diamond_ore":75,"minecraft:nether_bricks":17,"minecraft:granite":25,"minecraft:grass_block":2,"minecraft:spruce_leaves":16,"minecraft:sandstone":2,"minecraft:spawner":2,"minecraft:large_fern":8,"minecraft:magma_block":3,"minecraft:redstone_ore":11,"minecraft:furnace":9,"minecraft:iron_ore":136,"minecraft:fire":30,"minecraft:andesite":90,"minecraft:nether_brick_fence":7,"minecraft:stone":804,"minecraft:crafting_table":15,"minecraft:torch":1,"minecraft:cobblestone":25,"minecraft:tall_grass":1,"minecraft:lapis_ore":16,"minecraft:sugar_cane":7,"minecraft:oak_planks":15,"minecraft:diorite":36,"minecraft:wall_torch":4,"minecraft:sweet_berry_bush":1,"minecraft:spruce_log":23,"minecraft:grass":5,"minecraft:coal_ore":110,"minecraft:oak_log":14,"minecraft:dirt":4,"minecraft:gravel":15,"minecraft:cobweb":9,"minecraft:ancient_debris":2,"minecraft:netherrack":44,"minecraft:gold_ore":20,"minecraft:oak_leaves":1,"minecraft:fern":2},"minecraft:crafted":{"minecraft:cooked_chicken":6,"minecraft:furnace":4,"minecraft:cooked_mutton":13,"minecraft:flint_and_steel":1,"minecraft:iron_boots":1,"minecraft:diamond_helmet":1,"minecraft:diamond_leggings":1,"minecraft:iron_axe":1,"minecraft:ladder":3,"minecraft:stone_pickaxe":4,"minecraft:diamond_boots":2,"minecraft:golden_boots":1,"minecraft:cooked_cod":5,"minecraft:diamond_sword":2,"minecraft:diamond_axe":1,"minecraft:crafting_table":6,"minecraft:spruce_planks":96,"minecraft:wooden_pickaxe":4,"minecraft:baked_potato":3,"minecraft:iron_helmet":1,"minecraft:iron_sword":1,"minecraft:bucket":2,"minecraft:stone_axe":1,"minecraft:air":0,"minecraft:iron_chestplate":2,"minecraft:diamond_pickaxe":2,"minecraft:shield":2,"minecraft:stick":104,"minecraft:iron_pickaxe":5,"minecraft:iron_ingot":84,"minecraft:stone_sword":1,"minecraft:gold_ingot":16,"minecraft:iron_leggings":1,"minecraft:torch":208,"minecraft:diamond_chestplate":2}},"DataVersion":2586}