{"stats":{"minecraft:crafted":{"minecraft:smooth_stone":13,"minecraft:oak_planks":436,"minecraft:cooked_chicken":9,"minecraft:stone":52,"minecraft:cobblestone_stairs":28,"minecraft:lever":1,"minecraft:bookshelf":6,"minecraft:cooked_mutton":52,"minecraft:hopper":7,"minecraft:bow":1,"minecraft:diamond_helmet":1,"minecraft:repeater":12,"minecraft:diamond_leggings":1,"minecraft:iron_boots":6,"minecraft:chest":36,"minecraft:item_frame":12,"minecraft:arrow":160,"minecraft:emerald":294,"minecraft:cooked_porkchop":21,"minecraft:crafting_table":4,"minecraft:spruce_planks":5380,"minecraft:iron_helmet":8,"minecraft:wooden_pickaxe":2,"minecraft:baked_potato":15,"minecraft:smithing_table":2,"minecraft:chainmail_chestplate":18,"minecraft:fletching_table":8,"minecraft:lectern":2,"minecraft:iron_chestplate":3,"minecraft:book":14,"minecraft:paper":114,"minecraft:charcoal":6,"minecraft:shield":5,"minecraft:stick":9077,"minecraft:stone_slab":6,"minecraft:iron_ingot":460,"minecraft:iron_pickaxe":17,"minecraft:stone_sword":2,"minecraft:gold_ingot":42,"minecraft:redstone_torch":24,"minecraft:spruce_fence_gate":3,"minecraft:shears":1,"minecraft:furnace":10,"minecraft:blast_furnace":4,"minecraft:piston":8,"minecraft:bone_meal":6,"minecraft:spruce_fence":84,"minecraft:iron_axe":20,"minecraft:spruce_slab":12,"minecraft:iron_hoe":1,"minecraft:stone_pickaxe":12,"minecraft:diamond_boots":1,"minecraft:chainmail_leggings":12,"minecraft:cooked_beef":59,"minecraft:crossbow":8,"minecraft:iron_sword":2,"minecraft:bucket":2,"minecraft:stone_axe":1,"minecraft:enchanted_book":8,"minecraft:bread":60,"minecraft:air":0,"minecraft:iron_shovel":3,"minecraft:iron_leggings":2,"minecraft:white_bed":7,"minecraft:torch":160,"minecraft:diamond_chestplate":1},"minecraft:broken":{"minecraft:iron_shovel":2,"minecraft:stone_pickaxe":3,"minecraft:shield":1,"minecraft:iron_axe":8,"minecraft:iron_pickaxe":13},"minecraft:custom":{"minecraft:animals_bred":74,"minecraft:interact_with_crafting_table":157,"minecraft:bell_ring":71,"minecraft:leave_game":11,"minecraft:time_since_death":73079,"minecraft:sprint_one_cm":1584337,"minecraft:damage_blocked_by_shield":5855,"minecraft:drop":325,"minecraft:talked_to_villager":209,"minecraft:deaths":12,"minecraft:jump":5227,"minecraft:walk_on_water_one_cm":55222,"minecraft:interact_with_furnace":146,"minecraft:traded_with_villager":395,"minecraft:play_one_minute":745924,"minecraft:sleep_in_bed":34,"minecraft:damage_dealt":14501,"minecraft:crouch_one_cm":91645,"minecraft:interact_with_smithing_table":7,"minecraft:mob_kills":133,"minecraft:inspect_hopper":14,"minecraft:walk_one_cm":2913396,"minecraft:sneak_time":31351,"minecraft:walk_under_water_one_cm":4582,"minecraft:interact_with_blast_furnace":20,"minecraft:interact_with_grindstone":2,"minecraft:time_since_rest":131,"minecraft:damage_taken":4802,"minecraft:fly_one_cm":168708,"minecraft:open_chest":281,"minecraft:fall_one_cm":50081},"minecraft:used":{"minecraft:iron_shovel":609,"minecraft:chest":32,"minecraft:shield":89,"minecraft:iron_sword":213,"minecraft:bell":4,"minecraft:item_frame":12,"minecraft:repeater":23,"minecraft:furnace":15,"minecraft:oak_sapling":21,"minecraft:egg":9,"minecraft:diorite":4,"minecraft:spruce_door":2,"minecraft:stone_pickaxe":317,"minecraft:oak_planks":13,"minecraft:wooden_pickaxe":35,"minecraft:composter":3,"minecraft:blue_bed":13,"minecraft:sugar_cane":33,"minecraft:blast_furnace":11,"minecraft:crossbow":3,"minecraft:redstone_torch":6,"minecraft:lever":3,"minecraft:bread":6,"minecraft:lectern":5,"minecraft:gravel":91,"minecraft:grindstone":6,"minecraft:smithing_table":6,"minecraft:andesite":4,"minecraft:bone_meal":6,"minecraft:stone_sword":53,"minecraft:redstone":136,"minecraft:spruce_planks":1,"minecraft:cooked_chicken":9,"minecraft:torch":164,"minecraft:dirt":438,"minecraft:hopper":11,"minecraft:spruce_stairs":42,"minecraft:spruce_fence":123,"minecraft:granite":16,"minecraft:iron_hoe":258,"minecraft:iron_axe":2261,"minecraft:cooked_beef":7,"minecraft:wheat_seeds":730,"minecraft:cooked_mutton":11,"minecraft:water_bucket":39,"minecraft:cobblestone_stairs":44,"minecraft:baked_potato":1,"minecraft:fletching_table":16,"minecraft:stonecutter":3,"minecraft:spruce_fence_gate":2,"minecraft:mossy_cobblestone":1,"minecraft:crafting_table":18,"minecraft:white_bed":6,"minecraft:spruce_log":25,"minecraft:piston":12,"minecraft:apple":1,"minecraft:iron_pickaxe":3576,"minecraft:spruce_trapdoor":7,"minecraft:spruce_sapling":96,"minecraft:stone_axe":29,"minecraft:cobblestone":1006,"minecraft:purple_bed":8,"minecraft:cooked_porkchop":9,"minecraft:bucket":41},"minecraft:mined":{"minecraft:spruce_planks":133,"minecraft:oak_sapling":1,"minecraft:farmland":30,"minecraft:cobblestone_stairs":18,"minecraft:spruce_trapdoor":75,"minecraft:granite":127,"minecraft:grass_block":191,"minecraft:composter":5,"minecraft:hopper":4,"minecraft:iron_ore":478,"minecraft:pumpkin":16,"minecraft:fletching_table":15,"minecraft:spruce_pressure_plate":2,"minecraft:spruce_slab":4,"minecraft:torch":14,"minecraft:blast_furnace":7,"minecraft:poppy":1,"minecraft:chest":3,"minecraft:cobblestone":596,"minecraft:grindstone":8,"minecraft:sugar_cane":90,"minecraft:oak_planks":16,"minecraft:wall_torch":17,"minecraft:repeater":10,"minecraft:wheat":216,"minecraft:pumpkin_stem":14,"minecraft:grass":41,"minecraft:oak_log":111,"minecraft:dirt":226,"minecraft:stonecutter":4,"minecraft:piston":4,"minecraft:oak_leaves":65,"minecraft:attached_pumpkin_stem":6,"minecraft:diamond_ore":4,"minecraft:mossy_cobblestone":58,"minecraft:spruce_fence":43,"minecraft:redstone_wire":99,"minecraft:spruce_leaves":145,"minecraft:large_fern":27,"minecraft:redstone_ore":44,"minecraft:furnace":10,"minecraft:snow":59,"minecraft:andesite":38,"minecraft:gold_block":2,"minecraft:bell":4,"minecraft:rail":1,"minecraft:potted_spruce_sapling":1,"minecraft:stone":1734,"minecraft:smithing_table":4,"minecraft:glass_pane":20,"minecraft:spruce_door":12,"minecraft:crafting_table":15,"minecraft:emerald_ore":8,"minecraft:lectern":3,"minecraft:tall_grass":12,"minecraft:lapis_ore":12,"minecraft:diorite":23,"minecraft:blue_bed":13,"minecraft:spruce_stairs":52,"minecraft:purple_bed":8,"minecraft:cobblestone_wall":48,"minecraft:redstone_torch":6,"minecraft:spruce_log":1432,"minecraft:grass_path":126,"minecraft:coal_ore":620,"minecraft:sunflower":1,"minecraft:gravel":115,"minecraft:cobweb":2,"minecraft:gold_ore":43,"minecraft:infested_stone":3,"minecraft:fern":6},"minecraft:killed":{"minecraft:spider":2,"minecraft:skeleton":10,"minecraft:fox":1,"minecraft:chicken":9,"minecraft:pig":13,"minecraft:creeper":2,"minecraft:sheep":35,"minecraft:trader_llama":1,"minecraft:zombie":15,"minecraft:cow":38},"minecraft:killed_by":{"minecraft:creeper":5,"minecraft:silverfish":1,"minecraft:zombie":2,"minecraft:skeleton":4},"minecraft:dropped":{"minecraft:iron_sword":1,"minecraft:cobblestone_stairs":1,"minecraft:dirt":1,"minecraft:snowball":46,"minecraft:sunflower":1,"minecraft:white_wool":4,"minecraft:gravel":9,"minecraft:rotten_flesh":10,"minecraft:fern":1,"minecraft:chainmail_chestplate":18,"minecraft:spruce_pressure_plate":3,"minecraft:spruce_slab":4,"minecraft:bread":63,"minecraft:wheat_seeds":93,"minecraft:mossy_cobblestone":50,"minecraft:feather":7,"minecraft:granite":73,"minecraft:spruce_door":7,"minecraft:spruce_stairs":9,"minecraft:gray_wool":1,"minecraft:diorite":9,"minecraft:pumpkin":9,"minecraft:stonecutter":1,"minecraft:chainmail_leggings":12,"minecraft:string":1,"minecraft:spruce_sapling":9,"minecraft:stone_sword":1,"minecraft:cobblestone_wall":47,"minecraft:composter":4,"minecraft:light_gray_wool":2,"minecraft:pumpkin_seeds":32,"minecraft:spruce_trapdoor":60,"minecraft:andesite":10,"minecraft:spider_eye":2,"minecraft:stone_pickaxe":10,"minecraft:wooden_pickaxe":2},"minecraft:picked_up":{"minecraft:iron_chestplate":8,"minecraft:wheat":187,"minecraft:smithing_table":4,"minecraft:lead":1,"minecraft:enchanted_book":1,"minecraft:string":13,"minecraft:iron_leggings":8,"minecraft:diamond_leggings":1,"minecraft:bucket":1,"minecraft:spruce_planks":316,"minecraft:redstone_torch":6,"minecraft:iron_pickaxe":5,"minecraft:furnace":11,"minecraft:iron_boots":3,"minecraft:spruce_pressure_plate":3,"minecraft:stick":113,"minecraft:composter":7,"minecraft:torch":128,"minecraft:spruce_stairs":51,"minecraft:porkchop":32,"minecraft:diorite":37,"minecraft:stone_sword":2,"minecraft:rotten_flesh":20,"minecraft:snowball":46,"minecraft:cobblestone":3366,"minecraft:feather":7,"minecraft:cooked_beef":19,"minecraft:repeater":11,"minecraft:andesite":62,"minecraft:flint":16,"minecraft:lapis_lazuli":77,"minecraft:dirt":646,"minecraft:bone":28,"minecraft:stonecutter":5,"minecraft:bow":1,"minecraft:wheat_seeds":527,"minecraft:bell":4,"minecraft:grindstone":8,"minecraft:fletching_table":15,"minecraft:diamond_helmet":1,"minecraft:oak_planks":16,"minecraft:cooked_porkchop":18,"minecraft:mossy_cobblestone":57,"minecraft:iron_hoe":1,"minecraft:diamond":7,"minecraft:lever":2,"minecraft:crossbow":1,"minecraft:granite":144,"minecraft:bread":23,"minecraft:emerald":15,"minecraft:oak_sapling":21,"minecraft:crafting_table":21,"minecraft:chicken":9,"minecraft:gold_block":2,"minecraft:shield":4,"minecraft:iron_axe":3,"minecraft:iron_shovel":1,"minecraft:beef":78,"minecraft:poppy":2,"minecraft:spruce_slab":4,"minecraft:light_gray_wool":2,"minecraft:lectern":3,"minecraft:sugar_cane":182,"minecraft:chest":3,"minecraft:piston":4,"minecraft:spruce_trapdoor":74,"minecraft:egg":9,"minecraft:spruce_fence":69,"minecraft:redstone":326,"minecraft:arrow":127,"minecraft:diamond_chestplate":1,"minecraft:diamond_boots":1,"minecraft:mutton":52,"minecraft:white_wool":47,"minecraft:rail":3,"minecraft:leather":41,"minecraft:fern":1,"minecraft:oak_log":109,"minecraft:cobblestone_wall":47,"minecraft:cobblestone_stairs":18,"minecraft:blue_bed":13,"minecraft:cooked_mutton":30,"minecraft:apple":1,"minecraft:iron_ingot":265,"minecraft:stone_pickaxe":2,"minecraft:iron_ore":511,"minecraft:iron_sword":7,"minecraft:pumpkin":15,"minecraft:dandelion":1,"minecraft:gravel":122,"minecraft:spruce_sapling":107,"minecraft:blast_furnace":7,"minecraft:spruce_log":1474,"minecraft:gold_ore":54,"minecraft:spruce_door":13,"minecraft:spider_eye":2,"minecraft:pumpkin_seeds":32,"minecraft:purple_bed":8,"minecraft:iron_helmet":2,"minecraft:gray_wool":1,"minecraft:baked_potato":60,"minecraft:coal":919,"minecraft:hopper":4,"minecraft:sunflower":1}},"DataVersion":2586}