{"stats":{"minecraft:broken":{"minecraft:iron_shovel":2,"minecraft:stone_pickaxe":3,"minecraft:shield":1,"minecraft:iron_axe":4,"minecraft:iron_pickaxe":8},"minecraft:used":{"minecraft:stone_sword":53,"minecraft:iron_shovel":506,"minecraft:redstone":120,"minecraft:chest":7,"minecraft:shield":71,"minecraft:iron_sword":159,"minecraft:bell":4,"minecraft:cooked_chicken":5,"minecraft:torch":113,"minecraft:dirt":191,"minecraft:hopper":4,"minecraft:spruce_stairs":42,"minecraft:spruce_fence":41,"minecraft:granite":16,"minecraft:iron_hoe":148,"minecraft:iron_axe":1131,"minecraft:repeater":12,"minecraft:furnace":10,"minecraft:egg":3,"minecraft:cooked_beef":7,"minecraft:wheat_seeds":147,"minecraft:cooked_mutton":2,"minecraft:water_bucket":14,"minecraft:diorite":2,"minecraft:cobblestone_stairs":44,"minecraft:spruce_door":2,"minecraft:stone_pickaxe":317,"minecraft:baked_potato":1,"minecraft:sugar_cane":2,"minecraft:spruce_fence_gate":2,"minecraft:wooden_pickaxe":35,"minecraft:stonecutter":3,"minecraft:composter":3,"minecraft:fletching_table":11,"minecraft:blue_bed":10,"minecraft:mossy_cobblestone":1,"minecraft:blast_furnace":4,"minecraft:crafting_table":17,"minecraft:white_bed":1,"minecraft:redstone_torch":6,"minecraft:piston":8,"minecraft:lever":1,"minecraft:bread":6,"minecraft:iron_pickaxe":2333,"minecraft:spruce_trapdoor":6,"minecraft:gravel":91,"minecraft:spruce_sapling":4,"minecraft:stone_axe":29,"minecraft:cobblestone":430,"minecraft:purple_bed":6,"minecraft:grindstone":6,"minecraft:cooked_porkchop":8,"minecraft:smithing_table":2,"minecraft:andesite":3,"minecraft:bucket":15},"minecraft:picked_up":{"minecraft:iron_chestplate":8,"minecraft:crafting_table":21,"minecraft:wheat":52,"minecraft:chicken":9,"minecraft:smithing_table":1,"minecraft:gold_block":2,"minecraft:shield":3,"minecraft:string":8,"minecraft:iron_axe":1,"minecraft:iron_leggings":8,"minecraft:spruce_planks":181,"minecraft:beef":18,"minecraft:redstone_torch":6,"minecraft:spruce_slab":4,"minecraft:iron_pickaxe":3,"minecraft:light_gray_wool":2,"minecraft:sugar_cane":2,"minecraft:chest":3,"minecraft:piston":4,"minecraft:spruce_trapdoor":69,"minecraft:furnace":8,"minecraft:iron_boots":3,"minecraft:egg":3,"minecraft:spruce_pressure_plate":3,"minecraft:stick":40,"minecraft:composter":7,"minecraft:torch":110,"minecraft:spruce_stairs":49,"minecraft:spruce_fence":14,"minecraft:porkchop":21,"minecraft:diorite":35,"minecraft:redstone":320,"minecraft:stone_sword":2,"minecraft:arrow":25,"minecraft:rotten_flesh":13,"minecraft:mutton":31,"minecraft:snowball":46,"minecraft:white_wool":17,"minecraft:cobblestone":2520,"minecraft:feather":7,"minecraft:repeater":5,"minecraft:andesite":62,"minecraft:leather":8,"minecraft:fern":1,"minecraft:flint":16,"minecraft:cobblestone_wall":17,"minecraft:oak_log":50,"minecraft:cobblestone_stairs":17,"minecraft:blue_bed":10,"minecraft:dirt":463,"minecraft:lapis_lazuli":77,"minecraft:bone":25,"minecraft:stonecutter":5,"minecraft:bow":1,"minecraft:wheat_seeds":149,"minecraft:bell":4,"minecraft:grindstone":7,"minecraft:stone_pickaxe":2,"minecraft:iron_ingot":261,"minecraft:iron_ore":397,"minecraft:fletching_table":9,"minecraft:iron_sword":6,"minecraft:cooked_porkchop":7,"minecraft:pumpkin":15,"minecraft:gravel":120,"minecraft:blast_furnace":3,"minecraft:spruce_sapling":13,"minecraft:spruce_log":723,"minecraft:gold_ore":44,"minecraft:spruce_door":12,"minecraft:spider_eye":2,"minecraft:mossy_cobblestone":49,"minecraft:pumpkin_seeds":32,"minecraft:purple_bed":6,"minecraft:diamond":7,"minecraft:iron_helmet":2,"minecraft:granite":108,"minecraft:gray_wool":1,"minecraft:emerald":15,"minecraft:bread":15,"minecraft:baked_potato":60,"minecraft:coal":620,"minecraft:sunflower":1},"minecraft:crafted":{"minecraft:smooth_stone":13,"minecraft:oak_planks":200,"minecraft:cooked_chicken":5,"minecraft:furnace":6,"minecraft:blast_furnace":2,"minecraft:piston":4,"minecraft:stone":46,"minecraft:cobblestone_stairs":28,"minecraft:lever":1,"minecraft:spruce_fence":45,"minecraft:cooked_mutton":31,"minecraft:hopper":4,"minecraft:diamond_leggings":1,"minecraft:repeater":7,"minecraft:bow":1,"minecraft:iron_boots":6,"minecraft:iron_axe":19,"minecraft:iron_hoe":1,"minecraft:stone_pickaxe":2,"minecraft:chest":8,"minecraft:chainmail_leggings":12,"minecraft:cooked_beef":7,"minecraft:crossbow":8,"minecraft:arrow":64,"minecraft:emerald":157,"minecraft:cooked_porkchop":21,"minecraft:crafting_table":4,"minecraft:spruce_planks":2648,"minecraft:wooden_pickaxe":2,"minecraft:baked_potato":15,"minecraft:iron_helmet":8,"minecraft:iron_sword":2,"minecraft:chainmail_chestplate":18,"minecraft:smithing_table":1,"minecraft:fletching_table":8,"minecraft:bucket":2,"minecraft:stone_axe":1,"minecraft:bread":14,"minecraft:air":0,"minecraft:iron_chestplate":3,"minecraft:charcoal":6,"minecraft:shield":5,"minecraft:stick":5121,"minecraft:stone_slab":6,"minecraft:iron_ingot":334,"minecraft:iron_pickaxe":13,"minecraft:stone_sword":2,"minecraft:gold_ingot":32,"minecraft:iron_shovel":3,"minecraft:iron_leggings":2,"minecraft:white_bed":2,"minecraft:redstone_torch":16,"minecraft:spruce_fence_gate":2,"minecraft:torch":160,"minecraft:diamond_chestplate":1},"minecraft:killed_by":{"minecraft:creeper":4,"minecraft:silverfish":1,"minecraft:skeleton":4,"minecraft:zombie":2},"minecraft:custom":{"minecraft:interact_with_smithing_table":5,"minecraft:mob_kills":73,"minecraft:animals_bred":6,"minecraft:interact_with_crafting_table":104,"minecraft:bell_ring":70,"minecraft:leave_game":1,"minecraft:time_since_death":295034,"minecraft:sprint_one_cm":997320,"minecraft:walk_one_cm":1642819,"minecraft:damage_blocked_by_shield":4715,"minecraft:drop":171,"minecraft:talked_to_villager":91,"minecraft:deaths":11,"minecraft:sneak_time":20723,"minecraft:walk_under_water_one_cm":1146,"minecraft:jump":3294,"minecraft:interact_with_blast_furnace":3,"minecraft:walk_on_water_one_cm":32001,"minecraft:interact_with_furnace":117,"minecraft:traded_with_villager":227,"minecraft:play_one_minute":442045,"minecraft:interact_with_grindstone":2,"minecraft:sleep_in_bed":17,"minecraft:time_since_rest":12673,"minecraft:damage_taken":4329,"minecraft:damage_dealt":7991,"minecraft:fly_one_cm":104526,"minecraft:open_chest":109,"minecraft:crouch_one_cm":54476,"minecraft:fall_one_cm":30368},"minecraft:mined":{"minecraft:attached_pumpkin_stem":6,"minecraft:diamond_ore":4,"minecraft:spruce_planks":126,"minecraft:farmland":30,"minecraft:mossy_cobblestone":50,"minecraft:cobblestone_stairs":17,"minecraft:spruce_trapdoor":69,"minecraft:granite":91,"minecraft:spruce_fence":14,"minecraft:grass_block":165,"minecraft:redstone_wire":93,"minecraft:spruce_leaves":42,"minecraft:composter":5,"minecraft:large_fern":25,"minecraft:redstone_ore":44,"minecraft:furnace":7,"minecraft:iron_ore":365,"minecraft:snow":59,"minecraft:andesite":38,"minecraft:pumpkin":16,"minecraft:fletching_table":9,"minecraft:gold_block":2,"minecraft:bell":4,"minecraft:spruce_pressure_plate":2,"minecraft:potted_spruce_sapling":1,"minecraft:stone":1025,"minecraft:spruce_slab":4,"minecraft:smithing_table":1,"minecraft:glass_pane":17,"minecraft:spruce_door":11,"minecraft:crafting_table":15,"minecraft:torch":9,"minecraft:blast_furnace":3,"minecraft:emerald_ore":8,"minecraft:poppy":1,"minecraft:chest":3,"minecraft:tall_grass":9,"minecraft:cobblestone":488,"minecraft:lapis_ore":12,"minecraft:grindstone":7,"minecraft:sugar_cane":1,"minecraft:diorite":21,"minecraft:blue_bed":10,"minecraft:wall_torch":13,"minecraft:spruce_stairs":50,"minecraft:repeater":5,"minecraft:purple_bed":6,"minecraft:cobblestone_wall":17,"minecraft:redstone_torch":6,"minecraft:wheat":65,"minecraft:spruce_log":699,"minecraft:pumpkin_stem":14,"minecraft:grass_path":24,"minecraft:grass":29,"minecraft:oak_log":51,"minecraft:coal_ore":414,"minecraft:sunflower":1,"minecraft:gravel":114,"minecraft:dirt":218,"minecraft:stonecutter":4,"minecraft:gold_ore":32,"minecraft:piston":4,"minecraft:oak_leaves":15,"minecraft:fern":4,"minecraft:infested_stone":3},"minecraft:dropped":{"minecraft:iron_sword":1,"minecraft:mossy_cobblestone":42,"minecraft:feather":7,"minecraft:granite":63,"minecraft:spruce_door":6,"minecraft:spruce_stairs":7,"minecraft:cobblestone_stairs":1,"minecraft:dirt":1,"minecraft:gray_wool":1,"minecraft:diorite":9,"minecraft:snowball":46,"minecraft:pumpkin":9,"minecraft:sunflower":1,"minecraft:stonecutter":1,"minecraft:chainmail_leggings":12,"minecraft:white_wool":4,"minecraft:spruce_sapling":7,"minecraft:gravel":7,"minecraft:cobblestone_wall":17,"minecraft:stone_sword":1,"minecraft:composter":4,"minecraft:rotten_flesh":3,"minecraft:light_gray_wool":2,"minecraft:fern":1,"minecraft:pumpkin_seeds":32,"minecraft:chainmail_chestplate":18,"minecraft:spruce_trapdoor":55,"minecraft:andesite":7,"minecraft:spruce_pressure_plate":3,"minecraft:spider_eye":2,"minecraft:spruce_slab":2,"minecraft:wooden_pickaxe":2},"minecraft:killed":{"minecraft:spider":2,"minecraft:skeleton":7,"minecraft:fox":1,"minecraft:chicken":9,"minecraft:pig":9,"minecraft:creeper":1,"minecraft:sheep":20,"minecraft:zombie":11,"minecraft:cow":7}},"DataVersion":2586}