{"stats":{"minecraft:crafted":{"minecraft:smooth_stone":13,"minecraft:oak_planks":348,"minecraft:cooked_chicken":9,"minecraft:furnace":8,"minecraft:blast_furnace":2,"minecraft:piston":8,"minecraft:cobblestone_stairs":28,"minecraft:stone":46,"minecraft:lever":1,"minecraft:spruce_fence":63,"minecraft:bookshelf":1,"minecraft:cooked_mutton":52,"minecraft:hopper":5,"minecraft:diamond_leggings":1,"minecraft:repeater":7,"minecraft:diamond_helmet":1,"minecraft:bow":1,"minecraft:iron_boots":6,"minecraft:iron_axe":20,"minecraft:iron_hoe":1,"minecraft:spruce_slab":6,"minecraft:stone_pickaxe":2,"minecraft:chest":33,"minecraft:diamond_boots":1,"minecraft:chainmail_leggings":12,"minecraft:cooked_beef":59,"minecraft:item_frame":12,"minecraft:crossbow":8,"minecraft:arrow":160,"minecraft:emerald":243,"minecraft:cooked_porkchop":21,"minecraft:crafting_table":4,"minecraft:spruce_planks":4664,"minecraft:baked_potato":15,"minecraft:wooden_pickaxe":2,"minecraft:iron_helmet":8,"minecraft:iron_sword":2,"minecraft:chainmail_chestplate":18,"minecraft:smithing_table":1,"minecraft:fletching_table":8,"minecraft:bucket":2,"minecraft:stone_axe":1,"minecraft:air":0,"minecraft:bread":40,"minecraft:lectern":1,"minecraft:book":12,"minecraft:iron_chestplate":3,"minecraft:paper":39,"minecraft:charcoal":6,"minecraft:shield":5,"minecraft:stick":7905,"minecraft:stone_slab":6,"minecraft:iron_ingot":438,"minecraft:iron_pickaxe":17,"minecraft:stone_sword":2,"minecraft:iron_shovel":3,"minecraft:gold_ingot":42,"minecraft:iron_leggings":2,"minecraft:white_bed":2,"minecraft:redstone_torch":16,"minecraft:spruce_fence_gate":3,"minecraft:torch":160,"minecraft:diamond_chestplate":1},"minecraft:picked_up":{"minecraft:iron_chestplate":8,"minecraft:crafting_table":21,"minecraft:wheat":140,"minecraft:chicken":9,"minecraft:smithing_table":4,"minecraft:lead":1,"minecraft:gold_block":2,"minecraft:shield":3,"minecraft:string":13,"minecraft:iron_axe":1,"minecraft:iron_leggings":8,"minecraft:spruce_planks":188,"minecraft:beef":78,"minecraft:redstone_torch":6,"minecraft:light_gray_wool":2,"minecraft:iron_pickaxe":3,"minecraft:spruce_slab":4,"minecraft:lectern":3,"minecraft:sugar_cane":65,"minecraft:chest":3,"minecraft:spruce_trapdoor":74,"minecraft:piston":4,"minecraft:iron_boots":3,"minecraft:furnace":10,"minecraft:egg":9,"minecraft:spruce_pressure_plate":3,"minecraft:stick":89,"minecraft:composter":7,"minecraft:torch":127,"minecraft:spruce_stairs":51,"minecraft:spruce_fence":38,"minecraft:porkchop":32,"minecraft:diorite":37,"minecraft:redstone":326,"minecraft:stone_sword":2,"minecraft:arrow":29,"minecraft:rotten_flesh":14,"minecraft:mutton":52,"minecraft:snowball":46,"minecraft:rail":3,"minecraft:white_wool":32,"minecraft:cobblestone":3207,"minecraft:feather":7,"minecraft:repeater":11,"minecraft:andesite":62,"minecraft:leather":41,"minecraft:fern":1,"minecraft:flint":16,"minecraft:oak_log":87,"minecraft:cobblestone_wall":47,"minecraft:cobblestone_stairs":18,"minecraft:lapis_lazuli":77,"minecraft:dirt":611,"minecraft:blue_bed":13,"minecraft:bone":25,"minecraft:bow":1,"minecraft:stonecutter":5,"minecraft:wheat_seeds":350,"minecraft:bell":4,"minecraft:iron_ingot":261,"minecraft:grindstone":8,"minecraft:stone_pickaxe":2,"minecraft:iron_ore":511,"minecraft:fletching_table":15,"minecraft:iron_sword":6,"minecraft:oak_planks":16,"minecraft:cooked_porkchop":18,"minecraft:pumpkin":15,"minecraft:gravel":122,"minecraft:spruce_sapling":82,"minecraft:blast_furnace":7,"minecraft:spruce_log":1334,"minecraft:gold_ore":54,"minecraft:spruce_door":13,"minecraft:spider_eye":2,"minecraft:mossy_cobblestone":57,"minecraft:pumpkin_seeds":32,"minecraft:purple_bed":8,"minecraft:diamond":7,"minecraft:lever":2,"minecraft:iron_helmet":2,"minecraft:granite":137,"minecraft:gray_wool":1,"minecraft:bread":23,"minecraft:emerald":15,"minecraft:baked_potato":60,"minecraft:oak_sapling":12,"minecraft:coal":862,"minecraft:hopper":4,"minecraft:sunflower":1},"minecraft:killed_by":{"minecraft:creeper":4,"minecraft:silverfish":1,"minecraft:skeleton":4,"minecraft:zombie":2},"minecraft:dropped":{"minecraft:bread":43,"minecraft:iron_sword":1,"minecraft:wheat_seeds":34,"minecraft:mossy_cobblestone":50,"minecraft:feather":7,"minecraft:granite":73,"minecraft:spruce_door":7,"minecraft:spruce_stairs":9,"minecraft:cobblestone_stairs":1,"minecraft:dirt":1,"minecraft:gray_wool":1,"minecraft:diorite":9,"minecraft:snowball":46,"minecraft:pumpkin":9,"minecraft:sunflower":1,"minecraft:stonecutter":1,"minecraft:chainmail_leggings":12,"minecraft:string":1,"minecraft:white_wool":4,"minecraft:spruce_sapling":9,"minecraft:gravel":9,"minecraft:stone_sword":1,"minecraft:cobblestone_wall":47,"minecraft:composter":4,"minecraft:rotten_flesh":4,"minecraft:light_gray_wool":2,"minecraft:fern":1,"minecraft:pumpkin_seeds":32,"minecraft:chainmail_chestplate":18,"minecraft:spruce_trapdoor":60,"minecraft:andesite":10,"minecraft:spruce_pressure_plate":3,"minecraft:spider_eye":2,"minecraft:spruce_slab":4,"minecraft:wooden_pickaxe":2},"minecraft:mined":{"minecraft:attached_pumpkin_stem":6,"minecraft:diamond_ore":4,"minecraft:spruce_planks":133,"minecraft:oak_sapling":1,"minecraft:farmland":30,"minecraft:mossy_cobblestone":58,"minecraft:cobblestone_stairs":18,"minecraft:spruce_trapdoor":75,"minecraft:granite":120,"minecraft:spruce_fence":38,"minecraft:grass_block":173,"minecraft:redstone_wire":99,"minecraft:spruce_leaves":123,"minecraft:composter":5,"minecraft:hopper":4,"minecraft:large_fern":26,"minecraft:redstone_ore":44,"minecraft:furnace":9,"minecraft:iron_ore":478,"minecraft:snow":59,"minecraft:andesite":38,"minecraft:pumpkin":16,"minecraft:fletching_table":15,"minecraft:gold_block":2,"minecraft:bell":4,"minecraft:rail":1,"minecraft:spruce_pressure_plate":2,"minecraft:potted_spruce_sapling":1,"minecraft:stone":1623,"minecraft:spruce_slab":4,"minecraft:smithing_table":4,"minecraft:glass_pane":20,"minecraft:spruce_door":12,"minecraft:crafting_table":15,"minecraft:torch":14,"minecraft:blast_furnace":7,"minecraft:emerald_ore":8,"minecraft:poppy":1,"minecraft:chest":3,"minecraft:lectern":3,"minecraft:tall_grass":9,"minecraft:cobblestone":588,"minecraft:lapis_ore":12,"minecraft:oak_planks":16,"minecraft:grindstone":8,"minecraft:sugar_cane":44,"minecraft:blue_bed":13,"minecraft:wall_torch":17,"minecraft:diorite":23,"minecraft:spruce_stairs":52,"minecraft:purple_bed":8,"minecraft:repeater":10,"minecraft:cobblestone_wall":48,"minecraft:redstone_torch":6,"minecraft:wheat":131,"minecraft:spruce_log":1282,"minecraft:pumpkin_stem":14,"minecraft:grass_path":123,"minecraft:grass":33,"minecraft:coal_ore":620,"minecraft:oak_log":89,"minecraft:sunflower":1,"minecraft:gravel":115,"minecraft:dirt":223,"minecraft:cobweb":2,"minecraft:stonecutter":4,"minecraft:gold_ore":43,"minecraft:piston":4,"minecraft:oak_leaves":51,"minecraft:fern":6,"minecraft:infested_stone":3},"minecraft:broken":{"minecraft:iron_shovel":2,"minecraft:stone_pickaxe":3,"minecraft:shield":1,"minecraft:iron_axe":7,"minecraft:iron_pickaxe":12},"minecraft:custom":{"minecraft:interact_with_smithing_table":7,"minecraft:mob_kills":129,"minecraft:animals_bred":67,"minecraft:inspect_hopper":13,"minecraft:interact_with_crafting_table":136,"minecraft:bell_ring":71,"minecraft:leave_game":10,"minecraft:time_since_death":519694,"minecraft:sprint_one_cm":1419335,"minecraft:walk_one_cm":2574856,"minecraft:damage_blocked_by_shield":5275,"minecraft:drop":285,"minecraft:talked_to_villager":146,"minecraft:deaths":11,"minecraft:sneak_time":28941,"minecraft:walk_under_water_one_cm":4582,"minecraft:jump":4774,"minecraft:interact_with_blast_furnace":15,"minecraft:walk_on_water_one_cm":52987,"minecraft:interact_with_furnace":136,"minecraft:traded_with_villager":322,"minecraft:play_one_minute":666705,"minecraft:interact_with_grindstone":2,"minecraft:sleep_in_bed":30,"minecraft:time_since_rest":6563,"minecraft:damage_taken":4481,"minecraft:damage_dealt":13830,"minecraft:fly_one_cm":152214,"minecraft:open_chest":214,"minecraft:crouch_one_cm":82696,"minecraft:fall_one_cm":44100},"minecraft:killed":{"minecraft:spider":2,"minecraft:skeleton":9,"minecraft:fox":1,"minecraft:chicken":9,"minecraft:pig":13,"minecraft:creeper":2,"minecraft:sheep":35,"minecraft:trader_llama":1,"minecraft:zombie":13,"minecraft:cow":38},"minecraft:used":{"minecraft:stone_sword":53,"minecraft:iron_shovel":602,"minecraft:redstone":132,"minecraft:chest":31,"minecraft:spruce_planks":1,"minecraft:shield":82,"minecraft:iron_sword":209,"minecraft:bell":4,"minecraft:cooked_chicken":9,"minecraft:torch":160,"minecraft:dirt":335,"minecraft:hopper":8,"minecraft:spruce_stairs":42,"minecraft:granite":16,"minecraft:spruce_fence":96,"minecraft:iron_hoe":163,"minecraft:iron_axe":2038,"minecraft:item_frame":12,"minecraft:repeater":18,"minecraft:oak_sapling":12,"minecraft:furnace":14,"minecraft:egg":9,"minecraft:cooked_beef":7,"minecraft:wheat_seeds":470,"minecraft:cooked_mutton":7,"minecraft:water_bucket":24,"minecraft:diorite":4,"minecraft:cobblestone_stairs":44,"minecraft:spruce_door":2,"minecraft:baked_potato":1,"minecraft:oak_planks":13,"minecraft:stone_pickaxe":317,"minecraft:sugar_cane":24,"minecraft:wooden_pickaxe":35,"minecraft:blue_bed":13,"minecraft:composter":3,"minecraft:fletching_table":16,"minecraft:spruce_fence_gate":2,"minecraft:stonecutter":3,"minecraft:mossy_cobblestone":1,"minecraft:blast_furnace":9,"minecraft:crafting_table":18,"minecraft:crossbow":3,"minecraft:white_bed":1,"minecraft:spruce_log":21,"minecraft:redstone_torch":6,"minecraft:piston":8,"minecraft:lever":3,"minecraft:iron_pickaxe":3449,"minecraft:bread":6,"minecraft:spruce_trapdoor":7,"minecraft:lectern":4,"minecraft:gravel":91,"minecraft:spruce_sapling":71,"minecraft:stone_axe":29,"minecraft:cobblestone":857,"minecraft:purple_bed":8,"minecraft:grindstone":6,"minecraft:smithing_table":5,"minecraft:cooked_porkchop":9,"minecraft:andesite":4,"minecraft:bucket":25}},"DataVersion":2586}