{"stats":{"minecraft:broken":{"minecraft:stone_pickaxe":3,"minecraft:shield":1,"minecraft:iron_pickaxe":4},"minecraft:used":{"minecraft:stone_sword":53,"minecraft:iron_shovel":36,"minecraft:chest":2,"minecraft:shield":69,"minecraft:iron_sword":107,"minecraft:bell":2,"minecraft:cooked_chicken":1,"minecraft:torch":108,"minecraft:dirt":18,"minecraft:granite":16,"minecraft:iron_hoe":48,"minecraft:iron_axe":85,"minecraft:furnace":8,"minecraft:egg":2,"minecraft:cooked_beef":6,"minecraft:wheat_seeds":14,"minecraft:cooked_mutton":2,"minecraft:water_bucket":3,"minecraft:diorite":1,"minecraft:spruce_door":1,"minecraft:stone_pickaxe":317,"minecraft:baked_potato":1,"minecraft:wooden_pickaxe":35,"minecraft:blue_bed":5,"minecraft:crafting_table":12,"minecraft:white_bed":1,"minecraft:bread":1,"minecraft:iron_pickaxe":1439,"minecraft:spruce_sapling":3,"minecraft:stone_axe":29,"minecraft:cobblestone":252,"minecraft:purple_bed":3,"minecraft:cooked_porkchop":7,"minecraft:andesite":2,"minecraft:bucket":5},"minecraft:picked_up":{"minecraft:iron_chestplate":7,"minecraft:crafting_table":18,"minecraft:wheat":1,"minecraft:chicken":5,"minecraft:shield":3,"minecraft:string":7,"minecraft:iron_axe":1,"minecraft:iron_leggings":7,"minecraft:spruce_planks":43,"minecraft:beef":7,"minecraft:iron_pickaxe":3,"minecraft:light_gray_wool":1,"minecraft:chest":1,"minecraft:furnace":7,"minecraft:iron_boots":3,"minecraft:egg":2,"minecraft:stick":30,"minecraft:torch":77,"minecraft:porkchop":15,"minecraft:diorite":30,"minecraft:redstone":228,"minecraft:stone_sword":2,"minecraft:arrow":21,"minecraft:rotten_flesh":12,"minecraft:mutton":16,"minecraft:white_wool":9,"minecraft:cobblestone":1831,"minecraft:feather":4,"minecraft:andesite":56,"minecraft:leather":2,"minecraft:flint":3,"minecraft:oak_log":4,"minecraft:blue_bed":5,"minecraft:dirt":129,"minecraft:lapis_lazuli":77,"minecraft:bone":22,"minecraft:bow":1,"minecraft:wheat_seeds":14,"minecraft:bell":2,"minecraft:stone_pickaxe":2,"minecraft:iron_ingot":261,"minecraft:iron_ore":379,"minecraft:iron_sword":5,"minecraft:cooked_porkchop":7,"minecraft:gravel":42,"minecraft:spruce_sapling":5,"minecraft:spruce_log":117,"minecraft:gold_ore":44,"minecraft:spruce_door":1,"minecraft:spider_eye":2,"minecraft:purple_bed":3,"minecraft:diamond":7,"minecraft:iron_helmet":2,"minecraft:granite":71,"minecraft:gray_wool":1,"minecraft:emerald":8,"minecraft:bread":15,"minecraft:baked_potato":60,"minecraft:coal":583,"minecraft:sunflower":1},"minecraft:crafted":{"minecraft:oak_planks":16,"minecraft:cooked_chicken":5,"minecraft:furnace":3,"minecraft:cooked_mutton":16,"minecraft:iron_boots":2,"minecraft:iron_axe":2,"minecraft:iron_hoe":1,"minecraft:stone_pickaxe":2,"minecraft:chest":1,"minecraft:cooked_beef":7,"minecraft:cooked_porkchop":15,"minecraft:crafting_table":3,"minecraft:spruce_planks":216,"minecraft:wooden_pickaxe":2,"minecraft:baked_potato":15,"minecraft:iron_helmet":2,"minecraft:iron_sword":2,"minecraft:bucket":2,"minecraft:stone_axe":1,"minecraft:iron_chestplate":3,"minecraft:charcoal":6,"minecraft:shield":5,"minecraft:stick":160,"minecraft:iron_ingot":266,"minecraft:iron_pickaxe":8,"minecraft:stone_sword":2,"minecraft:gold_ingot":32,"minecraft:iron_shovel":1,"minecraft:iron_leggings":2,"minecraft:white_bed":2,"minecraft:torch":160},"minecraft:killed_by":{"minecraft:creeper":4,"minecraft:silverfish":1,"minecraft:skeleton":4,"minecraft:zombie":2},"minecraft:custom":{"minecraft:mob_kills":51,"minecraft:interact_with_crafting_table":52,"minecraft:bell_ring":2,"minecraft:leave_game":1,"minecraft:time_since_death":73034,"minecraft:sprint_one_cm":626034,"minecraft:walk_one_cm":894488,"minecraft:damage_blocked_by_shield":4635,"minecraft:drop":29,"minecraft:talked_to_villager":1,"minecraft:deaths":11,"minecraft:sneak_time":10572,"minecraft:walk_under_water_one_cm":309,"minecraft:jump":2190,"minecraft:walk_on_water_one_cm":29382,"minecraft:interact_with_furnace":84,"minecraft:play_one_minute":220045,"minecraft:sleep_in_bed":2,"minecraft:time_since_rest":41453,"minecraft:damage_taken":4114,"minecraft:damage_dealt":6241,"minecraft:fly_one_cm":65525,"minecraft:open_chest":30,"minecraft:crouch_one_cm":25681,"minecraft:fall_one_cm":16619},"minecraft:mined":{"minecraft:diamond_ore":4,"minecraft:granite":53,"minecraft:grass_block":25,"minecraft:spruce_leaves":18,"minecraft:large_fern":9,"minecraft:redstone_ore":44,"minecraft:furnace":6,"minecraft:iron_ore":346,"minecraft:andesite":35,"minecraft:pumpkin":1,"minecraft:bell":2,"minecraft:stone":807,"minecraft:spruce_door":1,"minecraft:crafting_table":12,"minecraft:torch":3,"minecraft:emerald_ore":8,"minecraft:poppy":1,"minecraft:chest":1,"minecraft:tall_grass":7,"minecraft:cobblestone":15,"minecraft:lapis_ore":12,"minecraft:diorite":17,"minecraft:blue_bed":5,"minecraft:wall_torch":6,"minecraft:purple_bed":3,"minecraft:wheat":10,"minecraft:spruce_log":103,"minecraft:pumpkin_stem":1,"minecraft:grass_path":1,"minecraft:grass":27,"minecraft:oak_log":4,"minecraft:coal_ore":408,"minecraft:sunflower":1,"minecraft:gravel":24,"minecraft:dirt":76,"minecraft:gold_ore":32,"minecraft:oak_leaves":1,"minecraft:infested_stone":3},"minecraft:dropped":{"minecraft:feather":4,"minecraft:granite":10,"minecraft:gray_wool":1,"minecraft:diorite":6,"minecraft:sunflower":1,"minecraft:gravel":7,"minecraft:stone_sword":1,"minecraft:rotten_flesh":2,"minecraft:light_gray_wool":1,"minecraft:andesite":2,"minecraft:spider_eye":2,"minecraft:wooden_pickaxe":2},"minecraft:killed":{"minecraft:spider":2,"minecraft:skeleton":6,"minecraft:chicken":5,"minecraft:pig":6,"minecraft:creeper":1,"minecraft:sheep":11,"minecraft:zombie":11,"minecraft:cow":3}},"DataVersion":2586}