{"stats":{"minecraft:mined":{"minecraft:spruce_planks":133,"minecraft:oak_sapling":4,"minecraft:farmland":30,"minecraft:cobblestone_stairs":18,"minecraft:spruce_trapdoor":75,"minecraft:granite":127,"minecraft:grass_block":196,"minecraft:composter":5,"minecraft:hopper":4,"minecraft:iron_ore":478,"minecraft:pumpkin":16,"minecraft:fletching_table":18,"minecraft:spruce_pressure_plate":2,"minecraft:spruce_slab":4,"minecraft:clay":46,"minecraft:torch":14,"minecraft:blast_furnace":8,"minecraft:poppy":1,"minecraft:chest":6,"minecraft:cobblestone":596,"minecraft:grindstone":8,"minecraft:sugar_cane":167,"minecraft:oak_planks":16,"minecraft:wall_torch":19,"minecraft:repeater":10,"minecraft:wheat":305,"minecraft:pumpkin_stem":14,"minecraft:grass":42,"minecraft:oak_log":306,"minecraft:sand":189,"minecraft:dirt":232,"minecraft:stonecutter":4,"minecraft:piston":4,"minecraft:oak_leaves":68,"minecraft:attached_pumpkin_stem":6,"minecraft:diamond_ore":4,"minecraft:mossy_cobblestone":58,"minecraft:spruce_fence":45,"minecraft:redstone_wire":99,"minecraft:spruce_leaves":185,"minecraft:large_fern":28,"minecraft:redstone_ore":44,"minecraft:furnace":10,"minecraft:snow":59,"minecraft:andesite":39,"minecraft:gold_block":2,"minecraft:bell":4,"minecraft:rail":1,"minecraft:potted_spruce_sapling":1,"minecraft:stone":1853,"minecraft:smithing_table":4,"minecraft:glass_pane":20,"minecraft:spruce_door":12,"minecraft:crafting_table":15,"minecraft:emerald_ore":8,"minecraft:lectern":3,"minecraft:tall_grass":12,"minecraft:lapis_ore":12,"minecraft:diorite":23,"minecraft:blue_bed":13,"minecraft:spruce_stairs":52,"minecraft:purple_bed":9,"minecraft:cobblestone_wall":48,"minecraft:redstone_torch":6,"minecraft:spruce_log":1883,"minecraft:grass_path":126,"minecraft:coal_ore":620,"minecraft:sunflower":1,"minecraft:gravel":209,"minecraft:cobweb":2,"minecraft:gold_ore":43,"minecraft:infested_stone":3,"minecraft:fern":8},"minecraft:crafted":{"minecraft:smooth_stone":13,"minecraft:oak_planks":752,"minecraft:cooked_chicken":9,"minecraft:stone":52,"minecraft:cobblestone_stairs":28,"minecraft:lever":1,"minecraft:bookshelf":6,"minecraft:cooked_mutton":52,"minecraft:iron_bars":16,"minecraft:hopper":7,"minecraft:bow":1,"minecraft:diamond_helmet":1,"minecraft:repeater":12,"minecraft:diamond_leggings":1,"minecraft:iron_boots":6,"tconstruct:seared_brick":133,"minecraft:chest":55,"minecraft:item_frame":18,"minecraft:arrow":160,"minecraft:emerald":436,"minecraft:cooked_porkchop":21,"minecraft:diamond_axe":1,"minecraft:crafting_table":4,"minecraft:spruce_planks":7100,"minecraft:baked_potato":15,"minecraft:wooden_pickaxe":2,"minecraft:iron_helmet":8,"minecraft:smithing_table":3,"minecraft:chainmail_chestplate":18,"minecraft:fletching_table":8,"industrialforegoing:fluid_extractor":1,"minecraft:lectern":2,"minecraft:iron_chestplate":3,"minecraft:book":26,"minecraft:paper":213,"minecraft:charcoal":6,"minecraft:shield":5,"minecraft:light_weighted_pressure_plate":1,"minecraft:stick":13021,"minecraft:stone_slab":6,"minecraft:iron_ingot":460,"minecraft:iron_pickaxe":18,"minecraft:iron_block":3,"minecraft:stone_sword":2,"minecraft:gold_ingot":42,"minecraft:redstone_torch":24,"minecraft:spruce_fence_gate":3,"minecraft:shears":1,"tconstruct:pattern":66,"minecraft:diamond_hoe":12,"minecraft:furnace":10,"minecraft:blast_furnace":4,"minecraft:piston":9,"minecraft:bone_meal":6,"minecraft:spruce_fence":99,"minecraft:iron_axe":32,"minecraft:iron_hoe":1,"minecraft:spruce_slab":12,"minecraft:stone_pickaxe":22,"minecraft:diamond_boots":1,"minecraft:redstone_block":2,"minecraft:chainmail_leggings":12,"minecraft:cooked_beef":111,"minecraft:crossbow":8,"minecraft:iron_sword":2,"industrialforegoing:machine_frame_pity":2,"minecraft:bucket":3,"minecraft:stone_axe":11,"minecraft:enchanted_book":11,"minecraft:bread":91,"minecraft:air":0,"minecraft:iron_shovel":5,"minecraft:iron_leggings":2,"minecraft:anvil":1,"minecraft:white_bed":13,"minecraft:torch":168,"minecraft:clay":46,"tconstruct:grout":160,"minecraft:diamond_chestplate":1},"minecraft:used":{"minecraft:iron_shovel":943,"minecraft:chest":54,"minecraft:shield":91,"minecraft:iron_sword":213,"minecraft:bell":4,"minecraft:item_frame":18,"minecraft:repeater":23,"minecraft:furnace":15,"minecraft:oak_sapling":93,"minecraft:egg":10,"minecraft:diorite":4,"minecraft:spruce_door":2,"minecraft:stone_pickaxe":317,"minecraft:oak_planks":43,"industrialforegoing:fluid_extractor":1,"minecraft:wooden_pickaxe":35,"minecraft:composter":3,"minecraft:sugar_cane":33,"minecraft:blue_bed":13,"minecraft:blast_furnace":11,"minecraft:crossbow":3,"minecraft:redstone_torch":6,"minecraft:lever":3,"minecraft:bread":6,"minecraft:lectern":5,"minecraft:gravel":91,"minecraft:grindstone":6,"minecraft:smithing_table":7,"minecraft:andesite":4,"minecraft:bone_meal":6,"minecraft:stone_sword":53,"minecraft:redstone":136,"minecraft:spruce_planks":1,"minecraft:cooked_chicken":9,"minecraft:torch":168,"minecraft:dirt":480,"minecraft:anvil":1,"minecraft:hopper":11,"minecraft:spruce_stairs":42,"minecraft:spruce_fence":146,"minecraft:granite":16,"minecraft:iron_hoe":258,"minecraft:iron_axe":2500,"minecraft:cooked_beef":7,"minecraft:wheat_seeds":1144,"minecraft:cooked_mutton":15,"minecraft:water_bucket":39,"minecraft:cobblestone_stairs":44,"minecraft:baked_potato":1,"minecraft:fletching_table":21,"minecraft:stonecutter":3,"minecraft:spruce_fence_gate":2,"minecraft:mossy_cobblestone":1,"minecraft:crafting_table":18,"minecraft:white_bed":12,"minecraft:spruce_log":474,"minecraft:oak_log":195,"minecraft:piston":12,"minecraft:apple":1,"minecraft:iron_pickaxe":3697,"minecraft:spruce_trapdoor":7,"minecraft:spruce_sapling":209,"minecraft:stone_axe":29,"minecraft:cobblestone":1045,"minecraft:purple_bed":9,"minecraft:cooked_porkchop":9,"minecraft:bucket":41},"minecraft:picked_up":{"minecraft:iron_chestplate":8,"minecraft:wheat":248,"minecraft:smithing_table":4,"minecraft:lead":3,"minecraft:enchanted_book":1,"minecraft:string":13,"minecraft:iron_leggings":8,"minecraft:diamond_leggings":1,"minecraft:bucket":1,"minecraft:spruce_planks":316,"minecraft:redstone_torch":6,"minecraft:iron_pickaxe":5,"minecraft:furnace":11,"minecraft:iron_boots":3,"minecraft:spruce_pressure_plate":3,"minecraft:stick":243,"minecraft:composter":7,"minecraft:torch":131,"minecraft:spruce_stairs":51,"minecraft:porkchop":32,"minecraft:diorite":37,"minecraft:stone_sword":2,"minecraft:rotten_flesh":20,"minecraft:snowball":46,"minecraft:cobblestone":3483,"minecraft:repeater":11,"minecraft:feather":7,"minecraft:cooked_beef":19,"minecraft:andesite":63,"minecraft:flint":28,"minecraft:lapis_lazuli":77,"minecraft:dirt":660,"minecraft:bone":28,"minecraft:stonecutter":5,"minecraft:bow":1,"minecraft:wheat_seeds":782,"minecraft:bell":4,"minecraft:grindstone":8,"minecraft:fletching_table":18,"minecraft:diamond_helmet":1,"minecraft:oak_planks":16,"minecraft:cooked_porkchop":18,"minecraft:sand":188,"minecraft:mossy_cobblestone":57,"minecraft:iron_hoe":1,"minecraft:diamond":7,"minecraft:lever":2,"minecraft:crossbow":1,"minecraft:granite":144,"minecraft:bread":32,"minecraft:emerald":37,"minecraft:oak_sapling":120,"minecraft:crafting_table":21,"minecraft:chicken":9,"minecraft:clay_ball":184,"minecraft:gold_block":2,"minecraft:shield":4,"minecraft:iron_axe":3,"minecraft:iron_shovel":1,"minecraft:beef":130,"minecraft:poppy":2,"minecraft:spruce_slab":4,"minecraft:light_gray_wool":2,"minecraft:lectern":3,"minecraft:sugar_cane":283,"minecraft:chest":6,"minecraft:piston":4,"minecraft:spruce_trapdoor":74,"minecraft:egg":10,"minecraft:spruce_fence":73,"minecraft:redstone":326,"minecraft:arrow":127,"minecraft:diamond_chestplate":1,"minecraft:diamond_boots":1,"minecraft:mutton":56,"minecraft:white_wool":68,"minecraft:rail":3,"minecraft:leather":66,"minecraft:fern":1,"minecraft:oak_log":297,"minecraft:cobblestone_wall":47,"minecraft:cobblestone_stairs":18,"minecraft:blue_bed":13,"minecraft:cooked_mutton":30,"minecraft:apple":16,"minecraft:iron_ingot":265,"minecraft:stone_pickaxe":2,"minecraft:iron_ore":511,"minecraft:iron_sword":7,"minecraft:pumpkin":15,"minecraft:dandelion":1,"minecraft:gravel":204,"minecraft:spruce_sapling":248,"minecraft:blast_furnace":8,"minecraft:spruce_log":1904,"minecraft:gold_ore":54,"minecraft:spruce_door":13,"minecraft:spider_eye":2,"minecraft:pumpkin_seeds":32,"minecraft:purple_bed":9,"minecraft:stone_axe":10,"minecraft:iron_helmet":2,"minecraft:gray_wool":1,"minecraft:baked_potato":60,"minecraft:coal":919,"minecraft:hopper":4,"minecraft:ender_pearl":1,"minecraft:sunflower":1},"minecraft:dropped":{"minecraft:iron_sword":1,"minecraft:cobblestone_stairs":1,"minecraft:dirt":1,"minecraft:snowball":46,"minecraft:sunflower":1,"minecraft:white_wool":4,"minecraft:gravel":9,"minecraft:stone_axe":20,"minecraft:rotten_flesh":10,"minecraft:fern":1,"minecraft:chainmail_chestplate":18,"minecraft:spruce_pressure_plate":3,"minecraft:spruce_slab":4,"minecraft:bread":103,"minecraft:wheat_seeds":283,"minecraft:mossy_cobblestone":50,"minecraft:feather":7,"minecraft:granite":73,"minecraft:spruce_door":7,"minecraft:spruce_stairs":9,"minecraft:gray_wool":1,"minecraft:diorite":9,"minecraft:pumpkin":9,"minecraft:stonecutter":1,"minecraft:chainmail_leggings":12,"minecraft:string":1,"minecraft:spruce_sapling":9,"minecraft:stone_sword":1,"minecraft:cobblestone_wall":47,"minecraft:composter":4,"minecraft:light_gray_wool":2,"minecraft:pumpkin_seeds":32,"minecraft:spruce_trapdoor":60,"minecraft:andesite":11,"minecraft:oak_sapling":2,"minecraft:spider_eye":2,"minecraft:stone_pickaxe":20,"minecraft:wooden_pickaxe":2},"minecraft:killed_by":{"minecraft:creeper":5,"minecraft:silverfish":1,"minecraft:zombie":2,"minecraft:skeleton":4},"minecraft:broken":{"minecraft:iron_shovel":3,"minecraft:stone_pickaxe":3,"minecraft:shield":1,"minecraft:iron_axe":12,"minecraft:iron_pickaxe":13},"minecraft:killed":{"minecraft:spider":2,"minecraft:skeleton":10,"minecraft:fox":1,"minecraft:chicken":9,"minecraft:pig":13,"minecraft:creeper":2,"minecraft:sheep":35,"minecraft:trader_llama":3,"minecraft:zombie":15,"minecraft:cow":62},"minecraft:custom":{"minecraft:animals_bred":87,"minecraft:interact_with_crafting_table":188,"minecraft:bell_ring":72,"minecraft:leave_game":13,"minecraft:time_since_death":195992,"minecraft:sprint_one_cm":1783381,"minecraft:damage_blocked_by_shield":6230,"minecraft:drop":468,"minecraft:talked_to_villager":328,"minecraft:deaths":12,"minecraft:jump":5831,"minecraft:walk_on_water_one_cm":61725,"minecraft:interact_with_furnace":159,"minecraft:traded_with_villager":586,"minecraft:play_one_minute":868837,"minecraft:sleep_in_bed":42,"minecraft:damage_dealt":17524,"minecraft:crouch_one_cm":93876,"minecraft:interact_with_smithing_table":8,"minecraft:mob_kills":159,"minecraft:interact_with_anvil":1,"minecraft:inspect_hopper":14,"minecraft:walk_one_cm":3499182,"minecraft:sneak_time":31921,"minecraft:walk_under_water_one_cm":16187,"minecraft:interact_with_blast_furnace":21,"minecraft:interact_with_grindstone":2,"minecraft:time_since_rest":904,"minecraft:damage_taken":4802,"minecraft:swim_one_cm":804,"minecraft:fly_one_cm":179664,"minecraft:open_chest":416,"minecraft:fall_one_cm":55527}},"DataVersion":2586}