{"stats":{"minecraft:broken":{"minecraft:iron_shovel":1,"minecraft:stone_pickaxe":3,"minecraft:shield":1,"minecraft:iron_axe":2,"minecraft:iron_pickaxe":6},"minecraft:used":{"minecraft:stone_sword":53,"minecraft:iron_shovel":391,"minecraft:redstone":24,"minecraft:chest":7,"minecraft:shield":71,"minecraft:iron_sword":109,"minecraft:bell":4,"minecraft:cooked_chicken":4,"minecraft:torch":110,"minecraft:dirt":174,"minecraft:hopper":4,"minecraft:spruce_stairs":27,"minecraft:spruce_fence":11,"minecraft:granite":16,"minecraft:iron_hoe":147,"minecraft:iron_axe":787,"minecraft:repeater":2,"minecraft:furnace":10,"minecraft:egg":2,"minecraft:cooked_beef":7,"minecraft:wheat_seeds":53,"minecraft:cooked_mutton":2,"minecraft:water_bucket":13,"minecraft:diorite":2,"minecraft:cobblestone_stairs":42,"minecraft:spruce_door":2,"minecraft:stone_pickaxe":317,"minecraft:baked_potato":1,"minecraft:wooden_pickaxe":35,"minecraft:stonecutter":3,"minecraft:composter":3,"minecraft:fletching_table":11,"minecraft:blue_bed":10,"minecraft:mossy_cobblestone":1,"minecraft:blast_furnace":4,"minecraft:crafting_table":16,"minecraft:white_bed":1,"minecraft:piston":4,"minecraft:lever":1,"minecraft:bread":1,"minecraft:iron_pickaxe":2009,"minecraft:spruce_trapdoor":5,"minecraft:gravel":91,"minecraft:spruce_sapling":3,"minecraft:stone_axe":29,"minecraft:cobblestone":366,"minecraft:purple_bed":6,"minecraft:grindstone":6,"minecraft:cooked_porkchop":7,"minecraft:smithing_table":2,"minecraft:andesite":3,"minecraft:bucket":14},"minecraft:picked_up":{"minecraft:iron_chestplate":8,"minecraft:crafting_table":20,"minecraft:wheat":16,"minecraft:chicken":5,"minecraft:smithing_table":1,"minecraft:shield":3,"minecraft:string":8,"minecraft:iron_axe":1,"minecraft:iron_leggings":8,"minecraft:spruce_planks":143,"minecraft:beef":7,"minecraft:spruce_slab":2,"minecraft:iron_pickaxe":3,"minecraft:light_gray_wool":1,"minecraft:chest":3,"minecraft:spruce_trapdoor":59,"minecraft:furnace":8,"minecraft:iron_boots":3,"minecraft:egg":2,"minecraft:spruce_pressure_plate":1,"minecraft:stick":36,"minecraft:composter":7,"minecraft:torch":102,"minecraft:spruce_stairs":27,"minecraft:spruce_fence":11,"minecraft:porkchop":15,"minecraft:diorite":35,"minecraft:redstone":228,"minecraft:stone_sword":2,"minecraft:arrow":25,"minecraft:rotten_flesh":12,"minecraft:mutton":16,"minecraft:white_wool":9,"minecraft:cobblestone":2257,"minecraft:feather":4,"minecraft:andesite":61,"minecraft:leather":2,"minecraft:fern":1,"minecraft:flint":16,"minecraft:cobblestone_wall":13,"minecraft:oak_log":4,"minecraft:cobblestone_stairs":16,"minecraft:blue_bed":10,"minecraft:dirt":403,"minecraft:lapis_lazuli":77,"minecraft:bone":25,"minecraft:stonecutter":5,"minecraft:bow":1,"minecraft:wheat_seeds":53,"minecraft:bell":4,"minecraft:grindstone":7,"minecraft:stone_pickaxe":2,"minecraft:iron_ingot":261,"minecraft:iron_ore":385,"minecraft:fletching_table":9,"minecraft:iron_sword":5,"minecraft:cooked_porkchop":7,"minecraft:pumpkin":15,"minecraft:gravel":120,"minecraft:blast_furnace":3,"minecraft:spruce_sapling":12,"minecraft:spruce_log":545,"minecraft:gold_ore":44,"minecraft:spruce_door":10,"minecraft:spider_eye":2,"minecraft:mossy_cobblestone":45,"minecraft:pumpkin_seeds":32,"minecraft:purple_bed":6,"minecraft:diamond":7,"minecraft:iron_helmet":2,"minecraft:granite":108,"minecraft:gray_wool":1,"minecraft:emerald":15,"minecraft:bread":15,"minecraft:baked_potato":60,"minecraft:coal":620,"minecraft:sunflower":1},"minecraft:crafted":{"minecraft:smooth_stone":13,"minecraft:oak_planks":16,"minecraft:cooked_chicken":5,"minecraft:furnace":6,"minecraft:blast_furnace":2,"minecraft:piston":4,"minecraft:stone":34,"minecraft:cobblestone_stairs":28,"minecraft:lever":1,"minecraft:cooked_mutton":16,"minecraft:hopper":4,"minecraft:repeater":3,"minecraft:bow":1,"minecraft:iron_boots":6,"minecraft:iron_axe":13,"minecraft:iron_hoe":1,"minecraft:stone_pickaxe":2,"minecraft:chest":8,"minecraft:chainmail_leggings":12,"minecraft:cooked_beef":7,"minecraft:crossbow":8,"minecraft:arrow":64,"minecraft:emerald":100,"minecraft:cooked_porkchop":15,"minecraft:crafting_table":4,"minecraft:spruce_planks":1936,"minecraft:wooden_pickaxe":2,"minecraft:baked_potato":15,"minecraft:iron_helmet":8,"minecraft:iron_sword":2,"minecraft:chainmail_chestplate":8,"minecraft:smithing_table":1,"minecraft:fletching_table":8,"minecraft:bucket":2,"minecraft:stone_axe":1,"minecraft:bread":5,"minecraft:air":0,"minecraft:iron_chestplate":3,"minecraft:charcoal":6,"minecraft:shield":5,"minecraft:stick":3553,"minecraft:stone_slab":6,"minecraft:iron_ingot":334,"minecraft:iron_pickaxe":11,"minecraft:stone_sword":2,"minecraft:gold_ingot":32,"minecraft:iron_shovel":2,"minecraft:iron_leggings":2,"minecraft:white_bed":2,"minecraft:redstone_torch":6,"minecraft:torch":160},"minecraft:killed_by":{"minecraft:creeper":4,"minecraft:silverfish":1,"minecraft:skeleton":4,"minecraft:zombie":2},"minecraft:custom":{"minecraft:interact_with_smithing_table":5,"minecraft:mob_kills":52,"minecraft:interact_with_crafting_table":89,"minecraft:bell_ring":70,"minecraft:leave_game":1,"minecraft:time_since_death":211034,"minecraft:sprint_one_cm":773288,"minecraft:walk_one_cm":1338971,"minecraft:damage_blocked_by_shield":4715,"minecraft:drop":113,"minecraft:talked_to_villager":73,"minecraft:deaths":11,"minecraft:sneak_time":18586,"minecraft:walk_under_water_one_cm":902,"minecraft:jump":2808,"minecraft:interact_with_blast_furnace":2,"minecraft:walk_on_water_one_cm":30767,"minecraft:interact_with_furnace":110,"minecraft:traded_with_villager":152,"minecraft:play_one_minute":358045,"minecraft:interact_with_grindstone":2,"minecraft:sleep_in_bed":12,"minecraft:time_since_rest":410,"minecraft:damage_taken":4279,"minecraft:damage_dealt":6321,"minecraft:fly_one_cm":78656,"minecraft:open_chest":84,"minecraft:crouch_one_cm":49168,"minecraft:fall_one_cm":24718},"minecraft:mined":{"minecraft:attached_pumpkin_stem":6,"minecraft:diamond_ore":4,"minecraft:spruce_planks":87,"minecraft:farmland":26,"minecraft:mossy_cobblestone":46,"minecraft:cobblestone_stairs":16,"minecraft:spruce_trapdoor":59,"minecraft:granite":91,"minecraft:spruce_fence":11,"minecraft:grass_block":109,"minecraft:redstone_wire":3,"minecraft:spruce_leaves":36,"minecraft:composter":5,"minecraft:large_fern":16,"minecraft:redstone_ore":44,"minecraft:furnace":7,"minecraft:iron_ore":352,"minecraft:andesite":37,"minecraft:pumpkin":16,"minecraft:fletching_table":9,"minecraft:bell":4,"minecraft:spruce_pressure_plate":1,"minecraft:potted_spruce_sapling":1,"minecraft:stone":877,"minecraft:spruce_slab":2,"minecraft:smithing_table":1,"minecraft:glass_pane":13,"minecraft:spruce_door":9,"minecraft:crafting_table":14,"minecraft:torch":9,"minecraft:blast_furnace":3,"minecraft:emerald_ore":8,"minecraft:poppy":1,"minecraft:chest":3,"minecraft:tall_grass":7,"minecraft:cobblestone":354,"minecraft:lapis_ore":12,"minecraft:grindstone":7,"minecraft:diorite":21,"minecraft:blue_bed":10,"minecraft:wall_torch":11,"minecraft:spruce_stairs":27,"minecraft:purple_bed":6,"minecraft:cobblestone_wall":13,"minecraft:wheat":28,"minecraft:spruce_log":518,"minecraft:pumpkin_stem":14,"minecraft:grass_path":23,"minecraft:grass":28,"minecraft:oak_log":4,"minecraft:coal_ore":414,"minecraft:sunflower":1,"minecraft:gravel":114,"minecraft:dirt":216,"minecraft:stonecutter":4,"minecraft:gold_ore":32,"minecraft:oak_leaves":1,"minecraft:infested_stone":3},"minecraft:dropped":{"minecraft:mossy_cobblestone":38,"minecraft:feather":4,"minecraft:granite":63,"minecraft:spruce_door":5,"minecraft:gray_wool":1,"minecraft:diorite":9,"minecraft:pumpkin":9,"minecraft:sunflower":1,"minecraft:stonecutter":1,"minecraft:chainmail_leggings":12,"minecraft:spruce_sapling":7,"minecraft:gravel":7,"minecraft:cobblestone_wall":13,"minecraft:stone_sword":1,"minecraft:composter":4,"minecraft:rotten_flesh":2,"minecraft:light_gray_wool":1,"minecraft:fern":1,"minecraft:pumpkin_seeds":32,"minecraft:chainmail_chestplate":8,"minecraft:spruce_trapdoor":45,"minecraft:andesite":6,"minecraft:spruce_pressure_plate":1,"minecraft:spider_eye":2,"minecraft:wooden_pickaxe":2},"minecraft:killed":{"minecraft:spider":2,"minecraft:skeleton":7,"minecraft:chicken":5,"minecraft:pig":6,"minecraft:creeper":1,"minecraft:sheep":11,"minecraft:zombie":11,"minecraft:cow":3}},"DataVersion":2586}