{"stats":{"minecraft:mined":{"minecraft:spruce_planks":133,"minecraft:white_bed":6,"minecraft:oak_sapling":4,"minecraft:farmland":30,"minecraft:cobblestone_stairs":18,"minecraft:spruce_trapdoor":75,"minecraft:granite":127,"minecraft:grass_block":202,"minecraft:composter":5,"minecraft:hopper":4,"integrateddynamics:menril_log":1,"minecraft:iron_ore":478,"minecraft:fire":2,"minecraft:pumpkin":16,"minecraft:fletching_table":18,"minecraft:spruce_pressure_plate":2,"minecraft:spruce_slab":4,"minecraft:clay":46,"minecraft:torch":14,"minecraft:blast_furnace":8,"minecraft:poppy":15,"minecraft:chest":6,"minecraft:cobblestone":598,"minecraft:grindstone":8,"minecraft:sugar_cane":219,"minecraft:oak_planks":19,"minecraft:wall_torch":22,"minecraft:repeater":10,"minecraft:wheat":307,"minecraft:pumpkin_stem":14,"minecraft:grass":47,"minecraft:oak_log":532,"minecraft:sand":189,"minecraft:dirt":232,"industrialforegoing:latex_processing_unit":3,"minecraft:stonecutter":5,"minecraft:piston":4,"minecraft:oak_leaves":84,"minecraft:attached_pumpkin_stem":6,"minecraft:diamond_ore":4,"minecraft:mossy_cobblestone":58,"minecraft:spruce_fence":59,"minecraft:redstone_wire":99,"minecraft:spruce_leaves":187,"minecraft:large_fern":28,"minecraft:redstone_ore":44,"minecraft:furnace":10,"minecraft:snow":59,"minecraft:andesite":39,"minecraft:stripped_spruce_log":1,"minecraft:gold_block":2,"minecraft:bell":4,"minecraft:rail":1,"minecraft:potted_spruce_sapling":1,"minecraft:stone":2069,"tconstruct:copper_ore":1,"minecraft:smithing_table":4,"minecraft:glass_pane":20,"minecraft:spruce_door":12,"minecraft:crafting_table":15,"minecraft:emerald_ore":8,"minecraft:lectern":6,"minecraft:tall_grass":12,"minecraft:lapis_ore":12,"minecraft:diorite":25,"minecraft:blue_bed":14,"minecraft:spruce_stairs":52,"minecraft:purple_bed":9,"minecraft:cobblestone_wall":48,"minecraft:redstone_torch":6,"minecraft:spruce_log":1972,"minecraft:grass_path":126,"minecraft:coal_ore":642,"minecraft:sunflower":1,"minecraft:gravel":215,"minecraft:cobweb":2,"minecraft:gold_ore":43,"minecraft:infested_stone":3,"minecraft:fern":8},"minecraft:crafted":{"minecraft:smooth_stone":13,"minecraft:oak_planks":1736,"minecraft:cooked_chicken":9,"minecraft:stone":52,"minecraft:cobblestone_stairs":28,"minecraft:lever":1,"minecraft:bookshelf":6,"minecraft:cooked_mutton":56,"minecraft:iron_bars":16,"minecraft:glass":104,"minecraft:hopper":7,"industrialforegoing:pitiful_generator":1,"minecraft:bow":2,"minecraft:diamond_helmet":1,"minecraft:repeater":12,"minecraft:diamond_leggings":1,"minecraft:iron_boots":6,"tconstruct:seared_brick":160,"minecraft:chest":55,"minecraft:name_tag":1,"minecraft:oak_slab":18,"minecraft:item_frame":18,"minecraft:arrow":160,"minecraft:emerald":549,"minecraft:cooked_porkchop":21,"minecraft:diamond_axe":3,"minecraft:crafting_table":4,"minecraft:spruce_planks":7616,"minecraft:baked_potato":15,"minecraft:wooden_pickaxe":2,"minecraft:iron_helmet":8,"minecraft:smithing_table":3,"minecraft:chainmail_chestplate":18,"minecraft:fletching_table":8,"industrialforegoing:fluid_extractor":1,"minecraft:lectern":6,"tconstruct:copper_ingot":1,"minecraft:diamond_pickaxe":2,"minecraft:iron_chestplate":3,"minecraft:book":46,"minecraft:paper":309,"minecraft:charcoal":6,"minecraft:shield":5,"minecraft:light_weighted_pressure_plate":1,"minecraft:stick":16001,"minecraft:stone_slab":6,"minecraft:iron_ingot":460,"minecraft:iron_pickaxe":18,"minecraft:iron_block":3,"minecraft:stone_sword":2,"minecraft:gold_ingot":42,"minecraft:redstone_torch":24,"minecraft:spruce_fence_gate":3,"minecraft:shears":1,"tconstruct:pattern":66,"minecraft:diamond_hoe":12,"minecraft:furnace":13,"minecraft:blast_furnace":4,"minecraft:piston":9,"industrialforegoing:dryrubber":3,"minecraft:bone_meal":6,"minecraft:spruce_fence":150,"minecraft:lantern":12,"minecraft:iron_axe":32,"minecraft:iron_hoe":1,"minecraft:spruce_slab":12,"minecraft:stone_pickaxe":22,"minecraft:diamond_boots":1,"minecraft:redstone_block":4,"minecraft:chainmail_leggings":12,"minecraft:cooked_beef":134,"minecraft:crossbow":8,"minecraft:iron_sword":2,"industrialforegoing:machine_frame_pity":3,"minecraft:bucket":5,"minecraft:stone_axe":11,"minecraft:enchanted_book":20,"minecraft:bread":152,"minecraft:air":0,"industrialforegoing:latex_processing_unit":1,"minecraft:iron_shovel":5,"minecraft:iron_leggings":2,"minecraft:anvil":1,"minecraft:white_bed":20,"minecraft:torch":168,"minecraft:clay":46,"industrialforegoing:plastic":3,"tconstruct:grout":160,"minecraft:diamond_chestplate":1},"minecraft:used":{"minecraft:iron_shovel":949,"minecraft:diamond_hoe":3,"minecraft:poppy":13,"minecraft:chest":54,"minecraft:shield":91,"minecraft:iron_sword":213,"minecraft:bell":4,"minecraft:lantern":2,"minecraft:item_frame":18,"minecraft:repeater":23,"minecraft:bow":1,"minecraft:furnace":15,"minecraft:oak_sapling":175,"minecraft:egg":11,"minecraft:potato":8,"minecraft:diorite":4,"minecraft:spruce_door":2,"minecraft:stone_pickaxe":317,"minecraft:oak_planks":43,"industrialforegoing:fluid_extractor":1,"minecraft:wooden_pickaxe":35,"minecraft:composter":3,"integrateddynamics:menril_log":1,"minecraft:sugar_cane":33,"minecraft:blue_bed":14,"minecraft:blast_furnace":12,"minecraft:crossbow":3,"minecraft:redstone_torch":6,"minecraft:lever":3,"minecraft:bread":6,"minecraft:lectern":12,"minecraft:gravel":91,"minecraft:grindstone":6,"minecraft:smithing_table":7,"minecraft:andesite":4,"minecraft:bone_meal":6,"minecraft:stone_sword":53,"minecraft:redstone":136,"minecraft:spruce_planks":1,"minecraft:cooked_chicken":9,"minecraft:torch":174,"minecraft:dirt":484,"minecraft:anvil":1,"minecraft:hopper":11,"minecraft:spruce_stairs":42,"minecraft:spruce_fence":207,"minecraft:granite":16,"minecraft:iron_hoe":258,"minecraft:iron_axe":2678,"minecraft:cooked_beef":7,"minecraft:wheat_seeds":1300,"minecraft:cooked_mutton":23,"minecraft:water_bucket":47,"industrialforegoing:pitiful_generator":1,"minecraft:cobblestone_stairs":44,"minecraft:baked_potato":1,"minecraft:fletching_table":21,"minecraft:stonecutter":3,"minecraft:spruce_fence_gate":3,"industrialforegoing:latex_processing_unit":3,"minecraft:mossy_cobblestone":1,"minecraft:crafting_table":18,"minecraft:white_bed":25,"minecraft:spruce_log":564,"minecraft:oak_log":420,"minecraft:piston":12,"minecraft:apple":1,"minecraft:iron_pickaxe":3945,"minecraft:spruce_trapdoor":8,"minecraft:spruce_sapling":211,"minecraft:stone_axe":29,"minecraft:cobblestone":1067,"minecraft:purple_bed":9,"minecraft:cooked_porkchop":9,"minecraft:bucket":97},"minecraft:picked_up":{"minecraft:iron_chestplate":8,"minecraft:wheat":249,"minecraft:smithing_table":4,"minecraft:lead":3,"minecraft:enchanted_book":1,"minecraft:string":13,"integrateddynamics:menril_log":2,"minecraft:iron_leggings":8,"minecraft:diamond_leggings":1,"minecraft:bucket":1,"minecraft:spruce_planks":316,"minecraft:redstone_torch":6,"minecraft:iron_pickaxe":5,"minecraft:furnace":11,"minecraft:iron_boots":3,"minecraft:spruce_pressure_plate":3,"minecraft:stick":292,"minecraft:composter":7,"minecraft:torch":135,"minecraft:spruce_stairs":51,"minecraft:porkchop":32,"minecraft:diorite":39,"minecraft:stone_sword":2,"minecraft:rotten_flesh":20,"minecraft:snowball":46,"minecraft:cobblestone":3700,"minecraft:repeater":11,"minecraft:feather":7,"minecraft:cooked_beef":19,"minecraft:andesite":63,"integrateddynamics:crystalized_menril_chunk":2,"minecraft:potato":2,"minecraft:flint":28,"minecraft:lapis_lazuli":77,"minecraft:dirt":709,"minecraft:bone":29,"minecraft:stonecutter":6,"minecraft:bow":1,"minecraft:wheat_seeds":788,"minecraft:bell":4,"minecraft:grindstone":8,"minecraft:fletching_table":18,"minecraft:diamond_helmet":1,"minecraft:oak_planks":19,"minecraft:cooked_porkchop":18,"minecraft:sand":188,"minecraft:stripped_spruce_log":1,"minecraft:mossy_cobblestone":57,"minecraft:iron_hoe":1,"minecraft:diamond":8,"minecraft:lever":2,"minecraft:crossbow":1,"minecraft:granite":144,"minecraft:bread":64,"minecraft:emerald":86,"minecraft:oak_sapling":202,"minecraft:crafting_table":21,"minecraft:chicken":9,"minecraft:clay_ball":184,"minecraft:gold_block":2,"gravestone:obituary":1,"minecraft:shield":4,"minecraft:iron_axe":3,"minecraft:iron_shovel":1,"minecraft:beef":193,"minecraft:observer":4,"minecraft:poppy":15,"minecraft:spruce_slab":4,"minecraft:light_gray_wool":2,"minecraft:lectern":6,"minecraft:sugar_cane":379,"minecraft:chest":6,"minecraft:piston":4,"minecraft:spruce_trapdoor":74,"minecraft:egg":11,"minecraft:spruce_fence":83,"minecraft:redstone":326,"minecraft:arrow":127,"minecraft:diamond_chestplate":1,"minecraft:diamond_boots":1,"minecraft:mutton":56,"minecraft:white_wool":68,"minecraft:rail":3,"minecraft:leather":100,"minecraft:fern":1,"minecraft:oak_log":509,"minecraft:cobblestone_wall":47,"minecraft:cobblestone_stairs":18,"minecraft:blue_bed":14,"industrialforegoing:dryrubber":1,"minecraft:cooked_mutton":30,"minecraft:apple":23,"industrialforegoing:latex_processing_unit":2,"industrialforegoing:tinydryrubber":1,"minecraft:iron_ingot":265,"minecraft:stone_pickaxe":2,"minecraft:iron_ore":511,"minecraft:iron_sword":7,"tconstruct:copper_ore":1,"minecraft:pumpkin":15,"industrialforegoing:plastic":2,"minecraft:quartz":23,"minecraft:dandelion":1,"minecraft:gravel":210,"minecraft:spruce_sapling":262,"minecraft:blast_furnace":8,"minecraft:white_bed":6,"minecraft:spruce_log":1980,"minecraft:gold_ore":54,"minecraft:spruce_door":13,"minecraft:spider_eye":2,"minecraft:pumpkin_seeds":32,"minecraft:purple_bed":9,"minecraft:slime_ball":80,"minecraft:stone_axe":10,"minecraft:iron_helmet":2,"minecraft:gray_wool":1,"minecraft:baked_potato":60,"minecraft:coal":944,"minecraft:hopper":4,"minecraft:ender_pearl":1,"minecraft:sunflower":1},"minecraft:dropped":{"minecraft:iron_sword":1,"minecraft:diamond":1,"minecraft:cobblestone_stairs":1,"minecraft:dirt":1,"minecraft:snowball":46,"minecraft:sunflower":1,"minecraft:white_wool":4,"minecraft:gravel":9,"minecraft:stone_axe":20,"minecraft:rotten_flesh":10,"minecraft:fern":1,"minecraft:chainmail_chestplate":18,"minecraft:spruce_pressure_plate":3,"minecraft:spruce_slab":4,"minecraft:bread":196,"minecraft:wheat_seeds":283,"minecraft:mossy_cobblestone":50,"minecraft:feather":7,"minecraft:granite":73,"minecraft:spruce_door":7,"minecraft:spruce_stairs":9,"minecraft:gray_wool":1,"minecraft:diorite":11,"minecraft:pumpkin":9,"minecraft:stonecutter":1,"minecraft:chainmail_leggings":12,"minecraft:string":1,"minecraft:spruce_sapling":9,"minecraft:stone_sword":1,"minecraft:cobblestone_wall":47,"minecraft:composter":4,"minecraft:light_gray_wool":2,"minecraft:pumpkin_seeds":32,"minecraft:spruce_trapdoor":60,"minecraft:diamond_pickaxe":1,"minecraft:andesite":11,"minecraft:oak_sapling":2,"minecraft:spider_eye":2,"minecraft:stone_pickaxe":20,"minecraft:wooden_pickaxe":2},"minecraft:killed_by":{"minecraft:creeper":5,"minecraft:silverfish":1,"minecraft:zombie":2,"minecraft:skeleton":4},"minecraft:broken":{"minecraft:iron_shovel":3,"minecraft:stone_pickaxe":3,"minecraft:shield":1,"minecraft:iron_axe":14,"minecraft:iron_pickaxe":14},"minecraft:killed":{"minecraft:spider":2,"minecraft:skeleton":11,"minecraft:bee":2,"minecraft:fox":1,"minecraft:chicken":9,"minecraft:pig":13,"minecraft:creeper":2,"minecraft:sheep":35,"minecraft:trader_llama":3,"minecraft:zombie":15,"minecraft:cow":92},"minecraft:custom":{"minecraft:animals_bred":112,"minecraft:interact_with_crafting_table":213,"minecraft:bell_ring":72,"minecraft:leave_game":13,"minecraft:time_since_death":321992,"minecraft:sprint_one_cm":2107837,"minecraft:damage_blocked_by_shield":6230,"minecraft:drop":565,"minecraft:talked_to_villager":435,"minecraft:deaths":12,"minecraft:jump":6122,"minecraft:walk_on_water_one_cm":64130,"minecraft:interact_with_furnace":178,"minecraft:traded_with_villager":751,"minecraft:play_one_minute":994837,"minecraft:sleep_in_bed":52,"minecraft:damage_dealt":19983,"minecraft:crouch_one_cm":94012,"minecraft:interact_with_smithing_table":8,"minecraft:mob_kills":192,"minecraft:interact_with_anvil":3,"minecraft:inspect_hopper":14,"minecraft:walk_one_cm":4028512,"minecraft:sneak_time":32013,"minecraft:walk_under_water_one_cm":16187,"minecraft:interact_with_blast_furnace":22,"minecraft:interact_with_grindstone":2,"minecraft:time_since_rest":4950,"minecraft:damage_taken":5016,"minecraft:swim_one_cm":804,"minecraft:fly_one_cm":191727,"minecraft:open_chest":545,"minecraft:fall_one_cm":61653}},"DataVersion":2586}