{"stats":{"minecraft:picked_up":{"minecraft:crafting_table":15,"minecraft:iron_chestplate":4,"minecraft:andesite":42,"minecraft:flint":2,"minecraft:oak_log":4,"minecraft:shield":3,"minecraft:lapis_lazuli":43,"minecraft:dirt":81,"minecraft:string":5,"minecraft:iron_axe":1,"minecraft:iron_leggings":4,"minecraft:bone":13,"minecraft:bow":1,"minecraft:spruce_planks":43,"minecraft:iron_ingot":149,"minecraft:stone_pickaxe":2,"minecraft:iron_ore":190,"minecraft:iron_pickaxe":3,"minecraft:light_gray_wool":1,"minecraft:chest":1,"minecraft:iron_sword":3,"minecraft:iron_boots":3,"minecraft:furnace":7,"minecraft:stick":30,"minecraft:cooked_porkchop":7,"minecraft:torch":69,"minecraft:gravel":20,"minecraft:porkchop":15,"minecraft:spruce_sapling":3,"minecraft:diorite":19,"minecraft:spruce_log":78,"minecraft:redstone":205,"minecraft:gold_ore":32,"minecraft:spider_eye":2,"minecraft:stone_sword":2,"minecraft:arrow":8,"minecraft:rotten_flesh":7,"minecraft:diamond":7,"minecraft:iron_helmet":2,"minecraft:granite":55,"minecraft:gray_wool":1,"minecraft:bread":15,"minecraft:emerald":5,"minecraft:baked_potato":60,"minecraft:mutton":16,"minecraft:coal":390,"minecraft:white_wool":9,"minecraft:cobblestone":1342,"minecraft:sunflower":1},"minecraft:used":{"minecraft:cooked_mutton":2,"minecraft:stone_sword":53,"minecraft:stone_pickaxe":317,"minecraft:baked_potato":1,"minecraft:wooden_pickaxe":35,"minecraft:chest":1,"minecraft:shield":33,"minecraft:iron_sword":48,"minecraft:torch":62,"minecraft:dirt":16,"minecraft:crafting_table":12,"minecraft:white_bed":1,"minecraft:granite":16,"minecraft:iron_axe":34,"minecraft:bread":1,"minecraft:iron_pickaxe":784,"minecraft:spruce_sapling":1,"minecraft:stone_axe":29,"minecraft:cobblestone":91,"minecraft:furnace":8,"minecraft:cooked_porkchop":7,"minecraft:bucket":1,"minecraft:andesite":1},"minecraft:broken":{"minecraft:stone_pickaxe":3,"minecraft:iron_pickaxe":2},"minecraft:crafted":{"minecraft:oak_planks":16,"minecraft:cooked_porkchop":15,"minecraft:crafting_table":3,"minecraft:spruce_planks":156,"minecraft:iron_helmet":1,"minecraft:baked_potato":15,"minecraft:wooden_pickaxe":2,"minecraft:iron_sword":2,"minecraft:furnace":3,"minecraft:bucket":1,"minecraft:stone_axe":1,"minecraft:cooked_mutton":16,"minecraft:iron_boots":1,"minecraft:iron_chestplate":3,"minecraft:charcoal":6,"minecraft:shield":2,"minecraft:iron_axe":1,"minecraft:stick":112,"minecraft:iron_ingot":139,"minecraft:iron_pickaxe":5,"minecraft:stone_pickaxe":2,"minecraft:stone_sword":2,"minecraft:iron_leggings":2,"minecraft:gold_ingot":17,"minecraft:white_bed":2,"minecraft:torch":116},"minecraft:killed_by":{"minecraft:silverfish":1,"minecraft:skeleton":4,"minecraft:creeper":3,"minecraft:zombie":2},"minecraft:mined":{"minecraft:diamond_ore":4,"minecraft:crafting_table":11,"minecraft:torch":3,"minecraft:granite":37,"minecraft:emerald_ore":5,"minecraft:grass_block":15,"minecraft:chest":1,"minecraft:tall_grass":1,"minecraft:cobblestone":3,"minecraft:spruce_leaves":13,"minecraft:lapis_ore":6,"minecraft:diorite":15,"minecraft:wall_torch":3,"minecraft:large_fern":1,"minecraft:redstone_ore":39,"minecraft:furnace":6,"minecraft:iron_ore":158,"minecraft:spruce_log":64,"minecraft:andesite":30,"minecraft:grass":2,"minecraft:coal_ore":214,"minecraft:oak_log":4,"minecraft:sunflower":1,"minecraft:gravel":17,"minecraft:dirt":32,"minecraft:stone":591,"minecraft:gold_ore":26,"minecraft:oak_leaves":1,"minecraft:infested_stone":3},"minecraft:custom":{"minecraft:interact_with_furnace":56,"minecraft:mob_kills":31,"minecraft:interact_with_crafting_table":39,"minecraft:play_one_minute":142045,"minecraft:leave_game":1,"minecraft:time_since_death":712,"minecraft:sleep_in_bed":1,"minecraft:time_since_rest":740,"minecraft:sprint_one_cm":420144,"minecraft:damage_taken":3315,"minecraft:damage_blocked_by_shield":1545,"minecraft:walk_one_cm":543168,"minecraft:drop":20,"minecraft:damage_dealt":3743,"minecraft:fly_one_cm":43302,"minecraft:open_chest":15,"minecraft:crouch_one_cm":13064,"minecraft:sneak_time":5832,"minecraft:deaths":10,"minecraft:walk_under_water_one_cm":309,"minecraft:jump":1323,"minecraft:walk_on_water_one_cm":24805,"minecraft:fall_one_cm":9251},"minecraft:dropped":{"minecraft:gravel":7,"minecraft:stone_sword":1,"minecraft:rotten_flesh":1,"minecraft:light_gray_wool":1,"minecraft:granite":10,"minecraft:gray_wool":1,"minecraft:diorite":2,"minecraft:andesite":2,"minecraft:spider_eye":2,"minecraft:sunflower":1,"minecraft:wooden_pickaxe":2},"minecraft:killed":{"minecraft:pig":6,"minecraft:spider":2,"minecraft:sheep":11,"minecraft:skeleton":3,"minecraft:zombie":5}},"DataVersion":2586}