{"stats":{"minecraft:killed_by":{"minecraft:creeper":5,"minecraft:silverfish":1,"minecraft:zombie":2,"minecraft:skeleton":4},"minecraft:dropped":{"minecraft:iron_sword":1,"minecraft:diamond":1,"minecraft:cobblestone_stairs":1,"minecraft:dirt":1,"minecraft:snowball":46,"minecraft:sunflower":1,"minecraft:white_wool":4,"minecraft:gravel":9,"minecraft:stone_axe":20,"minecraft:rotten_flesh":10,"minecraft:fern":1,"minecraft:chainmail_chestplate":18,"minecraft:spruce_pressure_plate":3,"minecraft:spruce_slab":4,"minecraft:bread":196,"minecraft:wheat_seeds":413,"minecraft:mossy_cobblestone":50,"minecraft:feather":7,"minecraft:granite":73,"minecraft:spruce_door":7,"minecraft:spruce_stairs":9,"spookyarms:pumpkin_pistol":1,"minecraft:gray_wool":1,"minecraft:diorite":11,"minecraft:pumpkin":9,"minecraft:stonecutter":1,"minecraft:chainmail_leggings":12,"minecraft:string":1,"minecraft:spruce_sapling":9,"minecraft:stone_sword":1,"minecraft:cobblestone_wall":47,"minecraft:composter":4,"minecraft:light_gray_wool":2,"minecraft:pumpkin_seeds":32,"minecraft:spruce_trapdoor":60,"minecraft:diamond_pickaxe":1,"minecraft:andesite":11,"minecraft:oak_sapling":2,"minecraft:spider_eye":2,"minecraft:stone_pickaxe":20,"minecraft:wooden_pickaxe":2},"minecraft:used":{"minecraft:iron_shovel":1130,"minecraft:poppy":13,"minecraft:diamond_hoe":13,"minecraft:chest":59,"minecraft:shield":92,"minecraft:iron_sword":230,"minecraft:bell":4,"minecraft:lantern":2,"minecraft:item_frame":18,"minecraft:repeater":23,"minecraft:bow":9,"minecraft:oak_sapling":175,"minecraft:furnace":15,"minecraft:egg":11,"minecraft:potato":31,"minecraft:diorite":4,"minecraft:spruce_door":2,"minecraft:stone_pickaxe":317,"minecraft:oak_planks":43,"industrialforegoing:fluid_extractor":1,"minecraft:wooden_pickaxe":35,"minecraft:composter":3,"minecraft:sugar_cane":33,"minecraft:blue_bed":14,"integrateddynamics:menril_log":1,"minecraft:blast_furnace":12,"minecraft:crossbow":3,"minecraft:pumpkin_seeds":10,"minecraft:redstone_torch":6,"minecraft:lever":3,"minecraft:bread":6,"minecraft:lectern":12,"minecraft:gravel":91,"simpleplanes:plane_workbench":1,"industrialforegoing:dissolution_chamber":2,"minecraft:grindstone":6,"minecraft:smithing_table":7,"minecraft:andesite":4,"minecraft:bone_meal":6,"minecraft:oak_fence":8,"minecraft:stone_sword":53,"minecraft:redstone":136,"minecraft:spruce_planks":1,"minecraft:cooked_chicken":9,"minecraft:torch":176,"cgm:workbench":1,"minecraft:dirt":484,"minecraft:anvil":1,"minecraft:hopper":11,"minecraft:spruce_stairs":42,"minecraft:granite":16,"minecraft:spruce_fence":207,"minecraft:iron_hoe":258,"minecraft:iron_axe":2704,"minecraft:cooked_beef":7,"minecraft:pumpkin":7,"minecraft:wheat_seeds":1491,"minecraft:cooked_mutton":26,"minecraft:water_bucket":62,"industrialforegoing:pitiful_generator":1,"minecraft:cobblestone_stairs":44,"minecraft:baked_potato":1,"minecraft:fletching_table":22,"minecraft:stonecutter":3,"minecraft:spruce_fence_gate":3,"industrialforegoing:latex_processing_unit":4,"minecraft:mossy_cobblestone":1,"minecraft:crafting_table":18,"minecraft:white_bed":28,"minecraft:light_gray_concrete_powder":16,"minecraft:spruce_log":564,"minecraft:oak_log":425,"minecraft:piston":12,"minecraft:apple":1,"minecraft:iron_pickaxe":4090,"minecraft:spruce_trapdoor":8,"minecraft:spruce_sapling":211,"minecraft:stone_axe":29,"minecraft:cobblestone":1075,"minecraft:purple_bed":9,"minecraft:red_concrete_powder":43,"minecraft:cooked_porkchop":9,"minecraft:bucket":133},"minecraft:custom":{"minecraft:animals_bred":117,"minecraft:interact_with_crafting_table":241,"minecraft:bell_ring":72,"minecraft:leave_game":15,"minecraft:time_since_death":410687,"minecraft:sprint_one_cm":2282355,"minecraft:damage_blocked_by_shield":6270,"minecraft:drop":570,"minecraft:talked_to_villager":440,"minecraft:deaths":12,"minecraft:jump":6334,"minecraft:walk_on_water_one_cm":75824,"minecraft:interact_with_furnace":192,"minecraft:traded_with_villager":751,"minecraft:play_one_minute":1083532,"minecraft:sleep_in_bed":54,"minecraft:damage_dealt":19983,"minecraft:crouch_one_cm":94630,"minecraft:interact_with_smithing_table":9,"minecraft:interact_with_anvil":4,"minecraft:mob_kills":196,"minecraft:inspect_hopper":15,"minecraft:walk_one_cm":4295571,"minecraft:sneak_time":32184,"minecraft:walk_under_water_one_cm":19132,"minecraft:interact_with_blast_furnace":26,"minecraft:interact_with_grindstone":2,"minecraft:time_since_rest":18401,"minecraft:damage_taken":5044,"minecraft:swim_one_cm":2927,"minecraft:fly_one_cm":208976,"minecraft:open_chest":635,"minecraft:fall_one_cm":66805},"minecraft:killed":{"minecraft:spider":2,"minecraft:skeleton":12,"minecraft:bee":2,"minecraft:fox":1,"minecraft:chicken":9,"minecraft:pig":13,"minecraft:creeper":5,"minecraft:sheep":35,"minecraft:trader_llama":3,"minecraft:zombie":15,"minecraft:cow":92},"minecraft:broken":{"minecraft:iron_shovel":4,"minecraft:stone_pickaxe":3,"minecraft:shield":1,"minecraft:iron_axe":14,"minecraft:iron_pickaxe":14},"minecraft:picked_up":{"minecraft:iron_chestplate":8,"minecraft:wheat":339,"cgm:basic_bullet":64,"minecraft:smithing_table":4,"minecraft:lead":3,"minecraft:enchanted_book":1,"minecraft:string":13,"integrateddynamics:menril_log":2,"minecraft:iron_leggings":8,"minecraft:diamond_leggings":1,"minecraft:bucket":1,"minecraft:spruce_planks":316,"minecraft:redstone_torch":6,"minecraft:iron_pickaxe":6,"cgm:advanced_bullet":128,"minecraft:furnace":11,"minecraft:iron_boots":3,"minecraft:spruce_pressure_plate":3,"minecraft:stick":293,"minecraft:composter":7,"minecraft:oak_fence":1,"minecraft:torch":136,"minecraft:spruce_stairs":51,"minecraft:porkchop":32,"minecraft:diorite":39,"minecraft:stone_sword":2,"minecraft:rotten_flesh":20,"minecraft:carved_pumpkin":7,"minecraft:obsidian":2,"minecraft:snowball":46,"minecraft:cobblestone":3782,"minecraft:feather":7,"minecraft:cooked_beef":19,"minecraft:repeater":11,"minecraft:andesite":63,"integrateddynamics:crystalized_menril_chunk":2,"minecraft:potato":9,"minecraft:flint":33,"cgm:heavy_rifle":1,"minecraft:lapis_lazuli":164,"minecraft:dirt":714,"minecraft:bone":29,"minecraft:stonecutter":6,"minecraft:bow":1,"minecraft:wheat_seeds":917,"minecraft:bell":4,"minecraft:grindstone":8,"minecraft:fletching_table":18,"minecraft:diamond_helmet":1,"minecraft:oak_planks":19,"minecraft:cooked_porkchop":18,"mctb:birch_crafting_table":1,"minecraft:sand":290,"minecraft:stripped_spruce_log":1,"minecraft:mossy_cobblestone":57,"minecraft:iron_hoe":1,"minecraft:light_gray_concrete":16,"minecraft:diamond":31,"minecraft:lever":2,"minecraft:granite":144,"minecraft:crossbow":1,"minecraft:emerald":86,"minecraft:bread":64,"minecraft:oak_sapling":205,"minecraft:crafting_table":21,"minecraft:chicken":9,"minecraft:clay_ball":184,"minecraft:gold_block":3,"gravestone:obituary":1,"minecraft:shield":4,"minecraft:iron_axe":4,"minecraft:iron_shovel":1,"minecraft:beef":193,"minecraft:observer":4,"minecraft:poppy":30,"minecraft:light_gray_wool":2,"minecraft:spruce_slab":4,"minecraft:lectern":6,"minecraft:sugar_cane":417,"minecraft:chest":6,"minecraft:piston":4,"minecraft:spruce_trapdoor":74,"minecraft:egg":11,"minecraft:spruce_fence":83,"minecraft:redstone":584,"minecraft:arrow":127,"minecraft:diamond_chestplate":1,"cgm:assault_rifle":1,"minecraft:diamond_boots":1,"minecraft:mutton":56,"minecraft:rail":3,"minecraft:white_wool":68,"minecraft:oxeye_daisy":10,"minecraft:leather":100,"minecraft:fern":1,"minecraft:oak_log":514,"minecraft:cobblestone_wall":47,"minecraft:gunpowder":12,"minecraft:cobblestone_stairs":18,"minecraft:blue_bed":16,"industrialforegoing:dryrubber":1,"minecraft:cooked_mutton":30,"minecraft:apple":23,"industrialforegoing:latex_processing_unit":3,"industrialforegoing:tinydryrubber":1,"minecraft:iron_ingot":266,"minecraft:stone_pickaxe":2,"minecraft:iron_ore":589,"minecraft:iron_sword":7,"tconstruct:copper_ore":1,"minecraft:red_concrete_powder":1,"minecraft:pumpkin":25,"industrialforegoing:plastic":2,"minecraft:quartz":23,"minecraft:dandelion":1,"minecraft:gravel":259,"minecraft:spruce_sapling":262,"minecraft:blast_furnace":8,"minecraft:white_bed":9,"minecraft:spruce_log":1980,"minecraft:gold_ore":84,"minecraft:spruce_door":13,"minecraft:spider_eye":2,"minecraft:pumpkin_seeds":60,"minecraft:purple_bed":10,"minecraft:slime_ball":80,"minecraft:stone_axe":10,"minecraft:iron_helmet":2,"evilcraft:dark_gem":53,"industrialforegoing:dissolution_chamber":1,"minecraft:gray_wool":1,"minecraft:baked_potato":60,"minecraft:red_concrete":42,"minecraft:coal":1108,"minecraft:hopper":4,"minecraft:sunflower":1,"minecraft:ender_pearl":3},"minecraft:mined":{"minecraft:spruce_planks":133,"minecraft:white_bed":9,"minecraft:oak_sapling":4,"minecraft:farmland":30,"minecraft:cobblestone_stairs":18,"minecraft:carved_pumpkin":7,"minecraft:spruce_trapdoor":75,"minecraft:granite":127,"minecraft:grass_block":207,"minecraft:composter":5,"minecraft:hopper":4,"integrateddynamics:menril_log":1,"minecraft:oxeye_daisy":10,"minecraft:iron_ore":478,"minecraft:fire":2,"minecraft:pumpkin":26,"minecraft:fletching_table":18,"industrialforegoing:dissolution_chamber":1,"minecraft:spruce_pressure_plate":2,"minecraft:light_gray_concrete":16,"minecraft:spruce_slab":4,"minecraft:clay":46,"minecraft:torch":14,"minecraft:blast_furnace":8,"minecraft:poppy":30,"minecraft:chest":6,"minecraft:cobblestone":604,"minecraft:grindstone":8,"minecraft:sugar_cane":245,"minecraft:oak_planks":19,"minecraft:wall_torch":23,"minecraft:repeater":10,"minecraft:wheat":353,"minecraft:pumpkin_stem":14,"minecraft:grass":52,"minecraft:oak_log":537,"minecraft:sand":293,"minecraft:dirt":232,"industrialforegoing:latex_processing_unit":4,"minecraft:stonecutter":5,"minecraft:piston":4,"minecraft:oak_leaves":84,"minecraft:attached_pumpkin_stem":6,"minecraft:diamond_ore":4,"minecraft:mossy_cobblestone":58,"minecraft:spruce_fence":59,"minecraft:redstone_wire":99,"minecraft:spruce_leaves":187,"minecraft:large_fern":28,"minecraft:redstone_ore":44,"minecraft:furnace":10,"minecraft:red_concrete_powder":1,"minecraft:snow":59,"minecraft:andesite":39,"minecraft:stripped_spruce_log":1,"minecraft:gold_block":2,"minecraft:bell":4,"minecraft:rail":1,"minecraft:potted_spruce_sapling":1,"minecraft:stone":2148,"tconstruct:copper_ore":1,"minecraft:smithing_table":4,"minecraft:glass_pane":20,"minecraft:spruce_door":12,"minecraft:oak_fence":1,"minecraft:crafting_table":15,"minecraft:emerald_ore":8,"minecraft:lectern":6,"minecraft:tall_grass":12,"minecraft:lapis_ore":12,"minecraft:red_concrete":42,"minecraft:diorite":25,"minecraft:blue_bed":16,"minecraft:spruce_stairs":52,"minecraft:purple_bed":11,"minecraft:cobblestone_wall":48,"minecraft:redstone_torch":6,"minecraft:spruce_log":1972,"minecraft:grass_path":126,"minecraft:coal_ore":642,"minecraft:sunflower":1,"minecraft:gravel":284,"minecraft:cobweb":2,"minecraft:gold_ore":43,"minecraft:infested_stone":3,"minecraft:fern":8},"minecraft:crafted":{"minecraft:light_gray_concrete_powder":16,"minecraft:oak_planks":1776,"minecraft:smooth_stone":13,"minecraft:oak_sign":6,"minecraft:cooked_chicken":9,"minecraft:stone":52,"minecraft:cobblestone_stairs":28,"minecraft:lever":1,"minecraft:bookshelf":6,"minecraft:cooked_mutton":56,"minecraft:iron_bars":16,"minecraft:red_concrete_powder":80,"minecraft:glass":104,"minecraft:hopper":10,"industrialforegoing:pitiful_generator":1,"minecraft:diamond_leggings":1,"minecraft:diamond_helmet":1,"minecraft:repeater":12,"minecraft:bow":2,"minecraft:iron_boots":6,"tconstruct:seared_brick":160,"minecraft:chest":70,"minecraft:oak_fence":12,"minecraft:name_tag":1,"spookyarms:pumpkin_bullet":64,"minecraft:oak_slab":18,"minecraft:item_frame":18,"minecraft:emerald":549,"minecraft:arrow":160,"minecraft:cooked_porkchop":21,"minecraft:diamond_axe":3,"minecraft:crafting_table":5,"minecraft:spruce_planks":7616,"minecraft:iron_helmet":8,"minecraft:wooden_pickaxe":2,"minecraft:baked_potato":15,"minecraft:smithing_table":3,"minecraft:chainmail_chestplate":18,"minecraft:fletching_table":8,"industrialforegoing:dissolution_chamber":1,"minecraft:lectern":6,"industrialforegoing:fluid_extractor":1,"minecraft:charcoal":6,"minecraft:book":46,"minecraft:iron_chestplate":3,"tconstruct:copper_ingot":1,"minecraft:paper":309,"minecraft:diamond_pickaxe":2,"minecraft:shield":5,"minecraft:light_weighted_pressure_plate":1,"minecraft:stick":16001,"minecraft:stone_slab":6,"minecraft:iron_ingot":550,"minecraft:iron_pickaxe":18,"minecraft:iron_block":4,"minecraft:stone_sword":2,"minecraft:gold_ingot":72,"minecraft:light_gray_dye":10,"minecraft:redstone_torch":24,"spookyarms:pumpkin_circuit":1,"minecraft:spruce_fence_gate":3,"minecraft:shears":1,"tconstruct:pattern":66,"minecraft:iron_nugget":63,"simpleplanes:plane_workbench":1,"minecraft:diamond_hoe":12,"minecraft:furnace":13,"minecraft:blast_furnace":4,"minecraft:piston":9,"industrialforegoing:dryrubber":5,"minecraft:bone_meal":6,"minecraft:spruce_fence":150,"minecraft:lantern":12,"minecraft:iron_axe":32,"minecraft:spruce_slab":12,"minecraft:iron_hoe":1,"minecraft:stone_pickaxe":22,"minecraft:cobblestone_wall":60,"minecraft:diamond_boots":1,"minecraft:redstone_block":5,"cgm:workbench":1,"minecraft:chainmail_leggings":12,"minecraft:cooked_beef":174,"minecraft:red_dye":15,"minecraft:crossbow":8,"minecraft:iron_sword":2,"titanium:diamond_gear":1,"industrialforegoing:machine_frame_pity":4,"spookyarms:pumpkin_pistol":1,"minecraft:bucket":6,"minecraft:stone_axe":11,"minecraft:enchanted_book":20,"minecraft:bread":152,"minecraft:air":0,"minecraft:gold_nugget":18,"industrialforegoing:latex_processing_unit":1,"minecraft:iron_shovel":5,"minecraft:iron_leggings":2,"minecraft:anvil":1,"minecraft:white_bed":20,"minecraft:torch":168,"minecraft:clay":46,"tconstruct:grout":160,"minecraft:diamond_chestplate":1,"industrialforegoing:plastic":5}},"DataVersion":2586}