{"stats":{"minecraft:picked_up":{"minecraft:crafting_table":17,"minecraft:iron_chestplate":7,"minecraft:feather":4,"minecraft:chicken":5,"minecraft:andesite":52,"minecraft:leather":2,"minecraft:flint":3,"minecraft:oak_log":4,"minecraft:shield":3,"minecraft:lapis_lazuli":77,"minecraft:dirt":91,"minecraft:string":7,"minecraft:iron_axe":1,"minecraft:iron_leggings":7,"minecraft:bone":22,"minecraft:bow":1,"minecraft:spruce_planks":43,"minecraft:beef":7,"minecraft:iron_ingot":261,"minecraft:stone_pickaxe":2,"minecraft:iron_ore":338,"minecraft:iron_pickaxe":3,"minecraft:light_gray_wool":1,"minecraft:chest":1,"minecraft:iron_sword":5,"minecraft:egg":2,"minecraft:iron_boots":3,"minecraft:furnace":7,"minecraft:stick":30,"minecraft:cooked_porkchop":7,"minecraft:torch":75,"minecraft:gravel":42,"minecraft:porkchop":15,"minecraft:spruce_sapling":5,"minecraft:diorite":29,"minecraft:spruce_log":117,"minecraft:redstone":228,"minecraft:gold_ore":44,"minecraft:spider_eye":2,"minecraft:stone_sword":2,"minecraft:arrow":21,"minecraft:rotten_flesh":12,"minecraft:diamond":7,"minecraft:iron_helmet":2,"minecraft:granite":55,"minecraft:gray_wool":1,"minecraft:bread":15,"minecraft:emerald":8,"minecraft:baked_potato":60,"minecraft:mutton":16,"minecraft:coal":515,"minecraft:white_wool":9,"minecraft:cobblestone":1732,"minecraft:sunflower":1},"minecraft:used":{"minecraft:cooked_mutton":2,"minecraft:diorite":1,"minecraft:stone_sword":53,"minecraft:stone_pickaxe":317,"minecraft:baked_potato":1,"minecraft:wooden_pickaxe":35,"minecraft:chest":1,"minecraft:shield":68,"minecraft:iron_sword":107,"minecraft:torch":102,"minecraft:dirt":18,"minecraft:crafting_table":12,"minecraft:white_bed":1,"minecraft:granite":16,"minecraft:iron_axe":68,"minecraft:bread":1,"minecraft:iron_pickaxe":1205,"minecraft:spruce_sapling":3,"minecraft:stone_axe":29,"minecraft:cobblestone":151,"minecraft:furnace":8,"minecraft:cooked_porkchop":7,"minecraft:bucket":1,"minecraft:andesite":2,"minecraft:egg":2,"minecraft:cooked_beef":6},"minecraft:broken":{"minecraft:stone_pickaxe":3,"minecraft:shield":1,"minecraft:iron_pickaxe":3},"minecraft:crafted":{"minecraft:cooked_beef":7,"minecraft:oak_planks":16,"minecraft:cooked_porkchop":15,"minecraft:crafting_table":3,"minecraft:spruce_planks":216,"minecraft:cooked_chicken":5,"minecraft:iron_helmet":2,"minecraft:baked_potato":15,"minecraft:wooden_pickaxe":2,"minecraft:iron_sword":2,"minecraft:furnace":3,"minecraft:bucket":1,"minecraft:stone_axe":1,"minecraft:cooked_mutton":16,"minecraft:iron_boots":2,"minecraft:iron_chestplate":3,"minecraft:charcoal":6,"minecraft:shield":5,"minecraft:iron_axe":2,"minecraft:stick":132,"minecraft:iron_ingot":149,"minecraft:iron_pickaxe":8,"minecraft:stone_pickaxe":2,"minecraft:stone_sword":2,"minecraft:iron_leggings":2,"minecraft:gold_ingot":26,"minecraft:white_bed":2,"minecraft:torch":160},"minecraft:killed_by":{"minecraft:silverfish":1,"minecraft:skeleton":4,"minecraft:creeper":4,"minecraft:zombie":2},"minecraft:mined":{"minecraft:diamond_ore":4,"minecraft:crafting_table":11,"minecraft:torch":3,"minecraft:granite":37,"minecraft:emerald_ore":8,"minecraft:grass_block":16,"minecraft:chest":1,"minecraft:tall_grass":1,"minecraft:cobblestone":3,"minecraft:spruce_leaves":14,"minecraft:lapis_ore":12,"minecraft:diorite":17,"minecraft:wall_torch":4,"minecraft:large_fern":1,"minecraft:redstone_ore":44,"minecraft:furnace":6,"minecraft:iron_ore":305,"minecraft:spruce_log":103,"minecraft:andesite":31,"minecraft:grass":2,"minecraft:coal_ore":340,"minecraft:oak_log":4,"minecraft:sunflower":1,"minecraft:gravel":24,"minecraft:dirt":41,"minecraft:stone":716,"minecraft:gold_ore":32,"minecraft:oak_leaves":1,"minecraft:infested_stone":3},"minecraft:custom":{"minecraft:interact_with_furnace":71,"minecraft:mob_kills":51,"minecraft:interact_with_crafting_table":46,"minecraft:play_one_minute":196045,"minecraft:leave_game":1,"minecraft:time_since_death":49034,"minecraft:sleep_in_bed":2,"minecraft:time_since_rest":17453,"minecraft:sprint_one_cm":577038,"minecraft:damage_taken":4054,"minecraft:damage_blocked_by_shield":4380,"minecraft:walk_one_cm":785413,"minecraft:drop":29,"minecraft:damage_dealt":6241,"minecraft:fly_one_cm":60271,"minecraft:open_chest":25,"minecraft:crouch_one_cm":22699,"minecraft:sneak_time":9581,"minecraft:deaths":11,"minecraft:walk_under_water_one_cm":309,"minecraft:jump":1936,"minecraft:walk_on_water_one_cm":29382,"minecraft:fall_one_cm":13617},"minecraft:dropped":{"minecraft:gravel":7,"minecraft:stone_sword":1,"minecraft:feather":4,"minecraft:rotten_flesh":2,"minecraft:light_gray_wool":1,"minecraft:granite":10,"minecraft:gray_wool":1,"minecraft:diorite":6,"minecraft:andesite":2,"minecraft:spider_eye":2,"minecraft:sunflower":1,"minecraft:wooden_pickaxe":2},"minecraft:killed":{"minecraft:pig":6,"minecraft:spider":2,"minecraft:creeper":1,"minecraft:sheep":11,"minecraft:skeleton":6,"minecraft:zombie":11,"minecraft:chicken":5,"minecraft:cow":3}},"DataVersion":2586}