{"stats":{"minecraft:used":{"minecraft:iron_shovel":1144,"minecraft:poppy":13,"minecraft:diamond_hoe":13,"minecraft:chest":68,"minecraft:shield":92,"minecraft:iron_sword":230,"minecraft:bell":4,"industrialforegoing:mob_slaughter_factory":3,"minecraft:carrot":17,"minecraft:obsidian":14,"minecraft:lantern":3,"minecraft:item_frame":18,"minecraft:repeater":23,"minecraft:bow":16,"minecraft:oak_sapling":175,"minecraft:furnace":16,"minecraft:egg":11,"minecraft:potato":231,"minecraft:diorite":8,"minecraft:spruce_door":2,"minecraft:oak_planks":43,"minecraft:stone_pickaxe":317,"industrialforegoing:fluid_extractor":4,"minecraft:wooden_pickaxe":35,"industrialforegoing:animal_baby_separator":2,"minecraft:composter":3,"minecraft:sugar_cane":33,"minecraft:blue_bed":19,"integrateddynamics:menril_log":1,"minecraft:blast_furnace":15,"minecraft:crossbow":3,"minecraft:pumpkin_seeds":10,"minecraft:redstone_torch":6,"minecraft:lever":3,"minecraft:bread":6,"minecraft:lectern":13,"minecraft:gravel":92,"simpleplanes:plane_workbench":1,"industrialforegoing:dissolution_chamber":11,"minecraft:grindstone":6,"minecraft:smithing_table":7,"minecraft:andesite":9,"minecraft:oak_boat":2,"minecraft:bone_meal":24,"minecraft:oak_fence":91,"minecraft:enchanting_table":1,"minecraft:stone_sword":53,"minecraft:flint_and_steel":4,"minecraft:redstone":136,"minecraft:spruce_planks":1,"minecraft:cooked_chicken":9,"minecraft:torch":183,"minecraft:brewing_stand":2,"minecraft:anvil":1,"minecraft:dirt":496,"cgm:workbench":2,"minecraft:hopper":11,"minecraft:spruce_stairs":42,"minecraft:granite":16,"minecraft:spruce_fence":242,"minecraft:iron_hoe":258,"minecraft:bookshelf":13,"minecraft:iron_axe":2794,"carryon:entity_item":7,"minecraft:cooked_beef":7,"minecraft:pumpkin":7,"minecraft:wheat_seeds":1660,"minecraft:cooked_mutton":36,"minecraft:water_bucket":63,"industrialforegoing:pitiful_generator":3,"minecraft:cobblestone_stairs":44,"minecraft:baked_potato":1,"minecraft:fletching_table":22,"minecraft:stonecutter":3,"minecraft:spruce_fence_gate":3,"industrialforegoing:fluid_transporter_type":4,"industrialforegoing:latex_processing_unit":4,"minecraft:mossy_cobblestone":1,"minecraft:rail":31,"minecraft:crafting_table":18,"minecraft:white_bed":42,"minecraft:light_gray_concrete_powder":16,"minecraft:spruce_log":564,"minecraft:oak_log":429,"minecraft:piston":12,"minecraft:diamond_pickaxe":30,"minecraft:apple":1,"minecraft:iron_pickaxe":4560,"minecraft:spruce_trapdoor":15,"minecraft:spruce_sapling":211,"minecraft:stone_axe":29,"minecraft:cobblestone":1080,"minecraft:purple_bed":9,"evilcraft:dark_tank":1,"minecraft:red_concrete_powder":43,"minecraft:cooked_porkchop":9,"minecraft:bucket":144},"minecraft:mined":{"minecraft:spruce_planks":133,"minecraft:white_bed":21,"minecraft:oak_sapling":4,"minecraft:farmland":30,"minecraft:cobblestone_stairs":18,"minecraft:brewing_stand":1,"minecraft:carved_pumpkin":7,"minecraft:spruce_trapdoor":81,"minecraft:granite":127,"minecraft:grass_block":209,"minecraft:composter":5,"minecraft:hopper":4,"integrateddynamics:menril_log":1,"minecraft:oxeye_daisy":10,"minecraft:iron_ore":486,"minecraft:fire":5,"minecraft:pumpkin":26,"minecraft:fletching_table":18,"industrialforegoing:dissolution_chamber":10,"minecraft:spruce_pressure_plate":2,"minecraft:light_gray_concrete":16,"minecraft:spruce_slab":4,"minecraft:smoker":5,"minecraft:clay":46,"minecraft:torch":14,"minecraft:blast_furnace":10,"minecraft:poppy":30,"minecraft:chest":7,"minecraft:cobblestone":607,"minecraft:oak_planks":22,"minecraft:sugar_cane":271,"minecraft:grindstone":8,"minecraft:wall_torch":24,"minecraft:repeater":10,"minecraft:wheat":353,"minecraft:pumpkin_stem":14,"minecraft:grass":58,"industrialforegoing:mob_slaughter_factory":2,"minecraft:oak_log":538,"minecraft:sand":293,"minecraft:dirt":295,"industrialforegoing:latex_processing_unit":4,"minecraft:stonecutter":5,"minecraft:piston":4,"minecraft:oak_leaves":84,"minecraft:attached_pumpkin_stem":6,"minecraft:diamond_ore":4,"minecraft:mossy_cobblestone":58,"minecraft:spruce_fence":95,"minecraft:redstone_wire":99,"minecraft:spruce_leaves":187,"cgm:workbench":1,"minecraft:large_fern":28,"industrialforegoing:fluid_extractor":2,"minecraft:redstone_ore":44,"minecraft:furnace":10,"minecraft:carrots":6,"minecraft:red_concrete_powder":1,"minecraft:snow":59,"minecraft:andesite":45,"minecraft:stripped_spruce_log":1,"minecraft:gold_block":2,"minecraft:bell":4,"minecraft:rail":32,"minecraft:lantern":1,"minecraft:potted_spruce_sapling":1,"minecraft:stripped_oak_log":1,"minecraft:stone":2537,"tconstruct:copper_ore":1,"minecraft:smithing_table":4,"minecraft:glass_pane":20,"minecraft:spruce_door":12,"minecraft:oak_fence":11,"minecraft:crafting_table":15,"minecraft:emerald_ore":8,"industrialforegoing:animal_baby_separator":1,"minecraft:lectern":7,"minecraft:tall_grass":12,"minecraft:lapis_ore":12,"minecraft:red_concrete":42,"minecraft:diorite":60,"minecraft:blue_bed":21,"minecraft:spruce_stairs":52,"minecraft:purple_bed":11,"minecraft:cobblestone_wall":49,"minecraft:redstone_torch":6,"minecraft:spruce_log":1972,"minecraft:grass_path":127,"minecraft:coal_ore":643,"minecraft:sunflower":1,"minecraft:gravel":291,"minecraft:cobweb":2,"industrialforegoing:transporter":2,"minecraft:gold_ore":43,"minecraft:infested_stone":3,"minecraft:fern":8},"minecraft:dropped":{"minecraft:iron_sword":1,"minecraft:diamond":1,"minecraft:cobblestone_stairs":1,"minecraft:dirt":1,"minecraft:snowball":46,"minecraft:sunflower":1,"minecraft:white_wool":4,"minecraft:gravel":9,"minecraft:stone_axe":20,"minecraft:rotten_flesh":11,"minecraft:fern":1,"minecraft:diamond_shovel":1,"minecraft:chainmail_chestplate":18,"minecraft:spruce_pressure_plate":3,"minecraft:spruce_slab":4,"minecraft:bread":196,"minecraft:wheat_seeds":441,"minecraft:mossy_cobblestone":50,"minecraft:feather":7,"minecraft:granite":73,"minecraft:spruce_door":7,"spookyarms:pumpkin_pistol":1,"minecraft:spruce_stairs":9,"minecraft:gray_wool":1,"minecraft:diorite":20,"minecraft:pumpkin":9,"minecraft:stonecutter":1,"minecraft:chainmail_leggings":12,"minecraft:string":1,"minecraft:spruce_sapling":10,"minecraft:stone_sword":1,"minecraft:cobblestone_wall":48,"minecraft:stone_shovel":10,"minecraft:composter":4,"minecraft:light_gray_wool":2,"minecraft:pumpkin_seeds":32,"minecraft:diamond_sword":2,"minecraft:spruce_trapdoor":60,"minecraft:diamond_pickaxe":2,"minecraft:andesite":11,"minecraft:oak_sapling":2,"minecraft:spider_eye":2,"minecraft:stone_pickaxe":20,"minecraft:wooden_pickaxe":2},"minecraft:custom":{"minecraft:animals_bred":122,"minecraft:interact_with_crafting_table":306,"minecraft:bell_ring":73,"minecraft:leave_game":22,"minecraft:time_since_death":611291,"minecraft:sprint_one_cm":2781832,"minecraft:damage_blocked_by_shield":6270,"minecraft:drop":624,"minecraft:talked_to_villager":523,"minecraft:deaths":12,"minecraft:jump":6834,"minecraft:interact_with_brewingstand":1,"minecraft:walk_on_water_one_cm":78051,"minecraft:enchant_item":4,"minecraft:interact_with_furnace":211,"minecraft:traded_with_villager":801,"minecraft:play_one_minute":1284136,"minecraft:sleep_in_bed":58,"minecraft:damage_dealt":20795,"minecraft:crouch_one_cm":102774,"minecraft:interact_with_smithing_table":9,"minecraft:interact_with_anvil":8,"minecraft:mob_kills":203,"minecraft:inspect_hopper":16,"minecraft:walk_one_cm":5080105,"minecraft:sneak_time":34628,"minecraft:walk_under_water_one_cm":19707,"minecraft:boat_one_cm":10679,"minecraft:interact_with_blast_furnace":29,"minecraft:interact_with_grindstone":2,"minecraft:time_since_rest":34850,"minecraft:damage_taken":5128,"minecraft:swim_one_cm":2927,"minecraft:fly_one_cm":246536,"minecraft:open_chest":865,"minecraft:fall_one_cm":77520},"minecraft:picked_up":{"minecraft:iron_chestplate":8,"minecraft:wheat":416,"cgm:basic_bullet":64,"minecraft:smithing_table":4,"minecraft:lead":3,"minecraft:diamond_sword":1,"minecraft:enchanted_book":1,"minecraft:brewing_stand":2,"minecraft:string":15,"integrateddynamics:menril_log":2,"minecraft:iron_leggings":8,"minecraft:diamond_leggings":1,"minecraft:bucket":3,"minecraft:spruce_planks":316,"minecraft:redstone_torch":6,"minecraft:iron_pickaxe":6,"cgm:advanced_bullet":128,"minecraft:furnace":11,"minecraft:iron_boots":3,"minecraft:spruce_pressure_plate":3,"minecraft:stick":294,"industrialforegoing:fluid_transporter_type":4,"minecraft:composter":7,"minecraft:oak_fence":9,"minecraft:torch":139,"minecraft:spruce_stairs":51,"minecraft:porkchop":32,"minecraft:diorite":72,"minecraft:stone_sword":2,"minecraft:rotten_flesh":21,"minecraft:carved_pumpkin":7,"minecraft:obsidian":20,"minecraft:snowball":46,"minecraft:cobblestone":4170,"minecraft:feather":7,"minecraft:cooked_beef":19,"minecraft:repeater":11,"minecraft:andesite":69,"integrateddynamics:crystalized_menril_chunk":2,"minecraft:smoker":5,"minecraft:potato":13,"industrialforegoing:animal_baby_separator":1,"minecraft:flint":34,"cgm:heavy_rifle":1,"minecraft:lapis_lazuli":228,"minecraft:dirt":805,"minecraft:lantern":1,"minecraft:bone":75,"minecraft:bow":1,"minecraft:stonecutter":6,"minecraft:wheat_seeds":922,"minecraft:bell":4,"minecraft:grindstone":8,"minecraft:fletching_table":18,"minecraft:diamond_helmet":1,"minecraft:oak_planks":22,"minecraft:cooked_porkchop":18,"mctb:birch_crafting_table":1,"minecraft:sand":290,"minecraft:stripped_spruce_log":1,"minecraft:mossy_cobblestone":57,"minecraft:iron_hoe":1,"minecraft:light_gray_concrete":16,"minecraft:diamond":31,"minecraft:lever":2,"minecraft:granite":144,"minecraft:crossbow":1,"minecraft:emerald":86,"minecraft:bread":64,"minecraft:oak_sapling":205,"minecraft:crafting_table":21,"minecraft:chicken":9,"minecraft:clay_ball":184,"industrialforegoing:fluid_extractor":2,"minecraft:gold_block":3,"gravestone:obituary":1,"minecraft:shield":4,"minecraft:iron_axe":4,"minecraft:iron_shovel":1,"industrialforegoing:mob_slaughter_factory":2,"minecraft:beef":193,"minecraft:oak_boat":2,"minecraft:observer":4,"minecraft:poppy":30,"minecraft:light_gray_wool":2,"minecraft:spruce_slab":4,"minecraft:lectern":7,"minecraft:sugar_cane":466,"minecraft:chest":7,"minecraft:piston":4,"minecraft:spruce_trapdoor":80,"minecraft:egg":11,"minecraft:spruce_fence":119,"minecraft:carrot":19,"minecraft:redstone":584,"minecraft:arrow":127,"minecraft:diamond_chestplate":1,"cgm:assault_rifle":1,"minecraft:diamond_boots":1,"minecraft:mutton":56,"minecraft:rail":34,"minecraft:white_wool":74,"minecraft:oxeye_daisy":10,"minecraft:stripped_oak_log":1,"minecraft:leather":100,"minecraft:fern":1,"minecraft:oak_log":515,"minecraft:cobblestone_wall":48,"minecraft:gunpowder":12,"minecraft:cobblestone_stairs":18,"minecraft:blue_bed":21,"industrialforegoing:dryrubber":1,"minecraft:cooked_mutton":30,"minecraft:apple":23,"industrialforegoing:latex_processing_unit":3,"minecraft:iron_ingot":266,"industrialforegoing:tinydryrubber":1,"minecraft:stone_pickaxe":2,"minecraft:iron_ore":597,"minecraft:iron_sword":7,"tconstruct:copper_ore":1,"minecraft:red_concrete_powder":1,"minecraft:pumpkin":25,"industrialforegoing:plastic":2,"minecraft:quartz":23,"minecraft:dandelion":1,"minecraft:gravel":266,"minecraft:spruce_sapling":264,"minecraft:blast_furnace":11,"minecraft:white_bed":21,"minecraft:spruce_log":1981,"minecraft:gold_ore":84,"minecraft:spruce_door":13,"minecraft:spider_eye":2,"minecraft:pumpkin_seeds":60,"minecraft:purple_bed":10,"minecraft:slime_ball":80,"minecraft:stone_axe":10,"minecraft:iron_helmet":2,"evilcraft:dark_gem":53,"industrialforegoing:dissolution_chamber":10,"minecraft:gray_wool":1,"minecraft:baked_potato":60,"minecraft:red_concrete":42,"cgm:workbench":1,"minecraft:coal":1125,"minecraft:hopper":4,"minecraft:sunflower":1,"minecraft:ender_pearl":3},"minecraft:crafted":{"minecraft:light_gray_concrete_powder":16,"minecraft:smooth_stone":41,"minecraft:oak_planks":2028,"minecraft:oak_sign":6,"minecraft:cooked_chicken":9,"minecraft:stone":80,"minecraft:cobblestone_stairs":28,"minecraft:lever":1,"minecraft:diamond_shovel":1,"minecraft:bookshelf":19,"minecraft:cooked_mutton":56,"minecraft:iron_bars":32,"minecraft:red_concrete_powder":80,"minecraft:glass":104,"minecraft:hopper":13,"industrialforegoing:pitiful_generator":3,"minecraft:diamond_leggings":1,"minecraft:repeater":12,"minecraft:diamond_helmet":1,"minecraft:bow":2,"minecraft:iron_boots":6,"tconstruct:seared_brick":160,"minecraft:chest":80,"industrialforegoing:fluid_transporter_type":4,"minecraft:oak_fence":108,"minecraft:name_tag":1,"spookyarms:pumpkin_bullet":64,"minecraft:oak_slab":18,"minecraft:item_frame":18,"minecraft:wooden_shovel":2,"sophisticatedbackpacks:backpack":2,"minecraft:emerald":583,"minecraft:arrow":160,"minecraft:cooked_porkchop":21,"minecraft:diamond_axe":3,"minecraft:crafting_table":5,"minecraft:spruce_planks":7756,"minecraft:iron_helmet":8,"minecraft:wooden_pickaxe":2,"minecraft:baked_potato":15,"minecraft:smithing_table":3,"minecraft:chainmail_chestplate":18,"minecraft:fletching_table":8,"industrialforegoing:dissolution_chamber":1,"industrialforegoing:fluid_extractor":2,"minecraft:lectern":6,"minecraft:iron_chestplate":3,"minecraft:book":46,"minecraft:charcoal":6,"minecraft:paper":309,"tconstruct:copper_ingot":1,"minecraft:diamond_pickaxe":3,"minecraft:purple_dye":4,"minecraft:shield":5,"minecraft:light_weighted_pressure_plate":2,"minecraft:stick":16609,"minecraft:stone_slab":6,"minecraft:light_blue_dye":12,"minecraft:iron_ingot":558,"minecraft:iron_pickaxe":20,"minecraft:iron_block":6,"minecraft:stone_sword":2,"minecraft:gold_ingot":72,"minecraft:light_gray_dye":10,"minecraft:redstone_torch":24,"spookyarms:pumpkin_circuit":1,"industrialforegoing:animal_baby_separator":1,"minecraft:spruce_fence_gate":3,"minecraft:shears":1,"minecraft:golden_carrot":1,"tconstruct:pattern":66,"minecraft:stone_shovel":10,"titanium:gold_gear":2,"minecraft:iron_nugget":63,"simpleplanes:plane_workbench":1,"minecraft:diamond_hoe":12,"minecraft:furnace":16,"minecraft:blast_furnace":4,"minecraft:piston":12,"industrialforegoing:dryrubber":8,"minecraft:bone_meal":48,"minecraft:spruce_fence":150,"minecraft:glass_pane":64,"minecraft:flint_and_steel":1,"evilcraft:dark_block":2,"minecraft:lantern":12,"minecraft:iron_axe":33,"minecraft:spruce_slab":12,"minecraft:iron_hoe":1,"minecraft:stone_pickaxe":22,"minecraft:cobblestone_wall":60,"minecraft:diamond_boots":1,"minecraft:redstone_block":12,"cgm:workbench":1,"minecraft:chainmail_leggings":12,"minecraft:cooked_beef":174,"minecraft:red_dye":15,"minecraft:crossbow":8,"minecraft:diamond_sword":1,"evilcraft:dark_tank":1,"minecraft:enchanting_table":1,"minecraft:iron_sword":4,"titanium:diamond_gear":1,"industrialforegoing:machine_frame_pity":11,"minecraft:bucket":11,"spookyarms:pumpkin_pistol":1,"minecraft:stone_axe":11,"minecraft:enchanted_book":20,"minecraft:bread":177,"minecraft:air":0,"minecraft:blue_dye":12,"minecraft:oak_boat":2,"minecraft:gold_nugget":18,"minecraft:white_dye":6,"industrialforegoing:latex_processing_unit":1,"industrialforegoing:mob_slaughter_factory":1,"minecraft:iron_shovel":12,"minecraft:iron_leggings":2,"minecraft:anvil":1,"minecraft:white_bed":22,"minecraft:torch":168,"minecraft:diamond_chestplate":1,"minecraft:clay":46,"tconstruct:grout":160,"industrialforegoing:plastic":8},"minecraft:broken":{"minecraft:iron_shovel":4,"minecraft:stone_pickaxe":3,"minecraft:shield":1,"minecraft:iron_axe":14,"minecraft:iron_pickaxe":15},"minecraft:killed":{"minecraft:witch":1,"minecraft:spider":4,"minecraft:skeleton":14,"minecraft:bee":2,"minecraft:fox":1,"minecraft:chicken":9,"minecraft:pig":13,"minecraft:creeper":5,"minecraft:sheep":35,"minecraft:trader_llama":3,"minecraft:zombie":17,"minecraft:cow":92},"minecraft:killed_by":{"minecraft:creeper":5,"minecraft:silverfish":1,"minecraft:zombie":2,"minecraft:skeleton":4}},"DataVersion":2586}