{"stats":{"minecraft:picked_up":{"minecraft:iron_chestplate":8,"cgm:basic_bullet":64,"minecraft:lead":3,"minecraft:smithing_table":4,"minecraft:diamond_sword":5,"minecraft:enchanted_book":2,"minecraft:brewing_stand":2,"minecraft:string":20,"mekanismgenerators:heat_generator":1,"minecraft:diamond_leggings":1,"minecraft:gold_nugget":7,"mekanism:basic_universal_cable":26,"minecraft:spruce_planks":329,"industrialforegoing:laser_lens3":1,"cgm:advanced_bullet":592,"mekanism:basic_logistical_transporter":3,"minecraft:diamond_ore":7,"minecraft:spruce_pressure_plate":4,"mekanism:ingot_copper":3,"cgm:light_grip":2,"minecraft:composter":7,"mekanism:tin_ore":8,"minecraft:acacia_log":323,"indreb:copper_ore":79,"cgm:medium_scope":2,"minecraft:stone_sword":2,"minecraft:iron_block":1,"minecraft:carved_pumpkin":7,"mekanism:lead_ore":6,"minecraft:iron_bars":8,"minecraft:snowball":46,"industrialforegoing:range_addon3":1,"minecraft:feather":8,"minecraft:cooked_beef":19,"integrateddynamics:crystalized_menril_chunk":2,"minecraft:smoker":5,"industrialforegoing:animal_baby_separator":2,"minecraft:flint":34,"minecraft:lantern":4,"minecraft:stonecutter":6,"minecraft:diamond_helmet":2,"mekanism:metallurgic_infuser":8,"indreb:tin_ore":35,"cgm:rifle":4,"minecraft:stripped_spruce_log":1,"minecraft:ink_sac":4,"mekanism:basic_mechanical_pipe":18,"minecraft:iron_hoe":1,"minecraft:stripped_acacia_log":3,"minecraft:polished_andesite":47,"minecraft:lever":4,"minecraft:granite":274,"industrialforegoing:bioreactor":3,"industrialforegoing:range_addon1":1,"minecraft:bread":81,"industrialforegoing:efficiency_addon_1":1,"minecraft:crafting_table":23,"minecraft:clay_ball":196,"gravestone:obituary":2,"immersiveengineering:ore_nickel":4,"evilcraft:poison_sac":1,"minecraft:netherite_scrap":3,"minecraft:iron_shovel":2,"industrialforegoing:mob_slaughter_factory":3,"minecraft:beef":193,"minecraft:poppy":41,"minecraft:spruce_slab":4,"minecraft:minecart":3,"minecraft:chest":11,"minecraft:piston":16,"minecraft:egg":11,"minecraft:stone":192,"minecraft:spruce_fence":151,"sophisticatedbackpacks:backpack":1,"minecraft:carrot":23,"minecraft:redstone":822,"minecraft:diamond_chestplate":1,"minecraft:diamond_boots":1,"minecraft:gold_ingot":28,"minecraft:mutton":56,"minecraft:white_wool":88,"minecraft:rail":96,"minecraft:oxeye_daisy":10,"minecraft:stripped_oak_log":3,"minecraft:fern":1,"minecraft:oak_log":519,"fabledweaponry:dagger_stone":1,"minecraft:blue_bed":22,"industrialforegoing:dryrubber":1,"minecraft:apple":23,"industrialforegoing:pitiful_generator":6,"indreb:copper_cable":8,"mctb:spruce_crafting_table":1,"minecraft:stone_pickaxe":2,"minecraft:iron_ore":824,"minecraft:iron_sword":7,"tconstruct:copper_ore":1,"industrialforegoing:plastic":5,"minecraft:gravel":301,"minecraft:spruce_sapling":324,"minecraft:spruce_log":2207,"minecraft:coal_ore":6,"minecraft:purple_bed":10,"industrialforegoing:speed_addon_1":1,"minecraft:slime_ball":80,"immersiveengineering:seed":6,"minecraft:stone_axe":10,"minecraft:redstone_ore":5,"industrialforegoing:processing_addon_1":1,"industrialforegoing:dissolution_chamber":13,"minecraft:gray_wool":1,"minecraft:baked_potato":60,"minecraft:hopper":15,"minecraft:ender_pearl":7,"minecraft:wheat":706,"integrateddynamics:menril_log":2,"minecraft:iron_leggings":8,"minecraft:oak_sign":3,"minecraft:bucket":4,"minecraft:redstone_torch":8,"minecraft:iron_pickaxe":6,"minecraft:furnace":11,"minecraft:iron_boots":3,"minecraft:stick":325,"industrialforegoing:fluid_transporter_type":4,"minecraft:oak_fence":70,"minecraft:torch":156,"minecraft:spruce_stairs":51,"minecraft:porkchop":32,"immersiveengineering:ore_aluminum":2,"minecraft:diorite":182,"mekanismgenerators:solar_generator":1,"industrialforegoing:machine_frame_simple":1,"minecraft:rotten_flesh":76,"njs:raw_squid":2,"mekanism:ingot_osmium":1,"minecraft:obsidian":20,"minecraft:cobblestone":6426,"minecraft:repeater":25,"minecraft:andesite":224,"mekanism:basic_enriching_factory":4,"minecraft:potato":139,"cgm:heavy_rifle":1,"industrialforegoing:biofuel_generator":1,"minecraft:dirt":1153,"minecraft:lapis_lazuli":284,"minecraft:bone":95,"minecraft:bow":3,"minecraft:wheat_seeds":1662,"industrialforegoing:laser_drill":8,"minecraft:bell":4,"minecraft:grindstone":8,"minecraft:fletching_table":18,"minecraft:powered_rail":2,"mekanism:osmium_ore":7,"minecraft:oak_planks":47,"mekanism:basic_smelting_factory":1,"minecraft:cooked_porkchop":18,"mctb:birch_crafting_table":1,"minecraft:sand":352,"minecraft:grass_block":1,"minecraft:mossy_cobblestone":57,"immersiveengineering:ore_silver":6,"minecraft:light_gray_concrete":17,"minecraft:spruce_fence_gate":1,"minecraft:diamond":58,"minecraft:crossbow":2,"minecraft:emerald":86,"minecraft:oak_sapling":210,"minecraft:netherrack":1,"twilightforest:torchberries":5,"minecraft:chicken":10,"industrialforegoing:fluid_extractor":2,"minecraft:gold_block":3,"minecraft:diamond_horse_armor":1,"minecraft:shield":4,"industrialforegoing:speed_addon_2":1,"minecraft:iron_axe":5,"minecraft:item_frame":4,"mekanism:energized_smelter":1,"minecraft:oak_boat":2,"minecraft:observer":23,"minecraft:light_gray_wool":7,"mekanism:copper_ore":8,"minecraft:lectern":7,"minecraft:sugar_cane":551,"minecraft:spruce_trapdoor":80,"minecraft:phantom_membrane":1,"minecraft:arrow":164,"cgm:assault_rifle":1,"minecraft:leather":100,"minecraft:gunpowder":29,"minecraft:cobblestone_wall":48,"minecraft:cobblestone_stairs":18,"minecraft:cooked_mutton":30,"industrialforegoing:latex_processing_unit":3,"minecraft:iron_ingot":312,"industrialforegoing:tinydryrubber":1,"industrialforegoing:processing_addon_2":3,"minecraft:acacia_sapling":256,"minecraft:nether_quartz_ore":1,"minecraft:red_concrete_powder":1,"minecraft:pumpkin":25,"minecraft:quartz":23,"minecraft:dandelion":2,"minecraft:blast_furnace":11,"minecraft:white_bed":27,"minecraft:gold_ore":128,"industrialforegoing:ore_laser_base":1,"minecraft:spruce_door":14,"minecraft:spider_eye":7,"evilcraft:dark_tank":3,"minecraft:pumpkin_seeds":60,"cgm:tactical_stock":2,"evilcraft:dark_gem":99,"minecraft:iron_helmet":2,"mekanism:fluorite_gem":80,"immersiveengineering:ore_lead":1,"minecraft:black_wool":4,"minecraft:red_concrete":42,"minecraft:coal":1679,"cgm:workbench":1,"minecraft:sunflower":6},"minecraft:custom":{"minecraft:interact_with_crafting_table":465,"minecraft:bell_ring":73,"minecraft:leave_game":27,"minecraft:time_since_death":1496020,"minecraft:damage_blocked_by_shield":8593,"minecraft:deaths":12,"minecraft:jump":10569,"minecraft:enchant_item":22,"minecraft:interact_with_furnace":323,"minecraft:traded_with_villager":1017,"minecraft:sleep_in_bed":79,"minecraft:damage_dealt":38032,"minecraft:interact_with_smithing_table":10,"minecraft:interact_with_anvil":15,"minecraft:inspect_hopper":18,"minecraft:sneak_time":79603,"minecraft:interact_with_blast_furnace":88,"minecraft:time_since_rest":12115,"minecraft:swim_one_cm":2927,"minecraft:fly_one_cm":496859,"minecraft:open_chest":1422,"minecraft:fall_one_cm":134975,"minecraft:animals_bred":140,"minecraft:sprint_one_cm":5285366,"minecraft:drop":1179,"minecraft:talked_to_villager":638,"minecraft:interact_with_brewingstand":1,"minecraft:walk_on_water_one_cm":110069,"minecraft:play_one_minute":2168865,"minecraft:crouch_one_cm":258124,"minecraft:mob_kills":447,"minecraft:walk_one_cm":7933163,"minecraft:walk_under_water_one_cm":30121,"minecraft:boat_one_cm":59552,"minecraft:interact_with_grindstone":2,"minecraft:damage_taken":9547},"minecraft:killed_by":{"minecraft:zombie":2,"minecraft:creeper":5,"minecraft:silverfish":1,"minecraft:skeleton":4},"minecraft:mined":{"minecraft:white_bed":27,"minecraft:carved_pumpkin":7,"minecraft:granite":216,"minecraft:acacia_log":1,"minecraft:hopper":15,"integrateddynamics:menril_log":1,"minecraft:oak_wall_sign":4,"minecraft:oxeye_daisy":10,"minecraft:tall_seagrass":1,"minecraft:fire":5,"minecraft:pumpkin":26,"minecraft:fletching_table":18,"industrialforegoing:dissolution_chamber":13,"mekanism:basic_logistical_transporter":3,"minecraft:spruce_pressure_plate":3,"minecraft:light_gray_concrete":16,"minecraft:iron_block":1,"mekanism:basic_enriching_factory":4,"mekanism:osmium_ore":5,"minecraft:smoker":5,"minecraft:torch":26,"minecraft:blast_furnace":10,"mekanism:tin_ore":8,"minecraft:glass":39,"minecraft:sugar_cane":307,"minecraft:repeater":24,"minecraft:wheat":543,"minecraft:pumpkin_stem":14,"minecraft:grass":83,"industrialforegoing:mob_slaughter_factory":3,"mekanism:lead_ore":6,"minecraft:stonecutter":5,"minecraft:piston":16,"indreb:tin_ore":35,"minecraft:attached_pumpkin_stem":6,"minecraft:mossy_cobblestone":58,"industrialforegoing:pitiful_generator":7,"evilcraft:dark_tank":3,"mekanismgenerators:solar_generator":1,"mekanismgenerators:heat_generator":1,"minecraft:spruce_fence":129,"minecraft:redstone_wire":129,"immersiveengineering:ore_silver":5,"industrialforegoing:fluid_extractor":2,"minecraft:redstone_ore":91,"mekanism:copper_ore":5,"minecraft:snow":59,"minecraft:andesite":248,"minecraft:rail":83,"minecraft:potted_spruce_sapling":1,"tconstruct:copper_ore":1,"minecraft:smithing_table":4,"minecraft:glass_pane":20,"minecraft:observer":19,"minecraft:emerald_ore":8,"minecraft:campfire":1,"minecraft:tall_grass":16,"minecraft:diorite":170,"minecraft:purple_bed":11,"industrialforegoing:bioreactor":3,"minecraft:cobblestone_wall":49,"minecraft:spruce_log":2223,"minecraft:gravel":302,"minecraft:sunflower":13,"minecraft:cobweb":3,"industrialforegoing:transporter":2,"minecraft:spruce_fence_gate":1,"minecraft:gold_ore":87,"minecraft:fern":8,"minecraft:infested_stone":3,"minecraft:spruce_planks":149,"minecraft:oak_sapling":4,"minecraft:farmland":105,"mekanism:energized_smelter":1,"minecraft:cobblestone_stairs":18,"minecraft:brewing_stand":1,"minecraft:spruce_trapdoor":85,"minecraft:grass_block":308,"minecraft:composter":5,"minecraft:iron_ore":718,"industrialforegoing:ore_laser_base":1,"minecraft:iron_bars":8,"minecraft:spruce_slab":4,"industrialforegoing:laser_drill":8,"minecraft:clay":49,"twilightforest:torchberry_plant":3,"minecraft:poppy":39,"minecraft:chest":12,"minecraft:cobblestone":1216,"minecraft:grindstone":8,"minecraft:oak_planks":47,"minecraft:wall_torch":27,"minecraft:powered_rail":1,"mekanism:fluorite_ore":24,"twilightforest:root":1,"minecraft:oak_log":551,"minecraft:sand":356,"minecraft:dirt":518,"industrialforegoing:latex_processing_unit":4,"mekanism:basic_universal_cable":26,"minecraft:oak_leaves":139,"minecraft:diamond_ore":31,"mekanism:basic_mechanical_pipe":18,"minecraft:lever":2,"immersiveengineering:ore_nickel":2,"minecraft:spruce_leaves":236,"industrialforegoing:biofuel_generator":1,"cgm:workbench":1,"minecraft:large_fern":30,"minecraft:hay_block":1,"minecraft:spruce_sapling":1,"minecraft:furnace":10,"minecraft:carrots":6,"minecraft:red_concrete_powder":1,"minecraft:stripped_spruce_log":1,"mekanism:basic_smelting_factory":1,"evilcraft:dark_ore":10,"minecraft:gold_block":2,"minecraft:bell":4,"minecraft:lantern":3,"minecraft:stripped_acacia_log":3,"minecraft:stripped_oak_log":3,"minecraft:stone":4541,"mctb:spruce_crafting_table":1,"twilightforest:root_strand":1,"minecraft:spruce_door":13,"minecraft:oak_fence":74,"minecraft:crafting_table":17,"industrialforegoing:animal_baby_separator":2,"minecraft:lectern":7,"minecraft:lapis_ore":21,"minecraft:red_concrete":42,"mekanism:metallurgic_infuser":8,"minecraft:blue_bed":22,"indreb:copper_cable":8,"minecraft:spruce_stairs":52,"indreb:copper_ore":79,"minecraft:redstone_torch":7,"minecraft:grass_path":133,"minecraft:coal_ore":1160,"minecraft:polished_andesite":61},"minecraft:used":{"immersiveengineering:ore_silver":1,"minecraft:poppy":13,"minecraft:chest":83,"minecraft:stone":481,"mekanism:basic_logistical_transporter":3,"industrialforegoing:mob_slaughter_factory":4,"minecraft:spruce_boat":1,"minecraft:lava_bucket":3,"minecraft:bow":244,"minecraft:furnace":17,"minecraft:oak_sapling":175,"minecraft:egg":11,"minecraft:potato":960,"industrialforegoing:laser_drill":10,"minecraft:emerald_ore":1,"minecraft:diorite":8,"minecraft:spruce_door":3,"minecraft:powered_rail":2,"minecraft:wooden_pickaxe":35,"minecraft:composter":3,"minecraft:blast_furnace":15,"minecraft:pumpkin_seeds":10,"minecraft:lectern":13,"minecraft:diamond_ore":30,"simpleplanes:plane_workbench":1,"industrialforegoing:dissolution_chamber":14,"minecraft:diamond_sword":232,"mekanismgenerators:solar_generator":2,"minecraft:smithing_table":7,"minecraft:oak_boat":2,"minecraft:enchanting_table":1,"minecraft:iron_bars":8,"minecraft:stone_sword":53,"minecraft:acacia_log":8,"minecraft:torch":320,"minecraft:brewing_stand":2,"minecraft:anvil":1,"industrialforegoing:biofuel_generator":2,"minecraft:iron_block":1,"mekanismgenerators:heat_generator":1,"minecraft:iron_axe":3061,"carryon:entity_item":39,"minecraft:observer":27,"minecraft:wheat_seeds":2363,"minecraft:water_bucket":112,"minecraft:fletching_table":22,"minecraft:spruce_fence_gate":3,"minecraft:mossy_cobblestone":1,"minecraft:rail":215,"minecraft:crafting_table":21,"mekanism:basic_enriching_factory":5,"minecraft:white_bed":48,"minecraft:spruce_log":812,"industrialforegoing:latex_bucket":1,"minecraft:oak_log":440,"minecraft:diamond_pickaxe":2017,"minecraft:iron_pickaxe":6976,"minecraft:spruce_trapdoor":15,"minecraft:spruce_sapling":265,"mekanism:fluorite_ore":1,"minecraft:cobblestone":1882,"evilcraft:dark_tank":6,"minecraft:purple_bed":10,"minecraft:red_concrete_powder":43,"minecraft:cooked_porkchop":9,"mctb:spruce_crafting_table":1,"minecraft:iron_shovel":1519,"minecraft:diamond_hoe":317,"minecraft:oak_sign":8,"minecraft:shield":176,"minecraft:iron_sword":359,"minecraft:bell":4,"industrialforegoing:ore_laser_base":2,"mekanism:osmium_ore":1,"mekanism:basic_mechanical_pipe":33,"minecraft:carrot":17,"mekanism:basic_universal_cable":34,"minecraft:obsidian":14,"minecraft:glass":106,"minecraft:coal_ore":16,"minecraft:lantern":16,"mekanismgenerators:wind_generator":2,"minecraft:item_frame":22,"minecraft:repeater":46,"minecraft:stone_pickaxe":317,"minecraft:oak_planks":77,"industrialforegoing:fluid_extractor":6,"industrialforegoing:animal_baby_separator":2,"integrateddynamics:menril_log":1,"minecraft:blue_bed":22,"minecraft:sugar_cane":47,"minecraft:crossbow":3,"minecraft:redstone_torch":8,"minecraft:sticky_piston":16,"minecraft:lever":6,"minecraft:bread":23,"mekanism:metallurgic_infuser":9,"minecraft:gravel":92,"minecraft:grindstone":10,"minecraft:andesite":9,"mekanism:basic_smelting_factory":2,"minecraft:bone_meal":24,"minecraft:oak_fence":104,"minecraft:flint_and_steel":4,"minecraft:redstone_ore":5,"mekanism:configurator":83,"minecraft:redstone":185,"minecraft:spruce_planks":11,"minecraft:cooked_chicken":9,"minecraft:dirt":2268,"cgm:workbench":2,"minecraft:hopper":45,"minecraft:spruce_stairs":42,"minecraft:cobblestone_wall":26,"minecraft:spruce_fence":320,"mctb:birch_crafting_table":1,"cgm:rifle":225,"mekanism:tin_ore":2,"minecraft:granite":17,"minecraft:iron_hoe":258,"minecraft:bookshelf":22,"minecraft:minecart":4,"minecraft:cooked_beef":71,"minecraft:pumpkin":7,"minecraft:cooked_mutton":42,"industrialforegoing:pitiful_generator":10,"minecraft:cobblestone_stairs":44,"minecraft:baked_potato":1,"minecraft:stonecutter":3,"industrialforegoing:fluid_transporter_type":4,"industrialforegoing:latex_processing_unit":4,"minecraft:light_gray_concrete_powder":16,"minecraft:piston":24,"minecraft:apple":1,"mekanism:energized_smelter":1,"industrialforegoing:bioreactor":4,"indreb:copper_cable":8,"minecraft:stone_axe":29,"minecraft:bucket":412},"minecraft:dropped":{"minecraft:iron_sword":1,"mekanism:osmium_ore":1,"minecraft:diamond":1,"immersiveengineering:ore_lead":1,"minecraft:dirt":28,"minecraft:sunflower":6,"minecraft:phantom_membrane":1,"minecraft:iron_pickaxe":2,"minecraft:white_wool":4,"minecraft:bone":18,"minecraft:stone_axe":20,"minecraft:wheat":26,"minecraft:rotten_flesh":63,"minecraft:coal_ore":5,"minecraft:spruce_slab":4,"immersiveengineering:ore_nickel":2,"minecraft:enchanted_book":1,"minecraft:iron_ingot":23,"minecraft:wheat_seeds":528,"indreb:copper_cable":6,"minecraft:feather":8,"minecraft:cobblestone":1384,"minecraft:granite":183,"minecraft:spruce_door":7,"spookyarms:pumpkin_pistol":1,"minecraft:coal":67,"minecraft:gray_wool":1,"minecraft:diamond_helmet":1,"minecraft:pumpkin":9,"minecraft:iron_shovel":1,"minecraft:chainmail_leggings":12,"minecraft:string":7,"minecraft:spruce_sapling":16,"cgm:advanced_bullet":80,"minecraft:redstone_ore":5,"minecraft:stone_sword":1,"minecraft:cobblestone_wall":48,"minecraft:stone_shovel":10,"minecraft:chicken":1,"minecraft:oak_sign":1,"minecraft:pumpkin_seeds":32,"minecraft:diamond_sword":2,"minecraft:potato":131,"fabledweaponry:dagger_stone":2,"minecraft:spruce_trapdoor":60,"minecraft:diamond_pickaxe":4,"minecraft:spider_eye":7,"minecraft:bow":2,"minecraft:magma_block":1,"minecraft:cobblestone_stairs":1,"minecraft:snowball":46,"gravestone:obituary":1,"minecraft:gravel":44,"indreb:copper_ore":1,"minecraft:fern":1,"minecraft:diamond_shovel":1,"evilcraft:poison_sac":1,"twilightforest:torchberries":5,"minecraft:carrot":38,"minecraft:chainmail_chestplate":18,"minecraft:poppy":10,"minecraft:spruce_pressure_plate":4,"minecraft:glowstone":1,"minecraft:iron_ore":1,"minecraft:iron_bars":8,"minecraft:arrow":35,"immersiveengineering:ore_aluminum":2,"immersiveengineering:seed":6,"minecraft:bread":273,"minecraft:mossy_cobblestone":50,"minecraft:diamond_leggings":1,"minecraft:spruce_stairs":9,"minecraft:grass_block":1,"minecraft:spruce_fence_gate":1,"minecraft:stick":17,"minecraft:diorite":129,"mekanism:ingot_copper":64,"minecraft:torch":1,"minecraft:stonecutter":1,"minecraft:bucket":2,"minecraft:dandelion":1,"cgm:rifle":3,"minecraft:composter":4,"minecraft:light_gray_wool":2,"minecraft:stripped_oak_log":1,"minecraft:diamond_chestplate":1,"minecraft:andesite":161,"minecraft:oak_sapling":7,"minecraft:diamond_boots":1,"minecraft:stone_pickaxe":20,"minecraft:wooden_pickaxe":2,"minecraft:nether_quartz_ore":1,"immersiveengineering:ore_silver":1},"minecraft:broken":{"minecraft:diamond_helmet":1,"minecraft:shield":1,"minecraft:iron_axe":16,"minecraft:iron_pickaxe":18,"minecraft:iron_shovel":5,"minecraft:stone_pickaxe":3},"minecraft:killed":{"farlanders:fanmade_enderman":6,"minecraft:skeleton":52,"minecraft:fox":1,"minecraft:chicken":10,"farlanders:rebel":14,"minecraft:iron_golem":4,"minecraft:zombie":99,"minecraft:cow":92,"twilightforest:squirrel":1,"mekanismadditions:baby_skeleton":11,"farlanders:classic_enderman":1,"twilightforest:kobold":18,"evilcraft:poisonous_libelle":1,"minecraft:witch":2,"minecraft:spider":19,"minecraft:bee":2,"minecraft:pig":13,"mekanismadditions:baby_creeper":4,"minecraft:creeper":22,"minecraft:sheep":35,"minecraft:trader_llama":3,"minecraft:phantom":2,"farlanders:looter":21,"minecraft:squid":2,"minecraft:villager":1},"minecraft:crafted":{"minecraft:black_dye":4,"minecraft:light_gray_concrete_powder":16,"minecraft:smooth_stone":41,"minecraft:oak_sign":6,"indreb:copper_cable":6,"mekanismgenerators:solar_generator":1,"mekanism:ingot_osmium":33,"mekanism:configurator":2,"minecraft:lever":2,"minecraft:diamond_shovel":1,"mekanismgenerators:heat_generator":1,"immersiveengineering:ingot_nickel":2,"minecraft:nether_brick":4,"minecraft:bookshelf":28,"minecraft:gray_wool":7,"minecraft:cooked_mutton":56,"minecraft:iron_bars":32,"minecraft:red_concrete_powder":80,"mekanism:basic_enriching_factory":1,"minecraft:glass":104,"immersiveengineering:ingot_silver":5,"minecraft:diamond_helmet":1,"minecraft:repeater":22,"minecraft:diamond_leggings":2,"industrialforegoing:fluid_transporter_type":4,"mekanism:energy_tablet":7,"minecraft:name_tag":2,"mekanism:ingot_tin":8,"minecraft:wooden_shovel":2,"minecraft:emerald":781,"minecraft:cooked_porkchop":21,"minecraft:diamond_axe":3,"minecraft:smithing_table":3,"minecraft:sticky_piston":16,"minecraft:fletching_table":8,"industrialforegoing:dissolution_chamber":1,"mekanism:ingot_lead":6,"minecraft:lectern":6,"industrialforegoing:fluid_extractor":4,"tconstruct:copper_ingot":1,"minecraft:stone_slab":12,"minecraft:iron_pickaxe":23,"minecraft:iron_block":11,"minecraft:gold_ingot":116,"minecraft:light_gray_dye":10,"spookyarms:pumpkin_circuit":1,"industrialforegoing:animal_baby_separator":1,"minecraft:spruce_fence_gate":3,"mekanism:basic_logistical_transporter":8,"minecraft:golden_carrot":1,"minecraft:stone_shovel":10,"titanium:gold_gear":19,"minecraft:iron_nugget":288,"simpleplanes:plane_workbench":1,"minecraft:diamond_hoe":12,"industrialforegoing:dryrubber":25,"minecraft:bone_meal":48,"minecraft:spruce_fence":150,"evilcraft:dark_block":4,"minecraft:lantern":12,"minecraft:spruce_slab":12,"minecraft:stone_pickaxe":22,"minecraft:diamond_boots":2,"minecraft:spruce_boat":1,"minecraft:redstone_block":21,"morevanillaarmor:obsidian_helmet":1,"morevanillaarmor:obsidian_leggings":1,"minecraft:chainmail_leggings":12,"industrialforegoing:laser_drill":2,"minecraft:crossbow":8,"evilcraft:dark_tank":3,"minecraft:enchanting_table":1,"minecraft:enchanted_book":20,"fabledweaponry:dagger_stone":1,"industrialforegoing:latex_processing_unit":1,"minecraft:iron_shovel":14,"minecraft:iron_leggings":2,"mekanism:basic_mechanical_pipe":16,"minecraft:white_bed":22,"tconstruct:grout":160,"morevanillaarmor:obsidian_chestplate":1,"industrialforegoing:plastic":25,"minecraft:brick":2,"minecraft:grindstone":4,"minecraft:oak_planks":2276,"minecraft:cooked_chicken":9,"minecraft:cobblestone_stairs":28,"minecraft:stone":92,"minecraft:hopper":30,"industrialforegoing:pitiful_generator":5,"minecraft:bow":2,"minecraft:iron_boots":6,"tconstruct:seared_brick":160,"minecraft:chest":106,"minecraft:rail":160,"mekanism:ingot_steel":12,"minecraft:oak_fence":120,"industrialforegoing:biofuel_generator":1,"spookyarms:pumpkin_bullet":64,"minecraft:oak_slab":18,"minecraft:item_frame":18,"mctb:spruce_crafting_table":1,"sophisticatedbackpacks:backpack":4,"minecraft:arrow":160,"industrialforegoing:ore_laser_base":1,"minecraft:crafting_table":10,"minecraft:spruce_planks":8852,"minecraft:baked_potato":15,"minecraft:wooden_pickaxe":2,"minecraft:iron_helmet":8,"minecraft:chainmail_chestplate":18,"morevanillaarmor:obsidian_boots":1,"minecraft:book":52,"minecraft:iron_chestplate":3,"minecraft:paper":309,"minecraft:diamond_pickaxe":6,"minecraft:charcoal":6,"minecraft:purple_dye":4,"mekanism:steel_casing":2,"minecraft:shield":6,"minecraft:light_weighted_pressure_plate":4,"minecraft:stick":22941,"minecraft:light_blue_dye":12,"minecraft:iron_ingot":766,"indreb:copper_ingot":14,"minecraft:stone_sword":2,"minecraft:redstone_torch":46,"minecraft:shears":1,"indreb:tin_ingot":35,"tconstruct:pattern":66,"mekanism:basic_universal_cable":24,"mekanismgenerators:wind_generator":2,"minecraft:furnace":27,"minecraft:blast_furnace":4,"mekanism:energized_smelter":1,"minecraft:piston":33,"minecraft:gray_dye":8,"mekanism:basic_smelting_factory":1,"minecraft:glass_pane":64,"minecraft:flint_and_steel":1,"minecraft:iron_axe":33,"minecraft:iron_hoe":1,"minecraft:cobblestone_wall":60,"cgm:workbench":1,"minecraft:observer":4,"minecraft:minecart":1,"minecraft:cooked_beef":174,"minecraft:sugar":14,"minecraft:red_dye":15,"minecraft:diamond_sword":2,"mekanism:metallurgic_infuser":1,"minecraft:powered_rail":6,"minecraft:iron_sword":4,"titanium:diamond_gear":13,"industrialforegoing:machine_frame_pity":20,"minecraft:bucket":16,"spookyarms:pumpkin_pistol":1,"minecraft:stone_axe":11,"minecraft:bread":276,"minecraft:air":0,"mekanism:ingot_copper":73,"minecraft:blue_dye":12,"minecraft:oak_boat":3,"minecraft:gold_nugget":18,"minecraft:white_dye":13,"mekanism:enrichment_chamber":1,"industrialforegoing:mob_slaughter_factory":1,"minecraft:anvil":1,"minecraft:acacia_planks":2044,"industrialforegoing:bioreactor":1,"minecraft:torch":336,"minecraft:clay":46,"minecraft:diamond_chestplate":2,"mekanismgenerators:solar_panel":3}},"DataVersion":2586}