{"stats":{"minecraft:killed_by":{"minecraft:creeper":4,"minecraft:silverfish":1,"minecraft:skeleton":4,"minecraft:zombie":2},"minecraft:custom":{"minecraft:interact_with_smithing_table":5,"minecraft:mob_kills":84,"minecraft:animals_bred":26,"minecraft:inspect_hopper":5,"minecraft:interact_with_crafting_table":115,"minecraft:bell_ring":70,"minecraft:leave_game":8,"minecraft:time_since_death":383144,"minecraft:sprint_one_cm":1145805,"minecraft:walk_one_cm":1923233,"minecraft:damage_blocked_by_shield":4715,"minecraft:drop":201,"minecraft:talked_to_villager":103,"minecraft:deaths":11,"minecraft:sneak_time":26601,"minecraft:walk_under_water_one_cm":1400,"minecraft:jump":3815,"minecraft:interact_with_blast_furnace":8,"minecraft:walk_on_water_one_cm":37632,"minecraft:interact_with_furnace":124,"minecraft:traded_with_villager":258,"minecraft:play_one_minute":530155,"minecraft:interact_with_grindstone":2,"minecraft:sleep_in_bed":20,"minecraft:time_since_rest":7345,"minecraft:damage_taken":4419,"minecraft:damage_dealt":9231,"minecraft:fly_one_cm":121339,"minecraft:open_chest":142,"minecraft:crouch_one_cm":76147,"minecraft:fall_one_cm":37163},"minecraft:crafted":{"minecraft:smooth_stone":13,"minecraft:oak_planks":220,"minecraft:cooked_chicken":9,"minecraft:furnace":8,"minecraft:blast_furnace":2,"minecraft:piston":8,"minecraft:cobblestone_stairs":28,"minecraft:stone":46,"minecraft:lever":1,"minecraft:spruce_fence":45,"minecraft:bookshelf":1,"minecraft:cooked_mutton":31,"minecraft:hopper":5,"minecraft:diamond_leggings":1,"minecraft:repeater":7,"minecraft:diamond_helmet":1,"minecraft:bow":1,"minecraft:iron_boots":6,"minecraft:iron_axe":19,"minecraft:spruce_slab":6,"minecraft:iron_hoe":1,"minecraft:stone_pickaxe":2,"minecraft:chest":19,"minecraft:diamond_boots":1,"minecraft:chainmail_leggings":12,"minecraft:cooked_beef":18,"minecraft:item_frame":8,"minecraft:crossbow":8,"minecraft:arrow":64,"minecraft:emerald":186,"minecraft:cooked_porkchop":21,"minecraft:crafting_table":4,"minecraft:spruce_planks":3184,"minecraft:baked_potato":15,"minecraft:wooden_pickaxe":2,"minecraft:iron_helmet":8,"minecraft:iron_sword":2,"minecraft:chainmail_chestplate":18,"minecraft:smithing_table":1,"minecraft:fletching_table":8,"minecraft:bucket":2,"minecraft:stone_axe":1,"minecraft:bread":14,"minecraft:air":0,"minecraft:lectern":1,"minecraft:book":3,"minecraft:iron_chestplate":3,"minecraft:paper":9,"minecraft:charcoal":6,"minecraft:shield":5,"minecraft:stick":6093,"minecraft:stone_slab":6,"minecraft:iron_ingot":356,"minecraft:iron_pickaxe":13,"minecraft:stone_sword":2,"minecraft:iron_shovel":3,"minecraft:gold_ingot":32,"minecraft:iron_leggings":2,"minecraft:white_bed":2,"minecraft:redstone_torch":16,"minecraft:spruce_fence_gate":2,"minecraft:torch":160,"minecraft:diamond_chestplate":1},"minecraft:mined":{"minecraft:attached_pumpkin_stem":6,"minecraft:diamond_ore":4,"minecraft:spruce_planks":132,"minecraft:farmland":30,"minecraft:mossy_cobblestone":58,"minecraft:cobblestone_stairs":17,"minecraft:spruce_trapdoor":75,"minecraft:granite":91,"minecraft:spruce_fence":14,"minecraft:grass_block":171,"minecraft:redstone_wire":99,"minecraft:spruce_leaves":58,"minecraft:composter":5,"minecraft:hopper":4,"minecraft:large_fern":25,"minecraft:redstone_ore":44,"minecraft:furnace":7,"minecraft:iron_ore":374,"minecraft:snow":59,"minecraft:andesite":38,"minecraft:pumpkin":16,"minecraft:fletching_table":10,"minecraft:gold_block":2,"minecraft:bell":4,"minecraft:spruce_pressure_plate":2,"minecraft:potted_spruce_sapling":1,"minecraft:stone":1251,"minecraft:spruce_slab":4,"minecraft:smithing_table":1,"minecraft:glass_pane":20,"minecraft:spruce_door":12,"minecraft:crafting_table":15,"minecraft:torch":11,"minecraft:blast_furnace":3,"minecraft:emerald_ore":8,"minecraft:poppy":1,"minecraft:chest":3,"minecraft:tall_grass":9,"minecraft:cobblestone":571,"minecraft:lapis_ore":12,"minecraft:oak_planks":2,"minecraft:grindstone":7,"minecraft:sugar_cane":15,"minecraft:blue_bed":10,"minecraft:wall_torch":15,"minecraft:diorite":21,"minecraft:spruce_stairs":52,"minecraft:purple_bed":6,"minecraft:repeater":10,"minecraft:cobblestone_wall":31,"minecraft:redstone_torch":6,"minecraft:wheat":86,"minecraft:spruce_log":866,"minecraft:pumpkin_stem":14,"minecraft:grass_path":26,"minecraft:grass":31,"minecraft:coal_ore":441,"minecraft:oak_log":56,"minecraft:sunflower":1,"minecraft:gravel":114,"minecraft:dirt":221,"minecraft:cobweb":1,"minecraft:stonecutter":4,"minecraft:gold_ore":32,"minecraft:piston":4,"minecraft:oak_leaves":38,"minecraft:fern":4,"minecraft:infested_stone":3},"minecraft:broken":{"minecraft:iron_shovel":2,"minecraft:stone_pickaxe":3,"minecraft:shield":1,"minecraft:iron_axe":5,"minecraft:iron_pickaxe":9},"minecraft:dropped":{"minecraft:iron_sword":1,"minecraft:mossy_cobblestone":50,"minecraft:feather":7,"minecraft:granite":63,"minecraft:spruce_door":7,"minecraft:spruce_stairs":9,"minecraft:cobblestone_stairs":1,"minecraft:dirt":1,"minecraft:gray_wool":1,"minecraft:diorite":9,"minecraft:snowball":46,"minecraft:pumpkin":9,"minecraft:sunflower":1,"minecraft:stonecutter":1,"minecraft:chainmail_leggings":12,"minecraft:white_wool":4,"minecraft:spruce_sapling":9,"minecraft:gravel":7,"minecraft:stone_sword":1,"minecraft:cobblestone_wall":29,"minecraft:composter":4,"minecraft:rotten_flesh":3,"minecraft:light_gray_wool":2,"minecraft:fern":1,"minecraft:pumpkin_seeds":32,"minecraft:chainmail_chestplate":18,"minecraft:spruce_trapdoor":60,"minecraft:andesite":7,"minecraft:spruce_pressure_plate":3,"minecraft:spider_eye":2,"minecraft:spruce_slab":2,"minecraft:wooden_pickaxe":2},"minecraft:picked_up":{"minecraft:iron_chestplate":8,"minecraft:crafting_table":21,"minecraft:wheat":87,"minecraft:chicken":9,"minecraft:smithing_table":1,"minecraft:lead":1,"minecraft:gold_block":2,"minecraft:shield":3,"minecraft:string":12,"minecraft:iron_axe":1,"minecraft:iron_leggings":8,"minecraft:spruce_planks":187,"minecraft:beef":29,"minecraft:redstone_torch":6,"minecraft:light_gray_wool":2,"minecraft:iron_pickaxe":3,"minecraft:spruce_slab":4,"minecraft:sugar_cane":20,"minecraft:chest":3,"minecraft:piston":4,"minecraft:spruce_trapdoor":74,"minecraft:furnace":8,"minecraft:iron_boots":3,"minecraft:egg":6,"minecraft:spruce_pressure_plate":3,"minecraft:stick":48,"minecraft:composter":7,"minecraft:torch":118,"minecraft:spruce_stairs":51,"minecraft:spruce_fence":14,"minecraft:porkchop":32,"minecraft:diorite":35,"minecraft:redstone":326,"minecraft:stone_sword":2,"minecraft:arrow":27,"minecraft:rotten_flesh":13,"minecraft:mutton":31,"minecraft:snowball":46,"minecraft:white_wool":17,"minecraft:cobblestone":2820,"minecraft:feather":7,"minecraft:repeater":11,"minecraft:andesite":62,"minecraft:leather":11,"minecraft:fern":1,"minecraft:flint":16,"minecraft:oak_log":55,"minecraft:cobblestone_wall":30,"minecraft:cobblestone_stairs":17,"minecraft:lapis_lazuli":77,"minecraft:dirt":511,"minecraft:blue_bed":10,"minecraft:bone":25,"minecraft:bow":1,"minecraft:stonecutter":5,"minecraft:wheat_seeds":245,"minecraft:bell":4,"minecraft:iron_ingot":261,"minecraft:grindstone":7,"minecraft:stone_pickaxe":2,"minecraft:iron_ore":407,"minecraft:fletching_table":10,"minecraft:iron_sword":6,"minecraft:oak_planks":2,"minecraft:cooked_porkchop":7,"minecraft:pumpkin":15,"minecraft:gravel":120,"minecraft:spruce_sapling":26,"minecraft:blast_furnace":3,"minecraft:spruce_log":883,"minecraft:gold_ore":44,"minecraft:spruce_door":13,"minecraft:spider_eye":2,"minecraft:mossy_cobblestone":57,"minecraft:pumpkin_seeds":32,"minecraft:purple_bed":6,"minecraft:diamond":7,"minecraft:lever":2,"minecraft:iron_helmet":2,"minecraft:granite":108,"minecraft:gray_wool":1,"minecraft:bread":15,"minecraft:emerald":15,"minecraft:baked_potato":60,"minecraft:oak_sapling":1,"minecraft:coal":646,"minecraft:hopper":4,"minecraft:sunflower":1},"minecraft:used":{"minecraft:stone_sword":53,"minecraft:iron_shovel":506,"minecraft:redstone":132,"minecraft:chest":17,"minecraft:shield":71,"minecraft:iron_sword":174,"minecraft:bell":4,"minecraft:cooked_chicken":8,"minecraft:torch":122,"minecraft:dirt":232,"minecraft:hopper":8,"minecraft:spruce_stairs":42,"minecraft:granite":16,"minecraft:spruce_fence":41,"minecraft:iron_hoe":163,"minecraft:iron_axe":1361,"minecraft:item_frame":8,"minecraft:repeater":18,"minecraft:oak_sapling":1,"minecraft:furnace":12,"minecraft:egg":6,"minecraft:cooked_beef":7,"minecraft:wheat_seeds":243,"minecraft:cooked_mutton":2,"minecraft:water_bucket":20,"minecraft:diorite":2,"minecraft:cobblestone_stairs":44,"minecraft:spruce_door":2,"minecraft:baked_potato":1,"minecraft:oak_planks":10,"minecraft:stone_pickaxe":317,"minecraft:sugar_cane":11,"minecraft:wooden_pickaxe":35,"minecraft:blue_bed":10,"minecraft:composter":3,"minecraft:fletching_table":11,"minecraft:spruce_fence_gate":2,"minecraft:stonecutter":3,"minecraft:mossy_cobblestone":1,"minecraft:blast_furnace":5,"minecraft:crafting_table":18,"minecraft:crossbow":3,"minecraft:white_bed":1,"minecraft:spruce_log":6,"minecraft:redstone_torch":6,"minecraft:piston":8,"minecraft:lever":3,"minecraft:iron_pickaxe":2706,"minecraft:bread":6,"minecraft:lectern":1,"minecraft:spruce_trapdoor":6,"minecraft:gravel":91,"minecraft:spruce_sapling":15,"minecraft:stone_axe":29,"minecraft:cobblestone":766,"minecraft:purple_bed":6,"minecraft:grindstone":6,"minecraft:smithing_table":2,"minecraft:cooked_porkchop":9,"minecraft:andesite":3,"minecraft:bucket":22},"minecraft:killed":{"minecraft:spider":2,"minecraft:skeleton":7,"minecraft:fox":1,"minecraft:chicken":9,"minecraft:pig":13,"minecraft:creeper":2,"minecraft:sheep":20,"minecraft:trader_llama":1,"minecraft:zombie":11,"minecraft:cow":12}},"DataVersion":2586}