{"stats":{"minecraft:broken":{"minecraft:stone_pickaxe":3,"minecraft:shield":1,"minecraft:iron_axe":1,"minecraft:iron_pickaxe":5},"minecraft:used":{"minecraft:stone_sword":53,"minecraft:iron_shovel":140,"minecraft:chest":3,"minecraft:shield":69,"minecraft:iron_sword":107,"minecraft:bell":4,"minecraft:cooked_chicken":1,"minecraft:torch":110,"minecraft:dirt":33,"minecraft:spruce_stairs":25,"minecraft:granite":16,"minecraft:iron_hoe":48,"minecraft:iron_axe":343,"minecraft:furnace":10,"minecraft:egg":2,"minecraft:cooked_beef":7,"minecraft:wheat_seeds":15,"minecraft:cooked_mutton":2,"minecraft:water_bucket":3,"minecraft:diorite":1,"minecraft:cobblestone_stairs":32,"minecraft:spruce_door":1,"minecraft:stone_pickaxe":317,"minecraft:baked_potato":1,"minecraft:wooden_pickaxe":35,"minecraft:stonecutter":2,"minecraft:composter":3,"minecraft:fletching_table":11,"minecraft:blue_bed":10,"minecraft:blast_furnace":2,"minecraft:crafting_table":14,"minecraft:white_bed":1,"minecraft:bread":1,"minecraft:iron_pickaxe":1659,"minecraft:spruce_trapdoor":5,"minecraft:gravel":91,"minecraft:spruce_sapling":3,"minecraft:stone_axe":29,"minecraft:cobblestone":257,"minecraft:purple_bed":6,"minecraft:grindstone":6,"minecraft:cooked_porkchop":7,"minecraft:andesite":2,"minecraft:bucket":5},"minecraft:picked_up":{"minecraft:iron_chestplate":8,"minecraft:crafting_table":18,"minecraft:wheat":1,"minecraft:chicken":5,"minecraft:shield":3,"minecraft:string":8,"minecraft:iron_axe":1,"minecraft:iron_leggings":8,"minecraft:spruce_planks":88,"minecraft:beef":7,"minecraft:spruce_slab":2,"minecraft:iron_pickaxe":3,"minecraft:light_gray_wool":1,"minecraft:chest":2,"minecraft:spruce_trapdoor":14,"minecraft:furnace":8,"minecraft:iron_boots":3,"minecraft:egg":2,"minecraft:spruce_pressure_plate":1,"minecraft:stick":30,"minecraft:composter":7,"minecraft:torch":88,"minecraft:spruce_stairs":25,"minecraft:spruce_fence":3,"minecraft:porkchop":15,"minecraft:diorite":34,"minecraft:redstone":228,"minecraft:stone_sword":2,"minecraft:arrow":25,"minecraft:rotten_flesh":12,"minecraft:mutton":16,"minecraft:white_wool":9,"minecraft:cobblestone":2035,"minecraft:feather":4,"minecraft:andesite":59,"minecraft:leather":2,"minecraft:fern":1,"minecraft:flint":16,"minecraft:cobblestone_wall":2,"minecraft:oak_log":4,"minecraft:cobblestone_stairs":4,"minecraft:blue_bed":10,"minecraft:dirt":151,"minecraft:lapis_lazuli":77,"minecraft:bone":25,"minecraft:stonecutter":4,"minecraft:bow":1,"minecraft:wheat_seeds":15,"minecraft:bell":4,"minecraft:grindstone":7,"minecraft:stone_pickaxe":2,"minecraft:iron_ingot":261,"minecraft:iron_ore":379,"minecraft:fletching_table":8,"minecraft:iron_sword":5,"minecraft:cooked_porkchop":7,"minecraft:gravel":120,"minecraft:blast_furnace":1,"minecraft:spruce_sapling":9,"minecraft:spruce_log":248,"minecraft:gold_ore":44,"minecraft:spruce_door":5,"minecraft:spider_eye":2,"minecraft:mossy_cobblestone":11,"minecraft:pumpkin_seeds":1,"minecraft:purple_bed":6,"minecraft:diamond":7,"minecraft:iron_helmet":2,"minecraft:granite":71,"minecraft:gray_wool":1,"minecraft:emerald":8,"minecraft:bread":15,"minecraft:baked_potato":60,"minecraft:coal":614,"minecraft:sunflower":1},"minecraft:crafted":{"minecraft:smooth_stone":4,"minecraft:oak_planks":16,"minecraft:cooked_chicken":5,"minecraft:furnace":5,"minecraft:blast_furnace":1,"minecraft:stone":4,"minecraft:cobblestone_stairs":28,"minecraft:cooked_mutton":16,"minecraft:bow":1,"minecraft:iron_boots":2,"minecraft:iron_axe":3,"minecraft:iron_hoe":1,"minecraft:stone_pickaxe":2,"minecraft:chest":1,"minecraft:cooked_beef":7,"minecraft:arrow":64,"minecraft:emerald":16,"minecraft:cooked_porkchop":15,"minecraft:crafting_table":3,"minecraft:spruce_planks":664,"minecraft:wooden_pickaxe":2,"minecraft:baked_potato":15,"minecraft:iron_helmet":2,"minecraft:iron_sword":2,"minecraft:fletching_table":8,"minecraft:bucket":2,"minecraft:stone_axe":1,"minecraft:iron_chestplate":3,"minecraft:charcoal":6,"minecraft:shield":5,"minecraft:stick":672,"minecraft:iron_ingot":328,"minecraft:iron_pickaxe":9,"minecraft:stone_sword":2,"minecraft:gold_ingot":32,"minecraft:iron_shovel":1,"minecraft:iron_leggings":2,"minecraft:white_bed":2,"minecraft:torch":160},"minecraft:killed_by":{"minecraft:creeper":4,"minecraft:silverfish":1,"minecraft:skeleton":4,"minecraft:zombie":2},"minecraft:custom":{"minecraft:mob_kills":51,"minecraft:interact_with_crafting_table":69,"minecraft:bell_ring":69,"minecraft:leave_game":1,"minecraft:time_since_death":121034,"minecraft:sprint_one_cm":675368,"minecraft:walk_one_cm":1076753,"minecraft:damage_blocked_by_shield":4635,"minecraft:drop":46,"minecraft:talked_to_villager":19,"minecraft:deaths":11,"minecraft:sneak_time":13568,"minecraft:walk_under_water_one_cm":309,"minecraft:jump":2496,"minecraft:walk_on_water_one_cm":29382,"minecraft:interact_with_furnace":94,"minecraft:traded_with_villager":20,"minecraft:play_one_minute":268045,"minecraft:interact_with_grindstone":1,"minecraft:sleep_in_bed":6,"minecraft:time_since_rest":555,"minecraft:damage_taken":4154,"minecraft:damage_dealt":6241,"minecraft:fly_one_cm":68917,"minecraft:open_chest":50,"minecraft:crouch_one_cm":32758,"minecraft:fall_one_cm":20562},"minecraft:mined":{"minecraft:diamond_ore":4,"minecraft:spruce_planks":45,"minecraft:mossy_cobblestone":11,"minecraft:cobblestone_stairs":4,"minecraft:spruce_trapdoor":18,"minecraft:granite":53,"minecraft:spruce_fence":3,"minecraft:grass_block":28,"minecraft:spruce_leaves":20,"minecraft:composter":5,"minecraft:large_fern":10,"minecraft:redstone_ore":44,"minecraft:furnace":7,"minecraft:iron_ore":346,"minecraft:andesite":35,"minecraft:pumpkin":1,"minecraft:fletching_table":8,"minecraft:bell":4,"minecraft:spruce_pressure_plate":1,"minecraft:stone":849,"minecraft:spruce_slab":2,"minecraft:glass_pane":6,"minecraft:spruce_door":5,"minecraft:crafting_table":12,"minecraft:torch":6,"minecraft:blast_furnace":1,"minecraft:emerald_ore":8,"minecraft:poppy":1,"minecraft:chest":2,"minecraft:tall_grass":7,"minecraft:cobblestone":153,"minecraft:lapis_ore":12,"minecraft:grindstone":7,"minecraft:diorite":20,"minecraft:blue_bed":10,"minecraft:wall_torch":7,"minecraft:spruce_stairs":25,"minecraft:purple_bed":6,"minecraft:cobblestone_wall":2,"minecraft:wheat":13,"minecraft:spruce_log":237,"minecraft:pumpkin_stem":1,"minecraft:grass_path":9,"minecraft:grass":27,"minecraft:oak_log":4,"minecraft:coal_ore":408,"minecraft:sunflower":1,"minecraft:gravel":114,"minecraft:dirt":80,"minecraft:stonecutter":3,"minecraft:gold_ore":32,"minecraft:oak_leaves":1,"minecraft:infested_stone":3},"minecraft:dropped":{"minecraft:mossy_cobblestone":5,"minecraft:feather":4,"minecraft:granite":10,"minecraft:gray_wool":1,"minecraft:diorite":9,"minecraft:sunflower":1,"minecraft:stonecutter":1,"minecraft:spruce_sapling":4,"minecraft:gravel":7,"minecraft:cobblestone_wall":2,"minecraft:stone_sword":1,"minecraft:composter":4,"minecraft:rotten_flesh":2,"minecraft:light_gray_wool":1,"minecraft:fern":1,"minecraft:pumpkin_seeds":1,"minecraft:spruce_trapdoor":5,"minecraft:andesite":6,"minecraft:spruce_pressure_plate":1,"minecraft:spider_eye":2,"minecraft:wooden_pickaxe":2},"minecraft:killed":{"minecraft:spider":2,"minecraft:skeleton":6,"minecraft:chicken":5,"minecraft:pig":6,"minecraft:creeper":1,"minecraft:sheep":11,"minecraft:zombie":11,"minecraft:cow":3}},"DataVersion":2586}