{"stats":{"minecraft:killed":{"minecraft:pig":6,"minecraft:spider":2,"minecraft:sheep":11,"minecraft:skeleton":2,"minecraft:zombie":3},"minecraft:picked_up":{"minecraft:crafting_table":13,"minecraft:iron_chestplate":2,"minecraft:andesite":26,"minecraft:flint":2,"minecraft:oak_log":4,"minecraft:shield":2,"minecraft:lapis_lazuli":43,"minecraft:string":3,"minecraft:dirt":67,"minecraft:iron_axe":1,"minecraft:iron_leggings":1,"minecraft:bone":8,"minecraft:bow":1,"minecraft:spruce_planks":27,"minecraft:iron_ingot":17,"minecraft:stone_pickaxe":2,"minecraft:iron_ore":139,"minecraft:iron_pickaxe":2,"minecraft:light_gray_wool":1,"minecraft:chest":1,"minecraft:iron_boots":1,"minecraft:furnace":7,"minecraft:stick":24,"minecraft:cooked_porkchop":5,"minecraft:torch":69,"minecraft:gravel":20,"minecraft:porkchop":15,"minecraft:spruce_sapling":3,"minecraft:diorite":13,"minecraft:spruce_log":72,"minecraft:gold_ore":23,"minecraft:redstone":163,"minecraft:stone_sword":2,"minecraft:arrow":2,"minecraft:rotten_flesh":3,"minecraft:diamond":1,"minecraft:iron_helmet":1,"minecraft:granite":48,"minecraft:gray_wool":1,"minecraft:bread":8,"minecraft:emerald":5,"minecraft:baked_potato":15,"minecraft:mutton":16,"minecraft:coal":313,"minecraft:white_wool":9,"minecraft:cobblestone":914,"minecraft:sunflower":1},"minecraft:killed_by":{"minecraft:silverfish":1,"minecraft:skeleton":2,"minecraft:creeper":1,"minecraft:zombie":1},"minecraft:custom":{"minecraft:interact_with_furnace":51,"minecraft:mob_kills":27,"minecraft:interact_with_crafting_table":34,"minecraft:play_one_minute":118578,"minecraft:leave_game":1,"minecraft:time_since_death":13096,"minecraft:sleep_in_bed":1,"minecraft:time_since_rest":13150,"minecraft:sprint_one_cm":338173,"minecraft:damage_taken":1672,"minecraft:walk_one_cm":393557,"minecraft:damage_blocked_by_shield":680,"minecraft:drop":17,"minecraft:damage_dealt":3021,"minecraft:fly_one_cm":34421,"minecraft:open_chest":12,"minecraft:crouch_one_cm":9509,"minecraft:deaths":5,"minecraft:sneak_time":4897,"minecraft:walk_under_water_one_cm":309,"minecraft:jump":964,"minecraft:walk_on_water_one_cm":21166,"minecraft:fall_one_cm":6594},"minecraft:dropped":{"minecraft:gravel":7,"minecraft:stone_sword":1,"minecraft:rotten_flesh":1,"minecraft:light_gray_wool":1,"minecraft:granite":10,"minecraft:gray_wool":1,"minecraft:andesite":2,"minecraft:sunflower":1,"minecraft:wooden_pickaxe":2},"minecraft:used":{"minecraft:cooked_mutton":2,"minecraft:stone_sword":53,"minecraft:stone_pickaxe":317,"minecraft:chest":1,"minecraft:wooden_pickaxe":35,"minecraft:shield":18,"minecraft:iron_sword":18,"minecraft:torch":55,"minecraft:dirt":16,"minecraft:crafting_table":12,"minecraft:white_bed":1,"minecraft:iron_axe":34,"minecraft:iron_pickaxe":690,"minecraft:spruce_sapling":1,"minecraft:stone_axe":29,"minecraft:cobblestone":74,"minecraft:furnace":8,"minecraft:cooked_porkchop":6,"minecraft:bucket":1,"minecraft:andesite":1},"minecraft:broken":{"minecraft:stone_pickaxe":3,"minecraft:iron_pickaxe":1},"minecraft:mined":{"minecraft:diamond_ore":1,"minecraft:crafting_table":11,"minecraft:torch":3,"minecraft:granite":35,"minecraft:emerald_ore":5,"minecraft:grass_block":15,"minecraft:chest":1,"minecraft:tall_grass":1,"minecraft:cobblestone":3,"minecraft:spruce_leaves":13,"minecraft:lapis_ore":6,"minecraft:diorite":13,"minecraft:wall_torch":3,"minecraft:large_fern":1,"minecraft:redstone_ore":36,"minecraft:furnace":6,"minecraft:iron_ore":140,"minecraft:spruce_log":64,"minecraft:andesite":26,"minecraft:grass":2,"minecraft:oak_log":4,"minecraft:coal_ore":174,"minecraft:sunflower":1,"minecraft:gravel":17,"minecraft:dirt":32,"minecraft:stone":572,"minecraft:gold_ore":23,"minecraft:oak_leaves":1,"minecraft:infested_stone":2},"minecraft:crafted":{"minecraft:oak_planks":16,"minecraft:cooked_porkchop":15,"minecraft:crafting_table":3,"minecraft:spruce_planks":156,"minecraft:iron_helmet":1,"minecraft:wooden_pickaxe":2,"minecraft:baked_potato":15,"minecraft:iron_sword":2,"minecraft:furnace":3,"minecraft:bucket":1,"minecraft:stone_axe":1,"minecraft:cooked_mutton":16,"minecraft:iron_boots":1,"minecraft:iron_chestplate":2,"minecraft:charcoal":6,"minecraft:shield":2,"minecraft:iron_axe":1,"minecraft:stick":112,"minecraft:iron_ingot":100,"minecraft:iron_pickaxe":4,"minecraft:stone_pickaxe":2,"minecraft:stone_sword":2,"minecraft:gold_ingot":17,"minecraft:iron_leggings":1,"minecraft:white_bed":2,"minecraft:torch":80}},"DataVersion":2586}