{"stats":{"minecraft:broken":{"minecraft:iron_shovel":1,"minecraft:stone_pickaxe":3,"minecraft:shield":1,"minecraft:iron_axe":2,"minecraft:iron_pickaxe":6},"minecraft:used":{"minecraft:stone_sword":53,"minecraft:iron_shovel":251,"minecraft:chest":5,"minecraft:shield":69,"minecraft:iron_sword":107,"minecraft:bell":4,"minecraft:cooked_chicken":2,"minecraft:torch":110,"minecraft:dirt":43,"minecraft:spruce_stairs":25,"minecraft:granite":16,"minecraft:iron_hoe":63,"minecraft:iron_axe":781,"minecraft:furnace":10,"minecraft:egg":2,"minecraft:cooked_beef":7,"minecraft:wheat_seeds":52,"minecraft:cooked_mutton":2,"minecraft:water_bucket":3,"minecraft:diorite":2,"minecraft:cobblestone_stairs":37,"minecraft:spruce_door":2,"minecraft:stone_pickaxe":317,"minecraft:baked_potato":1,"minecraft:wooden_pickaxe":35,"minecraft:stonecutter":3,"minecraft:composter":3,"minecraft:fletching_table":11,"minecraft:blue_bed":10,"minecraft:blast_furnace":4,"minecraft:crafting_table":15,"minecraft:white_bed":1,"minecraft:bread":1,"minecraft:iron_pickaxe":1956,"minecraft:spruce_trapdoor":5,"minecraft:gravel":91,"minecraft:spruce_sapling":3,"minecraft:stone_axe":29,"minecraft:cobblestone":263,"minecraft:purple_bed":6,"minecraft:grindstone":6,"minecraft:cooked_porkchop":7,"minecraft:smithing_table":2,"minecraft:andesite":2,"minecraft:bucket":5},"minecraft:picked_up":{"minecraft:iron_chestplate":8,"minecraft:crafting_table":20,"minecraft:wheat":16,"minecraft:chicken":5,"minecraft:smithing_table":1,"minecraft:shield":3,"minecraft:string":8,"minecraft:iron_axe":1,"minecraft:iron_leggings":8,"minecraft:spruce_planks":126,"minecraft:beef":7,"minecraft:spruce_slab":2,"minecraft:iron_pickaxe":3,"minecraft:light_gray_wool":1,"minecraft:chest":3,"minecraft:spruce_trapdoor":49,"minecraft:furnace":8,"minecraft:iron_boots":3,"minecraft:egg":2,"minecraft:spruce_pressure_plate":1,"minecraft:stick":33,"minecraft:composter":7,"minecraft:torch":102,"minecraft:spruce_stairs":27,"minecraft:spruce_fence":11,"minecraft:porkchop":15,"minecraft:diorite":35,"minecraft:redstone":228,"minecraft:stone_sword":2,"minecraft:arrow":25,"minecraft:rotten_flesh":12,"minecraft:mutton":16,"minecraft:white_wool":9,"minecraft:cobblestone":2214,"minecraft:feather":4,"minecraft:andesite":60,"minecraft:leather":2,"minecraft:fern":1,"minecraft:flint":16,"minecraft:cobblestone_wall":13,"minecraft:oak_log":4,"minecraft:cobblestone_stairs":14,"minecraft:blue_bed":10,"minecraft:dirt":253,"minecraft:lapis_lazuli":77,"minecraft:bone":25,"minecraft:stonecutter":5,"minecraft:bow":1,"minecraft:wheat_seeds":52,"minecraft:bell":4,"minecraft:grindstone":7,"minecraft:stone_pickaxe":2,"minecraft:iron_ingot":261,"minecraft:iron_ore":385,"minecraft:fletching_table":9,"minecraft:iron_sword":5,"minecraft:cooked_porkchop":7,"minecraft:pumpkin":15,"minecraft:gravel":120,"minecraft:blast_furnace":3,"minecraft:spruce_sapling":12,"minecraft:spruce_log":545,"minecraft:gold_ore":44,"minecraft:spruce_door":10,"minecraft:spider_eye":2,"minecraft:mossy_cobblestone":44,"minecraft:pumpkin_seeds":32,"minecraft:purple_bed":6,"minecraft:diamond":7,"minecraft:iron_helmet":2,"minecraft:granite":108,"minecraft:gray_wool":1,"minecraft:emerald":8,"minecraft:bread":15,"minecraft:baked_potato":60,"minecraft:coal":620,"minecraft:sunflower":1},"minecraft:crafted":{"minecraft:smooth_stone":13,"minecraft:oak_planks":16,"minecraft:cooked_chicken":5,"minecraft:furnace":6,"minecraft:blast_furnace":2,"minecraft:stone":13,"minecraft:cobblestone_stairs":28,"minecraft:cooked_mutton":16,"minecraft:bow":1,"minecraft:iron_boots":6,"minecraft:iron_axe":13,"minecraft:iron_hoe":1,"minecraft:stone_pickaxe":2,"minecraft:chest":2,"minecraft:cooked_beef":7,"minecraft:crossbow":8,"minecraft:arrow":64,"minecraft:emerald":72,"minecraft:cooked_porkchop":15,"minecraft:crafting_table":3,"minecraft:spruce_planks":1368,"minecraft:wooden_pickaxe":2,"minecraft:baked_potato":15,"minecraft:iron_helmet":7,"minecraft:iron_sword":2,"minecraft:smithing_table":1,"minecraft:fletching_table":8,"minecraft:bucket":2,"minecraft:stone_axe":1,"minecraft:bread":5,"minecraft:iron_chestplate":3,"minecraft:charcoal":6,"minecraft:shield":5,"minecraft:stick":2464,"minecraft:iron_ingot":328,"minecraft:iron_pickaxe":11,"minecraft:stone_sword":2,"minecraft:gold_ingot":32,"minecraft:iron_shovel":2,"minecraft:iron_leggings":2,"minecraft:white_bed":2,"minecraft:torch":160},"minecraft:killed_by":{"minecraft:creeper":4,"minecraft:silverfish":1,"minecraft:skeleton":4,"minecraft:zombie":2},"minecraft:custom":{"minecraft:mob_kills":51,"minecraft:interact_with_crafting_table":79,"minecraft:bell_ring":70,"minecraft:leave_game":1,"minecraft:time_since_death":169034,"minecraft:sprint_one_cm":727712,"minecraft:walk_one_cm":1220949,"minecraft:damage_blocked_by_shield":4635,"minecraft:drop":88,"minecraft:talked_to_villager":53,"minecraft:deaths":11,"minecraft:sneak_time":15879,"minecraft:walk_under_water_one_cm":309,"minecraft:jump":2659,"minecraft:interact_with_blast_furnace":2,"minecraft:walk_on_water_one_cm":29382,"minecraft:interact_with_furnace":103,"minecraft:traded_with_villager":103,"minecraft:play_one_minute":316045,"minecraft:interact_with_grindstone":2,"minecraft:sleep_in_bed":10,"minecraft:time_since_rest":11110,"minecraft:damage_taken":4174,"minecraft:damage_dealt":6241,"minecraft:fly_one_cm":73774,"minecraft:open_chest":71,"minecraft:crouch_one_cm":41305,"minecraft:fall_one_cm":22039},"minecraft:mined":{"minecraft:attached_pumpkin_stem":6,"minecraft:diamond_ore":4,"minecraft:spruce_planks":86,"minecraft:farmland":26,"minecraft:mossy_cobblestone":46,"minecraft:cobblestone_stairs":14,"minecraft:spruce_trapdoor":55,"minecraft:granite":91,"minecraft:spruce_fence":11,"minecraft:grass_block":57,"minecraft:spruce_leaves":36,"minecraft:composter":5,"minecraft:large_fern":14,"minecraft:redstone_ore":44,"minecraft:furnace":7,"minecraft:iron_ore":352,"minecraft:andesite":36,"minecraft:pumpkin":16,"minecraft:fletching_table":9,"minecraft:bell":4,"minecraft:spruce_pressure_plate":1,"minecraft:potted_spruce_sapling":1,"minecraft:stone":871,"minecraft:spruce_slab":2,"minecraft:smithing_table":1,"minecraft:glass_pane":13,"minecraft:spruce_door":9,"minecraft:crafting_table":14,"minecraft:torch":9,"minecraft:blast_furnace":3,"minecraft:emerald_ore":8,"minecraft:poppy":1,"minecraft:chest":3,"minecraft:tall_grass":7,"minecraft:cobblestone":310,"minecraft:lapis_ore":12,"minecraft:grindstone":7,"minecraft:diorite":21,"minecraft:blue_bed":10,"minecraft:wall_torch":11,"minecraft:spruce_stairs":27,"minecraft:purple_bed":6,"minecraft:cobblestone_wall":13,"minecraft:wheat":28,"minecraft:spruce_log":518,"minecraft:pumpkin_stem":14,"minecraft:grass_path":9,"minecraft:grass":27,"minecraft:oak_log":4,"minecraft:coal_ore":414,"minecraft:sunflower":1,"minecraft:gravel":114,"minecraft:dirt":135,"minecraft:stonecutter":4,"minecraft:gold_ore":32,"minecraft:oak_leaves":1,"minecraft:infested_stone":3},"minecraft:dropped":{"minecraft:mossy_cobblestone":38,"minecraft:feather":4,"minecraft:granite":63,"minecraft:spruce_door":5,"minecraft:gray_wool":1,"minecraft:diorite":9,"minecraft:pumpkin":9,"minecraft:sunflower":1,"minecraft:stonecutter":1,"minecraft:spruce_sapling":7,"minecraft:gravel":7,"minecraft:cobblestone_wall":13,"minecraft:stone_sword":1,"minecraft:composter":4,"minecraft:rotten_flesh":2,"minecraft:light_gray_wool":1,"minecraft:fern":1,"minecraft:pumpkin_seeds":32,"minecraft:spruce_trapdoor":40,"minecraft:andesite":6,"minecraft:spruce_pressure_plate":1,"minecraft:spider_eye":2,"minecraft:wooden_pickaxe":2},"minecraft:killed":{"minecraft:spider":2,"minecraft:skeleton":6,"minecraft:chicken":5,"minecraft:pig":6,"minecraft:creeper":1,"minecraft:sheep":11,"minecraft:zombie":11,"minecraft:cow":3}},"DataVersion":2586}