{
  "minecraft:recipes/transportation/acacia_boat": {
    "criteria": {
      "in_water": "2024-08-04 22:35:35 +0000"
    },
    "done": true
  },
  "minecraft:recipes/transportation/oak_boat": {
    "criteria": {
      "in_water": "2024-08-04 22:35:35 +0000"
    },
    "done": true
  },
  "minecraft:recipes/transportation/dark_oak_boat": {
    "criteria": {
      "in_water": "2024-08-04 22:35:35 +0000"
    },
    "done": true
  },
  "minecraft:recipes/transportation/birch_boat": {
    "criteria": {
      "in_water": "2024-08-04 22:35:35 +0000"
    },
    "done": true
  },
  "minecraft:recipes/transportation/jungle_boat": {
    "criteria": {
      "in_water": "2024-08-04 22:35:35 +0000"
    },
    "done": true
  },
  "minecraft:recipes/transportation/spruce_boat": {
    "criteria": {
      "in_water": "2024-08-04 22:35:35 +0000"
    },
    "done": true
  },
  "minecraft:adventure/adventuring_time": {
    "criteria": {
      "minecraft:mountains": "2024-08-04 22:36:40 +0000",
      "minecraft:taiga": "2024-08-04 22:35:16 +0000",
      "minecraft:taiga_hills": "2024-08-04 22:35:51 +0000",
      "minecraft:river": "2024-08-04 22:35:35 +0000",
      "minecraft:wooded_mountains": "2024-08-04 22:38:41 +0000",
      "minecraft:plains": "2024-08-04 22:36:14 +0000"
    },
    "done": false
  },
  "DataVersion": 2586
}