{
  "minecraft:recipes/tools/fishing_rod": {
    "criteria": {
      "has_string": "2024-08-06 02:46:20 +0000"
    },
    "done": true
  },
  "securitycraft:recipes/securitycraft/universal_block_remover": {
    "criteria": {
      "has_iron": "2024-08-07 02:09:35 +0000"
    },
    "done": true
  },
  "ilikewood:recipes/tools/golden_warped_pickaxe": {
    "criteria": {
      "has_material": "2024-08-07 12:43:33 +0000"
    },
    "done": true
  },
  "minecraft:recipes/decorations/smoker": {
    "criteria": {
      "has_furnace": "2024-08-06 01:26:58 +0000"
    },
    "done": true
  },
  "minecraft:recipes/food/cooked_mutton_from_campfire_cooking": {
    "criteria": {
      "has_mutton": "2024-08-06 01:37:50 +0000"
    },
    "done": true
  },
  "ilikewood:recipes/tools/golden_acacia_shovel": {
    "criteria": {
      "has_material": "2024-08-07 12:43:33 +0000"
    },
    "done": true
  },
  "minecraft:recipes/redstone/lever": {
    "criteria": {
      "has_cobblestone": "2024-08-06 01:19:00 +0000"
    },
    "done": true
  },
  "indreb:recipes/building_blocks/compressing/block/gold_ingot_gold_ore": {
    "criteria": {
      "item": "2024-08-07 12:43:33 +0000"
    },
    "done": true
  },
  "minecraft:recipes/combat/iron_sword": {
    "criteria": {
      "has_iron_ingot": "2024-08-06 01:24:00 +0000"
    },
    "done": true
  },
  "minecraft:recipes/building_blocks/stone_bricks": {
    "criteria": {
      "has_stone": "2024-08-06 15:23:00 +0000"
    },
    "done": true
  },
  "minecraft:recipes/redstone/spruce_door": {
    "criteria": {
      "has_planks": "2024-08-06 01:17:49 +0000"
    },
    "done": true
  },
  "tconstruct:tools/materials_and_you": {
    "criteria": {
      "crafted_book": "2024-08-07 02:09:35 +0000"
    },
    "done": true
  },
  "securitycraft:recipes/securitycraft/reinforced_andesite_with_vanilla_diorite": {
    "criteria": {
      "has_cobblestone": "2024-08-07 02:09:35 +0000"
    },
    "done": true
  },
  "minecraft:recipes/building_blocks/lime_concrete_powder": {
    "criteria": {
      "has_gravel": "2024-08-06 02:34:07 +0000"
    },
    "done": true
  },
  "securitycraft:recipes/securitycraft/sentry": {
    "criteria": {
      "has_iron": "2024-08-07 02:09:35 +0000"
    },
    "done": true
  },
  "minecraft:recipes/tools/iron_pickaxe": {
    "criteria": {
      "has_iron_ingot": "2024-08-06 01:24:00 +0000"
    },
    "done": true
  },
  "ilikewood:recipes/tools/stone_oak_shovel": {
    "criteria": {
      "has_material": "2024-08-07 02:09:35 +0000"
    },
    "done": true
  },
  "minecraft:recipes/redstone/spruce_fence_gate": {
    "criteria": {
      "has_planks": "2024-08-06 01:17:49 +0000"
    },
    "done": true
  },
  "minecraft:recipes/building_blocks/yellow_concrete_powder": {
    "criteria": {
      "has_gravel": "2024-08-06 02:34:07 +0000"
    },
    "done": true
  },
  "ilikewood:recipes/tools/golden_dark_oak_pickaxe": {
    "criteria": {
      "has_material": "2024-08-07 12:43:33 +0000"
    },
    "done": true
  },
  "minecraft:recipes/combat/leather_helmet": {
    "criteria": {
      "has_leather": "2024-08-06 12:47:18 +0000"
    },
    "done": true
  },
  "minecraft:recipes/misc/pumpkin_seeds": {
    "criteria": {
      "has_pumpkin": "2024-08-06 14:43:38 +0000"
    },
    "done": true
  },
  "morevanillaarmor:recipes/morevanillaarmor/redstone_leggings": {
    "criteria": {
      "has_material": "2024-08-07 12:42:34 +0000"
    },
    "done": true
  },
  "minecraft:recipes/decorations/crafting_table": {
    "criteria": {
      "has_planks": "2024-08-06 01:17:49 +0000"
    },
    "done": true
  },
  "minecraft:recipes/building_blocks/magenta_wool": {
    "criteria": {
      "has_white_wool": "2024-08-06 01:37:50 +0000"
    },
    "done": true
  },
  "indreb:recipes/misc/crushing/wool_string": {
    "criteria": {
      "item": "2024-08-07 02:16:23 +0000"
    },
    "done": true
  },
  "ilikewood:recipes/tools/golden_jungle_axe": {
    "criteria": {
      "has_material": "2024-08-07 12:43:33 +0000"
    },
    "done": true
  },
  "minecraft:recipes/decorations/blast_furnace": {
    "criteria": {
      "has_smooth_stone": "2024-08-06 14:16:44 +0000"
    },
    "done": true
  },
  "ilikewood:recipes/tools/golden_birch_sword": {
    "criteria": {
      "has_material": "2024-08-07 12:43:33 +0000"
    },
    "done": true
  },
  "minecraft:recipes/decorations/ladder": {
    "criteria": {
      "has_stick": "2024-08-06 01:18:00 +0000"
    },
    "done": true
  },
  "ilikewood:recipes/tools/stone_dark_oak_shovel": {
    "criteria": {
      "has_material": "2024-08-07 02:09:35 +0000"
    },
    "done": true
  },
  "indreb:recipes/redstone/crushing/redstone_block_redstone": {
    "criteria": {
      "item": "2024-08-07 12:42:34 +0000"
    },
    "done": true
  },
  "minecraft:recipes/decorations/chest": {
    "criteria": {
      "has_lots_of_items": "2024-08-06 01:24:00 +0000"
    },
    "done": true
  },
  "minecraft:recipes/combat/golden_sword": {
    "criteria": {
      "has_gold_ingot": "2024-08-06 02:36:33 +0000"
    },
    "done": true
  },
  "minecraft:story/shiny_gear": {
    "criteria": {
      "diamond_chestplate": "2024-08-06 16:31:35 +0000"
    },
    "done": true
  },
  "securitycraft:recipes/securitycraft/reinforced_redstone_lamp": {
    "criteria": {
      "has_redstone": "2024-08-07 02:24:03 +0000"
    },
    "done": true
  },
  "minecraft:recipes/building_blocks/chiseled_stone_bricks_stone_from_stonecutting": {
    "criteria": {
      "has_stone": "2024-08-06 15:23:00 +0000"
    },
    "done": true
  },
  "indreb:recipes/misc/sawing/planks_stick": {
    "criteria": {
      "item": "2024-08-07 02:09:35 +0000"
    },
    "done": true
  },
  "minecraft:recipes/redstone/spruce_button": {
    "criteria": {
      "has_planks": "2024-08-06 01:17:49 +0000"
    },
    "done": true
  },
  "minecraft:recipes/tools/wooden_shovel": {
    "criteria": {
      "has_stick": "2024-08-06 01:18:00 +0000"
    },
    "done": true
  },
  "minecraft:recipes/decorations/torch": {
    "criteria": {
      "has_stone_pickaxe": "2024-08-06 01:20:00 +0000"
    },
    "done": true
  },
  "minecraft:recipes/misc/gold_ingot_from_blasting": {
    "criteria": {
      "has_gold_ore": "2024-08-06 02:30:41 +0000"
    },
    "done": true
  },
  "aquaculture:recipes/tools/golden_fishing_rod": {
    "criteria": {
      "has_gold": "2024-08-07 12:43:33 +0000"
    },
    "done": true
  },
  "minecraft:recipes/tools/shears": {
    "criteria": {
      "has_iron_ingot": "2024-08-06 01:24:00 +0000"
    },
    "done": true
  },
  "minecraft:recipes/misc/stick": {
    "criteria": {
      "has_planks": "2024-08-06 01:17:49 +0000"
    },
    "done": true
  },
  "minecraft:recipes/building_blocks/mossy_cobblestone_slab_from_mossy_cobblestone_stonecutting": {
    "criteria": {
      "has_mossy_cobblestone": "2024-08-06 13:53:04 +0000"
    },
    "done": true
  },
  "minecraft:recipes/building_blocks/stone_brick_slab_from_stone_stonecutting": {
    "criteria": {
      "has_stone": "2024-08-06 15:23:00 +0000"
    },
    "done": true
  },
  "minecraft:recipes/misc/iron_ingot_from_blasting": {
    "criteria": {
      "has_iron_ore": "2024-08-06 01:26:13 +0000"
    },
    "done": true
  },
  "ilikewood:recipes/decorations/oak_post_from_oak_log_sawmilling": {
    "criteria": {
      "has_log": "2024-08-07 02:16:58 +0000"
    },
    "done": true
  },
  "minecraft:recipes/redstone/dispenser": {
    "criteria": {
      "has_bow": "2024-08-06 02:46:58 +0000"
    },
    "done": true
  },
  "indreb:recipes/building_blocks/crushing/stones/cobblestone_gravel": {
    "criteria": {
      "item": "2024-08-07 02:09:35 +0000"
    },
    "done": true
  },
  "ilikewood:recipes/tools/golden_crimson_pickaxe": {
    "criteria": {
      "has_material": "2024-08-07 12:43:33 +0000"
    },
    "done": true
  },
  "securitycraft:recipes/securitycraft/electrified_iron_fence": {
    "criteria": {
      "has_iron": "2024-08-07 02:09:35 +0000"
    },
    "done": true
  },
  "minecraft:recipes/building_blocks/emerald_block": {
    "criteria": {
      "has_emerald": "2024-08-06 02:16:51 +0000"
    },
    "done": true
  },
  "minecraft:recipes/food/cake": {
    "criteria": {
      "has_egg": "2024-08-06 12:46:54 +0000"
    },
    "done": true
  },
  "minecraft:recipes/transportation/detector_rail": {
    "criteria": {
      "has_rail": "2024-08-06 22:19:15 +0000"
    },
    "done": true
  },
  "securitycraft:recipes/securitycraft/reinforced_dark_oak_fence_gate": {
    "criteria": {
      "has_stick": "2024-08-07 02:09:35 +0000"
    },
    "done": true
  },
  "securitycraft:recipes/securitycraft/reinforced_andesite_with_vanilla_cobblestone": {
    "criteria": {
      "has_cobblestone": "2024-08-07 02:09:35 +0000"
    },
    "done": true
  },
  "minecraft:recipes/combat/iron_leggings": {
    "criteria": {
      "has_iron_ingot": "2024-08-06 01:24:00 +0000"
    },
    "done": true
  },
  "securitycraft:recipes/securitycraft/display_case": {
    "criteria": {
      "has_item_frame": "2024-08-07 02:22:45 +0000"
    },
    "done": true
  },
  "ilikewood:recipes/tools/golden_acacia_pickaxe": {
    "criteria": {
      "has_material": "2024-08-07 12:43:33 +0000"
    },
    "done": true
  },
  "minecraft:recipes/combat/shield": {
    "criteria": {
      "has_iron_ingot": "2024-08-06 01:24:00 +0000"
    },
    "done": true
  },
  "ilikewood:recipes/tools/stone_dark_oak_hoe": {
    "criteria": {
      "has_material": "2024-08-07 02:09:35 +0000"
    },
    "done": true
  },
  "minecraft:recipes/building_blocks/cobblestone_slab": {
    "criteria": {
      "has_cobblestone": "2024-08-06 01:19:00 +0000"
    },
    "done": true
  },
  "minecraft:recipes/decorations/gray_bed": {
    "criteria": {
      "has_gray_wool": "2024-08-06 01:41:54 +0000"
    },
    "done": true
  },
  "minecraft:recipes/redstone/hopper": {
    "criteria": {
      "has_iron_ingot": "2024-08-06 01:24:00 +0000"
    },
    "done": true
  },
  "ilikewood:recipes/tools/iron_acacia_shovel": {
    "criteria": {
      "has_material": "2024-08-07 02:09:35 +0000"
    },
    "done": true
  },
  "ilikewood:recipes/building_blocks/spruce_panels_from_spruce_log_sawmilling": {
    "criteria": {
      "has_log": "2024-08-07 02:32:57 +0000"
    },
    "done": true
  },
  "minecraft:recipes/building_blocks/coarse_dirt": {
    "criteria": {
      "has_gravel": "2024-08-06 02:34:07 +0000"
    },
    "done": true
  },
  "indreb:recipes/building_blocks/crushing/stones/mossy_cobblestone_cobblestone": {
    "criteria": {
      "item": "2024-08-07 02:09:35 +0000"
    },
    "done": true
  },
  "minecraft:recipes/building_blocks/mossy_cobblestone_stairs_from_mossy_cobblestone_stonecutting": {
    "criteria": {
      "has_mossy_cobblestone": "2024-08-06 13:53:04 +0000"
    },
    "done": true
  },
  "securitycraft:recipes/securitycraft/taser": {
    "criteria": {
      "has_redstone": "2024-08-07 02:24:03 +0000"
    },
    "done": true
  },
  "morevanillaarmor:recipes/morevanillaarmor/paper_helmet": {
    "criteria": {
      "has_material": "2024-08-07 02:17:45 +0000"
    },
    "done": true
  },
  "indreb:recipes/building_blocks/compressing/block/water_bucket_snow_block": {
    "criteria": {
      "item": "2024-08-07 02:09:35 +0000"
    },
    "done": true
  },
  "ilikewood:recipes/tools/iron_birch_hoe": {
    "criteria": {
      "has_material": "2024-08-07 02:09:35 +0000"
    },
    "done": true
  },
  "ilikewood:recipes/building_blocks/crimson_bookshelf": {
    "criteria": {
      "has_book": "2024-08-07 02:19:06 +0000"
    },
    "done": true
  },
  "minecraft:recipes/building_blocks/light_gray_concrete_powder": {
    "criteria": {
      "has_gravel": "2024-08-06 02:34:07 +0000"
    },
    "done": true
  },
  "ilikewood:recipes/tools/iron_birch_pickaxe": {
    "criteria": {
      "has_material": "2024-08-07 02:09:35 +0000"
    },
    "done": true
  },
  "securitycraft:recipes/securitycraft/reinforced_spruce_fence_gate": {
    "criteria": {
      "has_stick": "2024-08-07 02:09:35 +0000"
    },
    "done": true
  },
  "minecraft:recipes/misc/brick": {
    "criteria": {
      "has_clay_ball": "2024-08-07 12:35:17 +0000"
    },
    "done": true
  },
  "ilikewood:recipes/tools/iron_warped_pickaxe": {
    "criteria": {
      "has_material": "2024-08-07 02:09:35 +0000"
    },
    "done": true
  },
  "ilikewood:recipes/tools/iron_oak_axe": {
    "criteria": {
      "has_material": "2024-08-07 02:09:35 +0000"
    },
    "done": true
  },
  "ilikewood:recipes/building_blocks/birch_bookshelf": {
    "criteria": {
      "has_book": "2024-08-07 02:19:06 +0000"
    },
    "done": true
  },
  "minecraft:recipes/combat/leather_leggings": {
    "criteria": {
      "has_leather": "2024-08-06 12:47:18 +0000"
    },
    "done": true
  },
  "ilikewood:recipes/tools/iron_jungle_pickaxe": {
    "criteria": {
      "has_material": "2024-08-07 02:09:35 +0000"
    },
    "done": true
  },
  "ilikewood:recipes/building_blocks/oak_bookshelf": {
    "criteria": {
      "has_book": "2024-08-07 02:19:06 +0000"
    },
    "done": true
  },
  "minecraft:recipes/building_blocks/pink_concrete_powder": {
    "criteria": {
      "has_gravel": "2024-08-06 02:34:07 +0000"
    },
    "done": true
  },
  "securitycraft:recipes/securitycraft/security_camera": {
    "criteria": {
      "has_iron": "2024-08-07 02:09:35 +0000"
    },
    "done": true
  },
  "minecraft:recipes/redstone/lectern": {
    "criteria": {
      "has_the_recipe": "2024-08-06 21:39:02 +0000"
    },
    "done": true
  },
  "ilikewood:recipes/tools/iron_spruce_pickaxe": {
    "criteria": {
      "has_material": "2024-08-07 02:09:35 +0000"
    },
    "done": true
  },
  "securitycraft:recipes/securitycraft/door_indestructible_iron_item": {
    "criteria": {
      "has_iron": "2024-08-07 02:09:35 +0000"
    },
    "done": true
  },
  "minecraft:recipes/building_blocks/stone_stairs_from_stone_stonecutting": {
    "criteria": {
      "has_stone": "2024-08-06 15:23:00 +0000"
    },
    "done": true
  },
  "minecraft:recipes/decorations/magenta_bed_from_white_bed": {
    "criteria": {
      "has_bed": "2024-08-06 01:44:25 +0000"
    },
    "done": true
  },
  "minecraft:recipes/decorations/iron_bars": {
    "criteria": {
      "has_iron_ingot": "2024-08-06 01:24:00 +0000"
    },
    "done": true
  },
  "minecraft:recipes/building_blocks/andesite_stairs_from_andesite_stonecutting": {
    "criteria": {
      "has_andesite": "2024-08-06 01:26:10 +0000"
    },
    "done": true
  },
  "morevanillaarmor:recipes/morevanillaarmor/emerald_leggings": {
    "criteria": {
      "has_material": "2024-08-07 02:10:30 +0000"
    },
    "done": true
  },
  "securitycraft:recipes/securitycraft/reinforced_crimson_fence_gate": {
    "criteria": {
      "has_stick": "2024-08-07 02:09:35 +0000"
    },
    "done": true
  },
  "securitycraft:recipes/securitycraft/reinforced_dropper": {
    "criteria": {
      "has_redstone": "2024-08-07 02:24:03 +0000"
    },
    "done": true
  },
  "minecraft:recipes/building_blocks/blue_wool": {
    "criteria": {
      "has_white_wool": "2024-08-06 01:37:50 +0000"
    },
    "done": true
  },
  "minecraft:recipes/building_blocks/gold_block": {
    "criteria": {
      "has_gold_ingot": "2024-08-06 02:36:33 +0000"
    },
    "done": true
  },
  "cgm:recipes/cgm/medium_scope": {
    "criteria": {
      "has_redstone": "2024-08-07 02:24:03 +0000"
    },
    "done": true
  },
  "minecraft:story/obtain_armor": {
    "criteria": {
      "iron_chestplate": "2024-08-06 01:28:31 +0000"
    },
    "done": true
  },
  "ilikewood:recipes/tools/stone_crimson_hoe": {
    "criteria": {
      "has_material": "2024-08-07 02:09:35 +0000"
    },
    "done": true
  },
  "ilikewood:recipes/tools/golden_birch_pickaxe": {
    "criteria": {
      "has_material": "2024-08-07 12:43:33 +0000"
    },
    "done": true
  },
  "securitycraft:recipes/securitycraft/portable_radar": {
    "criteria": {
      "has_redstone": "2024-08-07 02:24:03 +0000"
    },
    "done": true
  },
  "ilikewood:recipes/tools/golden_acacia_hoe": {
    "criteria": {
      "has_material": "2024-08-07 12:43:33 +0000"
    },
    "done": true
  },
  "minecraft:recipes/misc/yellow_dye_from_sunflower": {
    "criteria": {
      "has_double_plant": "2024-08-06 02:13:05 +0000"
    },
    "done": true
  },
  "ilikewood:recipes/tools/stone_birch_shovel": {
    "criteria": {
      "has_material": "2024-08-07 02:09:35 +0000"
    },
    "done": true
  },
  "minecraft:recipes/brewing/cauldron": {
    "criteria": {
      "has_water_bucket": "2024-08-06 02:42:42 +0000"
    },
    "done": true
  },
  "minecraft:recipes/combat/diamond_leggings": {
    "criteria": {
      "has_diamond": "2024-08-06 02:39:42 +0000"
    },
    "done": true
  },
  "securitycraft:recipes/securitycraft/reinforced_jungle_fence": {
    "criteria": {
      "has_stick": "2024-08-07 02:09:35 +0000"
    },
    "done": true
  },
  "minecraft:adventure/sleep_in_bed": {
    "criteria": {
      "slept_in_bed": "2024-08-06 02:28:00 +0000"
    },
    "done": true
  },
  "minecraft:recipes/building_blocks/spruce_planks": {
    "criteria": {
      "has_logs": "2024-08-06 01:17:03 +0000"
    },
    "done": true
  },
  "ilikewood:recipes/tools/golden_birch_hoe": {
    "criteria": {
      "has_material": "2024-08-07 12:43:33 +0000"
    },
    "done": true
  },
  "minecraft:recipes/building_blocks/cobblestone_slab_from_cobblestone_stonecutting": {
    "criteria": {
      "has_cobblestone": "2024-08-06 01:19:00 +0000"
    },
    "done": true
  },
  "ilikewood:recipes/tools/stone_warped_axe": {
    "criteria": {
      "has_material": "2024-08-07 02:09:35 +0000"
    },
    "done": true
  },
  "ilikewood:recipes/tools/golden_spruce_axe": {
    "criteria": {
      "has_material": "2024-08-07 12:43:33 +0000"
    },
    "done": true
  },
  "minecraft:recipes/building_blocks/oak_stairs": {
    "criteria": {
      "has_planks": "2024-08-06 02:01:42 +0000"
    },
    "done": true
  },
  "minecraft:recipes/building_blocks/polished_andesite_slab_from_andesite_stonecutting": {
    "criteria": {
      "has_andesite": "2024-08-06 01:26:10 +0000"
    },
    "done": true
  },
  "ironchest:recipes/ironchest/chests/copper_iron_chest": {
    "criteria": {
      "has_item": "2024-08-07 02:09:35 +0000"
    },
    "done": true
  },
  "ilikewood:recipes/tools/iron_birch_sword": {
    "criteria": {
      "has_material": "2024-08-07 02:09:35 +0000"
    },
    "done": true
  },
  "minecraft:recipes/transportation/acacia_boat": {
    "criteria": {
      "in_water": "2024-08-06 01:20:19 +0000"
    },
    "done": true
  },
  "minecraft:recipes/redstone/iron_trapdoor": {
    "criteria": {
      "has_iron_ingot": "2024-08-06 01:24:00 +0000"
    },
    "done": true
  },
  "ilikewood:recipes/tools/iron_acacia_axe": {
    "criteria": {
      "has_material": "2024-08-07 02:09:35 +0000"
    },
    "done": true
  },
  "aquaculture:recipes/tools/iron_fillet_knife": {
    "criteria": {
      "has_items": "2024-08-07 02:09:35 +0000"
    },
    "done": true
  },
  "aquaculture:recipes/tools/iron_fishing_rod": {
    "criteria": {
      "has_iron": "2024-08-07 02:09:35 +0000"
    },
    "done": true
  },
  "ilikewood:recipes/decorations/white_acacia_bed": {
    "criteria": {
      "has_wool": "2024-08-07 02:16:23 +0000"
    },
    "done": true
  },
  "minecraft:adventure/root": {
    "criteria": {
      "killed_by_something": "2024-08-06 01:22:16 +0000"
    },
    "done": true
  },
  "chococraft:recipes/chococraft/straw": {
    "criteria": {
      "has_wheat": "2024-08-07 02:09:35 +0000"
    },
    "done": true
  },
  "ilikewood:recipes/tools/stone_dark_oak_pickaxe": {
    "criteria": {
      "has_material": "2024-08-07 02:09:35 +0000"
    },
    "done": true
  },
  "securitycraft:recipes/securitycraft/storage_module": {
    "criteria": {
      "has_iron": "2024-08-07 02:09:35 +0000"
    },
    "done": true
  },
  "minecraft:recipes/decorations/gray_bed_from_white_bed": {
    "criteria": {
      "has_bed": "2024-08-06 01:44:25 +0000"
    },
    "done": true
  },
  "minecraft:recipes/building_blocks/white_concrete_powder": {
    "criteria": {
      "has_gravel": "2024-08-06 02:34:07 +0000"
    },
    "done": true
  },
  "minecraft:recipes/building_blocks/stone_brick_stairs_from_stone_stonecutting": {
    "criteria": {
      "has_stone": "2024-08-06 15:23:00 +0000"
    },
    "done": true
  },
  "minecraft:recipes/building_blocks/white_wool_from_string": {
    "criteria": {
      "has_string": "2024-08-06 02:46:20 +0000"
    },
    "done": true
  },
  "minecraft:recipes/tools/diamond_pickaxe": {
    "criteria": {
      "has_diamond": "2024-08-06 02:39:42 +0000"
    },
    "done": true
  },
  "minecraft:adventure/kill_all_mobs": {
    "criteria": {
      "minecraft:skeleton": "2024-08-06 01:22:58 +0000",
      "minecraft:spider": "2024-08-06 02:46:18 +0000",
      "minecraft:creeper": "2024-08-06 12:36:18 +0000",
      "minecraft:silverfish": "2024-08-06 02:44:03 +0000",
      "minecraft:zombie": "2024-08-06 01:25:34 +0000"
    },
    "done": false
  },
  "ilikewood:recipes/decorations/oak_item_frame": {
    "criteria": {
      "has_leather": "2024-08-07 02:18:54 +0000"
    },
    "done": true
  },
  "ilikewood:recipes/tools/stone_jungle_shovel": {
    "criteria": {
      "has_material": "2024-08-07 02:09:35 +0000"
    },
    "done": true
  },
  "minecraft:recipes/redstone/redstone_block": {
    "criteria": {
      "has_redstone": "2024-08-06 02:27:46 +0000"
    },
    "done": true
  },
  "minecraft:recipes/food/cooked_beef_from_smoking": {
    "criteria": {
      "has_beef": "2024-08-06 12:47:18 +0000"
    },
    "done": true
  },
  "minecraft:recipes/decorations/fletching_table": {
    "criteria": {
      "has_flint": "2024-08-06 02:37:44 +0000"
    },
    "done": true
  },
  "minecraft:recipes/decorations/pink_bed_from_white_bed": {
    "criteria": {
      "has_bed": "2024-08-06 01:44:25 +0000"
    },
    "done": true
  },
  "ilikewood:recipes/building_blocks/spruce_panels_stairs_from_spruce_planks_sawmilling": {
    "criteria": {
      "has_planks": "2024-08-07 02:09:35 +0000"
    },
    "done": true
  },
  "minecraft:recipes/food/cooked_chicken_from_campfire_cooking": {
    "criteria": {
      "has_chicken": "2024-08-06 12:46:55 +0000"
    },
    "done": true
  },
  "minecraft:recipes/misc/iron_nugget_from_smelting": {
    "criteria": {
      "has_iron_pickaxe": "2024-08-06 01:27:16 +0000"
    },
    "done": true
  },
  "minecraft:recipes/food/cooked_mutton_from_smoking": {
    "criteria": {
      "has_mutton": "2024-08-06 01:37:50 +0000"
    },
    "done": true
  },
  "ilikewood:recipes/building_blocks/oak_panels_from_oak_log_sawmilling": {
    "criteria": {
      "has_log": "2024-08-07 02:16:58 +0000"
    },
    "done": true
  },
  "minecraft:recipes/decorations/granite_wall_from_granite_stonecutting": {
    "criteria": {
      "has_granite": "2024-08-06 02:26:59 +0000"
    },
    "done": true
  },
  "minecraft:recipes/decorations/chain": {
    "criteria": {
      "has_iron_ingot": "2024-08-06 01:24:00 +0000"
    },
    "done": true
  },
  "ilikewood:recipes/tools/iron_acacia_pickaxe": {
    "criteria": {
      "has_material": "2024-08-07 02:09:35 +0000"
    },
    "done": true
  },
  "ilikewood:recipes/redstone/birch_lectern": {
    "criteria": {
      "has_book": "2024-08-07 02:19:06 +0000"
    },
    "done": true
  },
  "securitycraft:recipes/securitycraft/reinforced_warped_fence_gate": {
    "criteria": {
      "has_stick": "2024-08-07 02:09:35 +0000"
    },
    "done": true
  },
  "minecraft:recipes/misc/blue_dye": {
    "criteria": {
      "has_lapis_lazuli": "2024-08-06 02:52:16 +0000"
    },
    "done": true
  },
  "ilikewood:recipes/tools/stone_jungle_hoe": {
    "criteria": {
      "has_material": "2024-08-07 02:09:35 +0000"
    },
    "done": true
  },
  "morevanillaarmor:recipes/morevanillaarmor/redstone_chestplate": {
    "criteria": {
      "has_material": "2024-08-07 12:42:34 +0000"
    },
    "done": true
  },
  "minecraft:recipes/decorations/oak_fence": {
    "criteria": {
      "has_planks": "2024-08-06 02:01:42 +0000"
    },
    "done": true
  },
  "securitycraft:recipes/securitycraft/universal_block_modifier": {
    "criteria": {
      "has_redstone": "2024-08-07 02:24:03 +0000"
    },
    "done": true
  },
  "ilikewood:recipes/tools/iron_warped_hoe": {
    "criteria": {
      "has_material": "2024-08-07 02:09:35 +0000"
    },
    "done": true
  },
  "minecraft:recipes/misc/gold_ingot_from_gold_block": {
    "criteria": {
      "has_gold_block": "2024-08-06 16:13:48 +0000"
    },
    "done": true
  },
  "minecraft:recipes/food/cooked_porkchop": {
    "criteria": {
      "has_porkchop": "2024-08-06 01:42:21 +0000"
    },
    "done": true
  },
  "minecraft:recipes/food/baked_potato_from_campfire_cooking": {
    "criteria": {
      "has_potato": "2024-08-06 02:16:51 +0000"
    },
    "done": true
  },
  "minecraft:recipes/building_blocks/orange_concrete_powder": {
    "criteria": {
      "has_gravel": "2024-08-06 02:34:07 +0000"
    },
    "done": true
  },
  "minecraft:recipes/building_blocks/oak_slab": {
    "criteria": {
      "has_planks": "2024-08-06 02:01:42 +0000"
    },
    "done": true
  },
  "ilikewood:recipes/tools/golden_jungle_pickaxe": {
    "criteria": {
      "has_material": "2024-08-07 12:43:33 +0000"
    },
    "done": true
  },
  "cgm:recipes/cgm/mini_gun": {
    "criteria": {
      "has_iron_ingot": "2024-08-07 02:09:35 +0000"
    },
    "done": true
  },
  "securitycraft:recipes/securitycraft/reinforced_crimson_fence": {
    "criteria": {
      "has_stick": "2024-08-07 02:09:35 +0000"
    },
    "done": true
  },
  "ilikewood:recipes/tools/iron_oak_sword": {
    "criteria": {
      "has_material": "2024-08-07 02:09:35 +0000"
    },
    "done": true
  },
  "minecraft:recipes/food/cooked_porkchop_from_campfire_cooking": {
    "criteria": {
      "has_porkchop": "2024-08-06 01:42:21 +0000"
    },
    "done": true
  },
  "minecraft:recipes/building_blocks/granite_stairs": {
    "criteria": {
      "has_granite": "2024-08-06 02:26:59 +0000"
    },
    "done": true
  },
  "indreb:recipes/indreb/block/basic_machine_casing": {
    "criteria": {
      "item": "2024-08-07 02:09:35 +0000"
    },
    "done": true
  },
  "ilikewood:recipes/redstone/crimson_lectern": {
    "criteria": {
      "has_book": "2024-08-07 02:19:06 +0000"
    },
    "done": true
  },
  "minecraft:recipes/building_blocks/black_wool": {
    "criteria": {
      "has_white_wool": "2024-08-06 01:37:50 +0000"
    },
    "done": true
  },
  "ilikewood:recipes/tools/iron_jungle_axe": {
    "criteria": {
      "has_material": "2024-08-07 02:09:35 +0000"
    },
    "done": true
  },
  "minecraft:recipes/combat/golden_chestplate": {
    "criteria": {
      "has_gold_ingot": "2024-08-06 02:36:33 +0000"
    },
    "done": true
  },
  "indreb:recipes/building_blocks/compressing/block/emerald_emerald_block": {
    "criteria": {
      "item": "2024-08-07 02:10:30 +0000"
    },
    "done": true
  },
  "minecraft:recipes/building_blocks/diorite_stairs_from_diorite_stonecutting": {
    "criteria": {
      "has_diorite": "2024-08-06 02:21:47 +0000"
    },
    "done": true
  },
  "indreb:recipes/redstone/compressing/block/redstone_redstone_block": {
    "criteria": {
      "item": "2024-08-07 02:24:03 +0000"
    },
    "done": true
  },
  "securitycraft:recipes/securitycraft/universal_key_changer": {
    "criteria": {
      "has_redstone": "2024-08-07 02:24:03 +0000"
    },
    "done": true
  },
  "minecraft:recipes/building_blocks/iron_block": {
    "criteria": {
      "has_iron_ingot": "2024-08-06 01:24:00 +0000"
    },
    "done": true
  },
  "minecraft:recipes/decorations/light_gray_bed": {
    "criteria": {
      "has_light_gray_wool": "2024-08-06 01:41:49 +0000"
    },
    "done": true
  },
  "ilikewood:recipes/redstone/oak_lectern": {
    "criteria": {
      "has_book": "2024-08-07 02:19:06 +0000"
    },
    "done": true
  },
  "minecraft:recipes/misc/red_dye_from_poppy": {
    "criteria": {
      "has_red_flower": "2024-08-07 00:15:32 +0000"
    },
    "done": true
  },
  "ilikewood:recipes/tools/stone_oak_pickaxe": {
    "criteria": {
      "has_material": "2024-08-07 02:09:35 +0000"
    },
    "done": true
  },
  "ilikewood:recipes/decorations/spruce_post_from_spruce_log_sawmilling": {
    "criteria": {
      "has_log": "2024-08-07 02:32:57 +0000"
    },
    "done": true
  },
  "ilikewood:recipes/tools/golden_warped_shovel": {
    "criteria": {
      "has_material": "2024-08-07 12:43:33 +0000"
    },
    "done": true
  },
  "ilikewood:recipes/tools/golden_oak_pickaxe": {
    "criteria": {
      "has_material": "2024-08-07 12:43:33 +0000"
    },
    "done": true
  },
  "minecraft:recipes/building_blocks/spruce_wood": {
    "criteria": {
      "has_log": "2024-08-06 01:17:03 +0000"
    },
    "done": true
  },
  "morevanillaarmor:recipes/morevanillaarmor/emerald_boots": {
    "criteria": {
      "has_material": "2024-08-07 02:10:30 +0000"
    },
    "done": true
  },
  "minecraft:recipes/misc/yellow_dye_from_dandelion": {
    "criteria": {
      "has_yellow_flower": "2024-08-07 00:15:38 +0000"
    },
    "done": true
  },
  "enchantinginfuser:recipes/decorations/enchanting_infuser": {
    "criteria": {
      "has_amethyst_shard": "2024-08-07 02:09:35 +0000",
      "has_crying_obsidian": "2024-08-07 02:09:35 +0000"
    },
    "done": true
  },
  "minecraft:recipes/building_blocks/clay": {
    "criteria": {
      "has_clay_ball": "2024-08-07 12:35:17 +0000"
    },
    "done": true
  },
  "securitycraft:recipes/securitycraft/reinforced_birch_fence": {
    "criteria": {
      "has_stick": "2024-08-07 02:09:35 +0000"
    },
    "done": true
  },
  "ilikewood:recipes/building_blocks/oak_panels_stairs_from_oak_planks_sawmilling": {
    "criteria": {
      "has_planks": "2024-08-07 02:20:05 +0000"
    },
    "done": true
  },
  "minecraft:story/deflect_arrow": {
    "criteria": {
      "deflected_projectile": "2024-08-06 01:53:20 +0000"
    },
    "done": true
  },
  "ilikewood:recipes/tools/golden_dark_oak_sword": {
    "criteria": {
      "has_material": "2024-08-07 12:43:33 +0000"
    },
    "done": true
  },
  "securitycraft:recipes/securitycraft/username_logger": {
    "criteria": {
      "has_redstone": "2024-08-07 02:24:03 +0000"
    },
    "done": true
  },
  "ilikewood:recipes/tools/stone_jungle_axe": {
    "criteria": {
      "has_material": "2024-08-07 02:09:35 +0000"
    },
    "done": true
  },
  "minecraft:recipes/building_blocks/light_blue_wool": {
    "criteria": {
      "has_white_wool": "2024-08-06 01:37:50 +0000"
    },
    "done": true
  },
  "minecraft:recipes/combat/wooden_sword": {
    "criteria": {
      "has_stick": "2024-08-06 01:18:00 +0000"
    },
    "done": true
  },
  "ilikewood:recipes/building_blocks/oak_panels_from_oak_planks_sawmilling": {
    "criteria": {
      "has_planks": "2024-08-07 02:20:05 +0000"
    },
    "done": true
  },
  "minecraft:recipes/decorations/gray_banner": {
    "criteria": {
      "has_gray_wool": "2024-08-06 01:41:54 +0000"
    },
    "done": true
  },
  "minecraft:recipes/building_blocks/oak_planks": {
    "criteria": {
      "has_logs": "2024-08-06 02:01:24 +0000"
    },
    "done": true
  },
  "ilikewood:recipes/decorations/oak_wall": {
    "criteria": {
      "has_log": "2024-08-07 02:16:58 +0000"
    },
    "done": true
  },
  "minecraft:recipes/decorations/light_gray_banner": {
    "criteria": {
      "has_light_gray_wool": "2024-08-06 01:41:49 +0000"
    },
    "done": true
  },
  "minecraft:recipes/building_blocks/gray_concrete_powder": {
    "criteria": {
      "has_gravel": "2024-08-06 02:34:07 +0000"
    },
    "done": true
  },
  "securitycraft:recipes/securitycraft/cage_trap": {
    "criteria": {
      "has_redstone": "2024-08-07 02:24:03 +0000"
    },
    "done": true
  },
  "securitycraft:recipes/securitycraft/smart_module": {
    "criteria": {
      "has_iron": "2024-08-07 02:09:35 +0000"
    },
    "done": true
  },
  "minecraft:recipes/building_blocks/bookshelf": {
    "criteria": {
      "has_the_recipe": "2024-08-06 21:38:48 +0000"
    },
    "done": true
  },
  "cgm:recipes/cgm/assault_rifle": {
    "criteria": {
      "has_iron_ingot": "2024-08-07 02:09:35 +0000"
    },
    "done": true
  },
  "minecraft:recipes/tools/golden_axe": {
    "criteria": {
      "has_gold_ingot": "2024-08-06 02:36:33 +0000"
    },
    "done": true
  },
  "minecraft:recipes/tools/iron_axe": {
    "criteria": {
      "has_iron_ingot": "2024-08-06 01:24:00 +0000"
    },
    "done": true
  },
  "securitycraft:recipes/securitycraft/block_change_detector": {
    "criteria": {
      "has_iron": "2024-08-07 02:09:35 +0000"
    },
    "done": true
  },
  "ilikewood:recipes/decorations/white_dark_oak_bed": {
    "criteria": {
      "has_wool": "2024-08-07 02:16:23 +0000"
    },
    "done": true
  },
  "ilikewood:recipes/tools/golden_crimson_sword": {
    "criteria": {
      "has_material": "2024-08-07 12:43:33 +0000"
    },
    "done": true
  },
  "minecraft:recipes/decorations/gray_carpet": {
    "criteria": {
      "has_gray_wool": "2024-08-06 01:41:54 +0000"
    },
    "done": true
  },
  "minecraft:recipes/redstone/tripwire_hook": {
    "criteria": {
      "has_string": "2024-08-06 02:46:20 +0000"
    },
    "done": true
  },
  "securitycraft:recipes/securitycraft/reinforced_acacia_fence": {
    "criteria": {
      "has_stick": "2024-08-07 02:09:35 +0000"
    },
    "done": true
  },
  "minecraft:recipes/combat/iron_boots": {
    "criteria": {
      "has_iron_ingot": "2024-08-06 01:24:00 +0000"
    },
    "done": true
  },
  "minecraft:recipes/misc/bone_meal": {
    "criteria": {
      "has_bone": "2024-08-06 01:22:58 +0000"
    },
    "done": true
  },
  "ilikewood:recipes/tools/iron_acacia_sword": {
    "criteria": {
      "has_material": "2024-08-07 02:09:35 +0000"
    },
    "done": true
  },
  "minecraft:recipes/building_blocks/black_concrete_powder": {
    "criteria": {
      "has_gravel": "2024-08-06 02:34:07 +0000"
    },
    "done": true
  },
  "ilikewood:recipes/tools/golden_crimson_axe": {
    "criteria": {
      "has_material": "2024-08-07 12:43:33 +0000"
    },
    "done": true
  },
  "ilikewood:recipes/tools/iron_dark_oak_axe": {
    "criteria": {
      "has_material": "2024-08-07 02:09:35 +0000"
    },
    "done": true
  },
  "minecraft:story/iron_tools": {
    "criteria": {
      "iron_pickaxe": "2024-08-06 01:27:16 +0000"
    },
    "done": true
  },
  "ilikewood:recipes/tools/stone_acacia_sword": {
    "criteria": {
      "has_material": "2024-08-07 02:09:35 +0000"
    },
    "done": true
  },
  "ilikewood:recipes/tools/stone_dark_oak_axe": {
    "criteria": {
      "has_material": "2024-08-07 02:09:35 +0000"
    },
    "done": true
  },
  "securitycraft:recipes/securitycraft/reinforced_piston": {
    "criteria": {
      "has_redstone": "2024-08-07 02:24:03 +0000"
    },
    "done": true
  },
  "ilikewood:recipes/tools/golden_crimson_shovel": {
    "criteria": {
      "has_material": "2024-08-07 12:43:33 +0000"
    },
    "done": true
  },
  "minecraft:recipes/decorations/cartography_table": {
    "criteria": {
      "has_paper": "2024-08-06 18:16:33 +0000"
    },
    "done": true
  },
  "ilikewood:recipes/tools/iron_jungle_shovel": {
    "criteria": {
      "has_material": "2024-08-07 02:09:35 +0000"
    },
    "done": true
  },
  "minecraft:recipes/redstone/stone_button": {
    "criteria": {
      "has_stone": "2024-08-06 15:23:00 +0000"
    },
    "done": true
  },
  "minecraft:recipes/combat/crossbow": {
    "criteria": {
      "has_stick": "2024-08-06 01:18:00 +0000"
    },
    "done": true
  },
  "minecraft:recipes/combat/iron_chestplate": {
    "criteria": {
      "has_iron_ingot": "2024-08-06 01:24:00 +0000"
    },
    "done": true
  },
  "morevanillaarmor:recipes/morevanillaarmor/emerald_chestplate": {
    "criteria": {
      "has_material": "2024-08-07 02:10:30 +0000"
    },
    "done": true
  },
  "minecraft:recipes/redstone/spruce_pressure_plate": {
    "criteria": {
      "has_planks": "2024-08-06 01:17:49 +0000"
    },
    "done": true
  },
  "minecraft:recipes/building_blocks/yellow_wool": {
    "criteria": {
      "has_white_wool": "2024-08-06 01:37:50 +0000"
    },
    "done": true
  },
  "ilikewood:recipes/tools/stone_warped_sword": {
    "criteria": {
      "has_material": "2024-08-07 02:09:35 +0000"
    },
    "done": true
  },
  "minecraft:recipes/food/cooked_porkchop_from_smoking": {
    "criteria": {
      "has_porkchop": "2024-08-06 01:42:21 +0000"
    },
    "done": true
  },
  "minecraft:recipes/decorations/oak_sign": {
    "criteria": {
      "has_oak_planks": "2024-08-06 02:01:42 +0000"
    },
    "done": true
  },
  "minecraft:recipes/redstone/oak_trapdoor": {
    "criteria": {
      "has_planks": "2024-08-06 02:01:42 +0000"
    },
    "done": true
  },
  "ilikewood:recipes/tools/iron_warped_sword": {
    "criteria": {
      "has_material": "2024-08-07 02:09:35 +0000"
    },
    "done": true
  },
  "minecraft:recipes/building_blocks/polished_diorite_from_diorite_stonecutting": {
    "criteria": {
      "has_diorite": "2024-08-06 02:21:47 +0000"
    },
    "done": true
  },
  "minecraft:recipes/building_blocks/granite_stairs_from_granite_stonecutting": {
    "criteria": {
      "has_granite": "2024-08-06 02:26:59 +0000"
    },
    "done": true
  },
  "ilikewood:recipes/misc/oak_stick_from_oak_planks_sawmilling": {
    "criteria": {
      "has_planks": "2024-08-07 02:20:05 +0000"
    },
    "done": true
  },
  "minecraft:recipes/decorations/light_blue_bed_from_white_bed": {
    "criteria": {
      "has_bed": "2024-08-06 01:44:25 +0000"
    },
    "done": true
  },
  "minecraft:recipes/building_blocks/red_concrete_powder": {
    "criteria": {
      "has_gravel": "2024-08-06 02:34:07 +0000"
    },
    "done": true
  },
  "securitycraft:recipes/securitycraft/portable_tune_player": {
    "criteria": {
      "has_redstone": "2024-08-07 02:24:03 +0000"
    },
    "done": true
  },
  "minecraft:recipes/misc/iron_nugget_from_blasting": {
    "criteria": {
      "has_iron_pickaxe": "2024-08-06 01:27:16 +0000"
    },
    "done": true
  },
  "securitycraft:recipes/securitycraft/reinforced_diorite": {
    "criteria": {
      "has_cobblestone": "2024-08-07 02:09:35 +0000"
    },
    "done": true
  },
  "ilikewood:recipes/decorations/white_warped_bed": {
    "criteria": {
      "has_wool": "2024-08-07 02:16:23 +0000"
    },
    "done": true
  },
  "securitycraft:recipes/securitycraft/trophy_system": {
    "criteria": {
      "has_iron": "2024-08-07 02:09:35 +0000"
    },
    "done": true
  },
  "minecraft:adventure/kill_a_mob": {
    "criteria": {
      "minecraft:skeleton": "2024-08-06 01:22:58 +0000"
    },
    "done": true
  },
  "securitycraft:recipes/securitycraft/camera_monitor": {
    "criteria": {
      "has_iron": "2024-08-07 02:09:35 +0000"
    },
    "done": true
  },
  "minecraft:recipes/tools/golden_pickaxe": {
    "criteria": {
      "has_gold_ingot": "2024-08-06 02:36:33 +0000"
    },
    "done": true
  },
  "ilikewood:recipes/decorations/acacia_item_frame": {
    "criteria": {
      "has_leather": "2024-08-07 02:18:54 +0000"
    },
    "done": true
  },
  "minecraft:recipes/decorations/diorite_wall": {
    "criteria": {
      "has_diorite": "2024-08-06 02:21:47 +0000"
    },
    "done": true
  },
  "securitycraft:recipes/securitycraft/limited_use_keycard": {
    "criteria": {
      "has_iron": "2024-08-07 02:09:35 +0000"
    },
    "done": true
  },
  "ilikewood:recipes/tools/golden_spruce_sword": {
    "criteria": {
      "has_material": "2024-08-07 12:43:33 +0000"
    },
    "done": true
  },
  "minecraft:recipes/building_blocks/stone": {
    "criteria": {
      "has_cobblestone": "2024-08-06 01:19:00 +0000"
    },
    "done": true
  },
  "indreb:recipes/misc/crushing/ores/emerald_ore_emerald": {
    "criteria": {
      "item": "2024-08-07 02:10:30 +0000"
    },
    "done": true
  },
  "ilikewood:recipes/tools/iron_crimson_pickaxe": {
    "criteria": {
      "has_material": "2024-08-07 02:09:35 +0000"
    },
    "done": true
  },
  "ilikewood:recipes/decorations/crimson_item_frame": {
    "criteria": {
      "has_leather": "2024-08-07 02:18:54 +0000"
    },
    "done": true
  },
  "ilikewood:recipes/tools/stone_birch_axe": {
    "criteria": {
      "has_material": "2024-08-07 02:09:35 +0000"
    },
    "done": true
  },
  "minecraft:recipes/decorations/stonecutter": {
    "criteria": {
      "has_stone": "2024-08-06 15:23:00 +0000"
    },
    "done": true
  },
  "minecraft:adventure/adventuring_time": {
    "criteria": {
      "minecraft:mountains": "2024-08-06 01:38:22 +0000",
      "minecraft:taiga": "2024-08-06 01:16:27 +0000",
      "minecraft:taiga_hills": "2024-08-06 01:18:28 +0000",
      "minecraft:birch_forest": "2024-08-06 01:43:32 +0000",
      "minecraft:river": "2024-08-06 01:37:32 +0000",
      "minecraft:wooded_mountains": "2024-08-06 01:40:29 +0000",
      "minecraft:plains": "2024-08-06 01:37:33 +0000"
    },
    "done": false
  },
  "ironchest:recipes/ironchest/chests/vanilla_iron_chest": {
    "criteria": {
      "has_iron_ingot": "2024-08-07 02:09:35 +0000"
    },
    "done": true
  },
  "ilikewood:recipes/decorations/spruce_item_frame": {
    "criteria": {
      "has_leather": "2024-08-07 02:18:54 +0000"
    },
    "done": true
  },
  "minecraft:recipes/decorations/purple_bed_from_white_bed": {
    "criteria": {
      "has_bed": "2024-08-06 01:44:25 +0000"
    },
    "done": true
  },
  "minecraft:recipes/misc/book": {
    "criteria": {
      "has_paper": "2024-08-06 18:16:33 +0000"
    },
    "done": true
  },
  "morevanillaarmor:recipes/morevanillaarmor/paper_chestplate": {
    "criteria": {
      "has_material": "2024-08-07 02:17:45 +0000"
    },
    "done": true
  },
  "ilikewood:recipes/tools/golden_dark_oak_shovel": {
    "criteria": {
      "has_material": "2024-08-07 12:43:33 +0000"
    },
    "done": true
  },
  "morevanillaarmor:recipes/morevanillaarmor/redstone_boots": {
    "criteria": {
      "has_material": "2024-08-07 12:42:34 +0000"
    },
    "done": true
  },
  "securitycraft:recipes/securitycraft/whitelist_module": {
    "criteria": {
      "has_iron": "2024-08-07 02:09:35 +0000"
    },
    "done": true
  },
  "minecraft:recipes/combat/stone_sword": {
    "criteria": {
      "has_cobblestone": "2024-08-06 01:19:00 +0000"
    },
    "done": true
  },
  "minecraft:recipes/decorations/light_gray_carpet": {
    "criteria": {
      "has_light_gray_wool": "2024-08-06 01:41:49 +0000"
    },
    "done": true
  },
  "minecraft:recipes/decorations/barrel": {
    "criteria": {
      "has_planks": "2024-08-06 01:17:49 +0000"
    },
    "done": true
  },
  "minecraft:recipes/decorations/cobblestone_wall": {
    "criteria": {
      "has_cobblestone": "2024-08-06 01:19:00 +0000"
    },
    "done": true
  },
  "securitycraft:recipes/securitycraft/reinforced_warped_fence": {
    "criteria": {
      "has_stick": "2024-08-07 02:09:35 +0000"
    },
    "done": true
  },
  "minecraft:recipes/brewing/fermented_spider_eye": {
    "criteria": {
      "has_spider_eye": "2024-08-06 12:32:15 +0000"
    },
    "done": true
  },
  "cgm:recipes/cgm/grenade_launcher": {
    "criteria": {
      "has_iron_ingot": "2024-08-07 02:09:35 +0000"
    },
    "done": true
  },
  "ilikewood:recipes/redstone/dark_oak_lectern": {
    "criteria": {
      "has_book": "2024-08-07 02:19:06 +0000"
    },
    "done": true
  },
  "minecraft:recipes/tools/stone_pickaxe": {
    "criteria": {
      "has_cobblestone": "2024-08-06 01:19:00 +0000"
    },
    "done": true
  },
  "ilikewood:recipes/tools/iron_oak_pickaxe": {
    "criteria": {
      "has_material": "2024-08-07 02:09:35 +0000"
    },
    "done": true
  },
  "minecraft:recipes/decorations/smithing_table": {
    "criteria": {
      "has_iron_ingot": "2024-08-06 01:24:00 +0000"
    },
    "done": true
  },
  "casinocraft:recipes/misc/item_redstone": {
    "criteria": {
      "has_redstone": "2024-08-07 02:24:03 +0000"
    },
    "done": true
  },
  "ilikewood:recipes/tools/golden_warped_axe": {
    "criteria": {
      "has_material": "2024-08-07 12:43:33 +0000"
    },
    "done": true
  },
  "minecraft:husbandry/plant_seed": {
    "criteria": {
      "wheat": "2024-08-06 13:29:11 +0000"
    },
    "done": true
  },
  "minecraft:recipes/redstone/stone_pressure_plate": {
    "criteria": {
      "has_stone": "2024-08-06 15:23:00 +0000"
    },
    "done": true
  },
  "ilikewood:recipes/tools/stone_spruce_shovel": {
    "criteria": {
      "has_material": "2024-08-07 02:09:35 +0000"
    },
    "done": true
  },
  "minecraft:recipes/combat/leather_boots": {
    "criteria": {
      "has_leather": "2024-08-06 12:47:18 +0000"
    },
    "done": true
  },
  "ilikewood:recipes/tools/stone_spruce_axe": {
    "criteria": {
      "has_material": "2024-08-07 02:09:35 +0000"
    },
    "done": true
  },
  "minecraft:recipes/decorations/cobblestone_wall_from_cobblestone_stonecutting": {
    "criteria": {
      "has_cobblestone": "2024-08-06 01:19:00 +0000"
    },
    "done": true
  },
  "ilikewood:recipes/tools/iron_spruce_shovel": {
    "criteria": {
      "has_material": "2024-08-07 02:09:35 +0000"
    },
    "done": true
  },
  "njs:not_just_sandwich": {
    "criteria": {
      "not_just_sandwich": "2024-08-07 02:49:00 +0000"
    },
    "done": true
  },
  "minecraft:recipes/decorations/grindstone": {
    "criteria": {
      "has_stone_slab": "2024-08-06 15:27:34 +0000"
    },
    "done": true
  },
  "minecraft:recipes/building_blocks/diamond_block": {
    "criteria": {
      "has_diamond": "2024-08-06 02:39:42 +0000"
    },
    "done": true
  },
  "cgm:recipes/cgm/heavy_rifle": {
    "criteria": {
      "has_iron_ingot": "2024-08-07 02:09:35 +0000"
    },
    "done": true
  },
  "minecraft:recipes/building_blocks/lapis_block": {
    "criteria": {
      "has_lapis": "2024-08-06 02:52:16 +0000"
    },
    "done": true
  },
  "casinocraft:recipes/misc/item_clay": {
    "criteria": {
      "has_clay": "2024-08-07 12:35:17 +0000"
    },
    "done": true
  },
  "ilikewood:recipes/tools/stone_warped_pickaxe": {
    "criteria": {
      "has_material": "2024-08-07 02:09:35 +0000"
    },
    "done": true
  },
  "ilikewood:recipes/tools/golden_oak_sword": {
    "criteria": {
      "has_material": "2024-08-07 12:43:33 +0000"
    },
    "done": true
  },
  "immersive_armors:recipes/misc/robe": {
    "criteria": {
      "has_item": "2024-08-07 02:16:23 +0000"
    },
    "done": true
  },
  "minecraft:recipes/decorations/lantern": {
    "criteria": {
      "has_iron_ingot": "2024-08-06 01:24:00 +0000"
    },
    "done": true
  },
  "securitycraft:recipes/securitycraft/reinforced_oak_fence_gate": {
    "criteria": {
      "has_stick": "2024-08-07 02:09:35 +0000"
    },
    "done": true
  },
  "ilikewood:recipes/building_blocks/warped_bookshelf": {
    "criteria": {
      "has_book": "2024-08-07 02:19:06 +0000"
    },
    "done": true
  },
  "minecraft:recipes/building_blocks/polished_diorite": {
    "criteria": {
      "has_stone": "2024-08-06 02:21:47 +0000"
    },
    "done": true
  },
  "ilikewood:recipes/tools/stone_spruce_pickaxe": {
    "criteria": {
      "has_material": "2024-08-07 02:09:35 +0000"
    },
    "done": true
  },
  "minecraft:recipes/decorations/andesite_wall": {
    "criteria": {
      "has_andesite": "2024-08-06 01:26:10 +0000"
    },
    "done": true
  },
  "minecraft:recipes/building_blocks/light_gray_wool": {
    "criteria": {
      "has_white_wool": "2024-08-06 01:37:50 +0000"
    },
    "done": true
  },
  "ironchest:recipes/ironchest/upgrades/wood_to_copper_chest_upgrade": {
    "criteria": {
      "has_item": "2024-08-07 02:09:35 +0000"
    },
    "done": true
  },
  "minecraft:recipes/building_blocks/andesite_slab": {
    "criteria": {
      "has_andesite": "2024-08-06 01:26:10 +0000"
    },
    "done": true
  },
  "minecraft:recipes/decorations/red_bed_from_white_bed": {
    "criteria": {
      "has_bed": "2024-08-06 01:44:25 +0000"
    },
    "done": true
  },
  "minecraft:recipes/food/cooked_chicken": {
    "criteria": {
      "has_chicken": "2024-08-06 12:46:55 +0000"
    },
    "done": true
  },
  "minecraft:recipes/building_blocks/red_wool": {
    "criteria": {
      "has_white_wool": "2024-08-06 01:37:50 +0000"
    },
    "done": true
  },
  "ilikewood:recipes/tools/golden_jungle_hoe": {
    "criteria": {
      "has_material": "2024-08-07 12:43:33 +0000"
    },
    "done": true
  },
  "securitycraft:recipes/securitycraft/alarm": {
    "criteria": {
      "has_redstone": "2024-08-07 02:24:03 +0000"
    },
    "done": true
  },
  "minecraft:recipes/tools/stone_axe": {
    "criteria": {
      "has_cobblestone": "2024-08-06 01:19:00 +0000"
    },
    "done": true
  },
  "minecraft:recipes/food/cooked_mutton": {
    "criteria": {
      "has_mutton": "2024-08-06 01:37:50 +0000"
    },
    "done": true
  },
  "securitycraft:recipes/securitycraft/disguise_module": {
    "criteria": {
      "has_iron": "2024-08-07 02:09:35 +0000"
    },
    "done": true
  },
  "ilikewood:recipes/tools/iron_oak_shovel": {
    "criteria": {
      "has_material": "2024-08-07 02:09:35 +0000"
    },
    "done": true
  },
  "indreb:recipes/misc/crushing/sugarcane_sugar": {
    "criteria": {
      "item": "2024-08-07 02:16:35 +0000"
    },
    "done": true
  },
  "securitycraft:recipes/securitycraft/reinforced_dark_oak_fence": {
    "criteria": {
      "has_stick": "2024-08-07 02:09:35 +0000"
    },
    "done": true
  },
  "farlanders:root": {
    "criteria": {
      "attack": "2024-08-07 02:58:50 +0000"
    },
    "done": true
  },
  "ilikewood:recipes/tools/stone_acacia_pickaxe": {
    "criteria": {
      "has_material": "2024-08-07 02:09:35 +0000"
    },
    "done": true
  },
  "minecraft:recipes/building_blocks/purple_wool": {
    "criteria": {
      "has_white_wool": "2024-08-06 01:37:50 +0000"
    },
    "done": true
  },
  "minecraft:recipes/building_blocks/cobblestone_stairs_from_cobblestone_stonecutting": {
    "criteria": {
      "has_cobblestone": "2024-08-06 01:19:00 +0000"
    },
    "done": true
  },
  "minecraft:recipes/building_blocks/magenta_concrete_powder": {
    "criteria": {
      "has_gravel": "2024-08-06 02:34:07 +0000"
    },
    "done": true
  },
  "indreb:recipes/misc/crushing/gravel_flint": {
    "criteria": {
      "item": "2024-08-07 12:36:19 +0000"
    },
    "done": true
  },
  "ilikewood:recipes/redstone/acacia_lectern": {
    "criteria": {
      "has_book": "2024-08-07 02:19:06 +0000"
    },
    "done": true
  },
  "securitycraft:recipes/securitycraft/panic_button": {
    "criteria": {
      "has_redstone": "2024-08-07 02:24:03 +0000"
    },
    "done": true
  },
  "minecraft:recipes/misc/writable_book": {
    "criteria": {
      "has_book": "2024-08-06 22:50:58 +0000"
    },
    "done": true
  },
  "ilikewood:recipes/decorations/white_jungle_bed": {
    "criteria": {
      "has_wool": "2024-08-07 02:16:23 +0000"
    },
    "done": true
  },
  "morevanillaarmor:recipes/morevanillaarmor/redstone_helmet": {
    "criteria": {
      "has_material": "2024-08-07 12:42:34 +0000"
    },
    "done": true
  },
  "minecraft:recipes/building_blocks/polished_andesite_stairs_from_andesite_stonecutting": {
    "criteria": {
      "has_andesite": "2024-08-06 01:26:10 +0000"
    },
    "done": true
  },
  "minecraft:recipes/decorations/white_bed": {
    "criteria": {
      "has_white_wool": "2024-08-06 01:37:50 +0000"
    },
    "done": true
  },
  "securitycraft:recipes/securitycraft/reinforced_spruce_fence": {
    "criteria": {
      "has_stick": "2024-08-07 02:09:35 +0000"
    },
    "done": true
  },
  "ilikewood:recipes/decorations/spruce_post": {
    "criteria": {
      "has_log": "2024-08-07 02:32:57 +0000"
    },
    "done": true
  },
  "ilikewood:recipes/tools/golden_jungle_sword": {
    "criteria": {
      "has_material": "2024-08-07 12:43:33 +0000"
    },
    "done": true
  },
  "minecraft:recipes/decorations/campfire": {
    "criteria": {
      "has_stick": "2024-08-06 01:18:00 +0000"
    },
    "done": true
  },
  "securitycraft:recipes/securitycraft/block_pocket_manager": {
    "criteria": {
      "has_redstone_block": "2024-08-07 12:42:34 +0000"
    },
    "done": true
  },
  "minecraft:recipes/redstone/redstone": {
    "criteria": {
      "has_redstone_block": "2024-08-07 12:42:34 +0000"
    },
    "done": true
  },
  "minecraft:recipes/tools/golden_hoe": {
    "criteria": {
      "has_gold_ingot": "2024-08-06 02:36:33 +0000"
    },
    "done": true
  },
  "minecraft:recipes/food/bread": {
    "criteria": {
      "has_wheat": "2024-08-06 13:28:36 +0000"
    },
    "done": true
  },
  "minecraft:recipes/building_blocks/diorite_slab_from_diorite_stonecutting": {
    "criteria": {
      "has_diorite": "2024-08-06 02:21:47 +0000"
    },
    "done": true
  },
  "ilikewood:recipes/tools/stone_birch_sword": {
    "criteria": {
      "has_material": "2024-08-07 02:09:35 +0000"
    },
    "done": true
  },
  "minecraft:recipes/building_blocks/smooth_stone": {
    "criteria": {
      "has_the_recipe": "2024-08-06 14:16:43 +0000"
    },
    "done": true
  },
  "indreb:recipes/building_blocks/extracting/any_wool_white_wool": {
    "criteria": {
      "item": "2024-08-07 02:16:23 +0000"
    },
    "done": true
  },
  "minecraft:recipes/misc/iron_nugget": {
    "criteria": {
      "has_iron_ingot": "2024-08-06 01:24:00 +0000"
    },
    "done": true
  },
  "minecraft:recipes/building_blocks/brown_concrete_powder": {
    "criteria": {
      "has_gravel": "2024-08-06 02:34:07 +0000"
    },
    "done": true
  },
  "minecraft:recipes/building_blocks/stone_slab_from_stone_stonecutting": {
    "criteria": {
      "has_stone": "2024-08-06 15:23:00 +0000"
    },
    "done": true
  },
  "minecraft:recipes/decorations/black_bed_from_white_bed": {
    "criteria": {
      "has_bed": "2024-08-06 01:44:25 +0000"
    },
    "done": true
  },
  "ironchest:recipes/ironchest/chests/vanilla_dirt_chest": {
    "criteria": {
      "has_iron_ingot": "2024-08-07 02:09:35 +0000"
    },
    "done": true
  },
  "securitycraft:recipes/securitycraft/track_mine": {
    "criteria": {
      "has_iron": "2024-08-07 02:09:35 +0000"
    },
    "done": true
  },
  "minecraft:recipes/combat/diamond_sword": {
    "criteria": {
      "has_diamond": "2024-08-06 02:39:42 +0000"
    },
    "done": true
  },
  "ilikewood:recipes/decorations/jungle_item_frame": {
    "criteria": {
      "has_leather": "2024-08-07 02:18:54 +0000"
    },
    "done": true
  },
  "ilikewood:recipes/tools/golden_jungle_shovel": {
    "criteria": {
      "has_material": "2024-08-07 12:43:33 +0000"
    },
    "done": true
  },
  "minecraft:recipes/building_blocks/cyan_wool": {
    "criteria": {
      "has_white_wool": "2024-08-06 01:37:50 +0000"
    },
    "done": true
  },
  "minecraft:recipes/misc/white_dye": {
    "criteria": {
      "has_bone_meal": "2024-08-07 00:15:01 +0000"
    },
    "done": true
  },
  "ilikewood:recipes/decorations/oak_post": {
    "criteria": {
      "has_log": "2024-08-07 02:16:58 +0000"
    },
    "done": true
  },
  "minecraft:recipes/transportation/spruce_boat": {
    "criteria": {
      "in_water": "2024-08-06 01:20:19 +0000"
    },
    "done": true
  },
  "minecraft:recipes/decorations/jukebox": {
    "criteria": {
      "has_diamond": "2024-08-06 02:39:42 +0000"
    },
    "done": true
  },
  "securitycraft:recipes/securitycraft/reinforced_oak_fence": {
    "criteria": {
      "has_stick": "2024-08-07 02:09:35 +0000"
    },
    "done": true
  },
  "aquaculture:recipes/tools/wooden_fillet_knife": {
    "criteria": {
      "has_items": "2024-08-07 02:09:35 +0000"
    },
    "done": true
  },
  "securitycraft:recipes/securitycraft/blacklist_module": {
    "criteria": {
      "has_iron": "2024-08-07 02:09:35 +0000"
    },
    "done": true
  },
  "ilikewood:recipes/building_blocks/acacia_bookshelf": {
    "criteria": {
      "has_book": "2024-08-07 02:19:06 +0000"
    },
    "done": true
  },
  "minecraft:recipes/tools/flint_and_steel": {
    "criteria": {
      "has_flint": "2024-08-06 02:37:44 +0000"
    },
    "done": true
  },
  "securitycraft:recipes/securitycraft/speed_module": {
    "criteria": {
      "has_iron": "2024-08-07 02:09:35 +0000"
    },
    "done": true
  },
  "ilikewood:recipes/tools/iron_jungle_hoe": {
    "criteria": {
      "has_material": "2024-08-07 02:09:35 +0000"
    },
    "done": true
  },
  "ilikewood:recipes/tools/golden_acacia_axe": {
    "criteria": {
      "has_material": "2024-08-07 12:43:33 +0000"
    },
    "done": true
  },
  "ilikewood:recipes/tools/stone_oak_sword": {
    "criteria": {
      "has_material": "2024-08-07 02:09:35 +0000"
    },
    "done": true
  },
  "securitycraft:recipes/securitycraft/harming_module": {
    "criteria": {
      "has_iron": "2024-08-07 02:09:35 +0000"
    },
    "done": true
  },
  "minecraft:recipes/building_blocks/gray_wool": {
    "criteria": {
      "has_white_wool": "2024-08-06 01:37:50 +0000"
    },
    "done": true
  },
  "ilikewood:recipes/building_blocks/spruce_panels_from_spruce_planks_sawmilling": {
    "criteria": {
      "has_planks": "2024-08-07 02:09:35 +0000"
    },
    "done": true
  },
  "minecraft:recipes/building_blocks/polished_granite_from_granite_stonecutting": {
    "criteria": {
      "has_granite": "2024-08-06 02:26:59 +0000"
    },
    "done": true
  },
  "ilikewood:recipes/redstone/warped_lectern": {
    "criteria": {
      "has_book": "2024-08-07 02:19:06 +0000"
    },
    "done": true
  },
  "minecraft:recipes/misc/gold_nugget": {
    "criteria": {
      "has_gold_ingot": "2024-08-06 02:36:33 +0000"
    },
    "done": true
  },
  "minecraft:recipes/misc/sugar_from_sugar_cane": {
    "criteria": {
      "has_reeds": "2024-08-06 16:38:02 +0000"
    },
    "done": true
  },
  "ilikewood:recipes/decorations/spruce_wall_from_spruce_log_sawmilling": {
    "criteria": {
      "has_log": "2024-08-07 02:32:57 +0000"
    },
    "done": true
  },
  "ilikewood:recipes/tools/golden_dark_oak_hoe": {
    "criteria": {
      "has_material": "2024-08-07 12:43:33 +0000"
    },
    "done": true
  },
  "securitycraft:recipes/securitycraft/keypad_frame": {
    "criteria": {
      "has_redstone": "2024-08-07 02:24:03 +0000"
    },
    "done": true
  },
  "minecraft:husbandry/balanced_diet": {
    "criteria": {
      "cooked_porkchop": "2024-08-06 02:06:22 +0000",
      "cooked_mutton": "2024-08-06 01:39:40 +0000",
      "cooked_beef": "2024-08-06 12:53:02 +0000",
      "baked_potato": "2024-08-06 12:29:54 +0000",
      "apple": "2024-08-07 01:01:49 +0000",
      "bread": "2024-08-06 12:20:38 +0000",
      "cooked_chicken": "2024-08-06 13:32:06 +0000"
    },
    "done": false
  },
  "ilikewood:recipes/tools/golden_oak_hoe": {
    "criteria": {
      "has_material": "2024-08-07 12:43:33 +0000"
    },
    "done": true
  },
  "ilikewood:recipes/tools/golden_crimson_hoe": {
    "criteria": {
      "has_material": "2024-08-07 12:43:33 +0000"
    },
    "done": true
  },
  "ilikewood:recipes/tools/iron_dark_oak_hoe": {
    "criteria": {
      "has_material": "2024-08-07 02:09:35 +0000"
    },
    "done": true
  },
  "minecraft:recipes/tools/wooden_hoe": {
    "criteria": {
      "has_stick": "2024-08-06 01:18:00 +0000"
    },
    "done": true
  },
  "ilikewood:recipes/decorations/dark_oak_item_frame": {
    "criteria": {
      "has_leather": "2024-08-07 02:18:54 +0000"
    },
    "done": true
  },
  "ilikewood:recipes/tools/stone_warped_hoe": {
    "criteria": {
      "has_material": "2024-08-07 02:09:35 +0000"
    },
    "done": true
  },
  "casinocraft:recipes/misc/item_paper": {
    "criteria": {
      "has_paper": "2024-08-07 02:17:45 +0000"
    },
    "done": true
  },
  "ilikewood:recipes/building_blocks/spruce_bookshelf": {
    "criteria": {
      "has_book": "2024-08-07 02:19:06 +0000"
    },
    "done": true
  },
  "minecraft:recipes/misc/bucket": {
    "criteria": {
      "has_iron_ingot": "2024-08-06 01:24:00 +0000"
    },
    "done": true
  },
  "minecraft:recipes/building_blocks/cobblestone_stairs": {
    "criteria": {
      "has_cobblestone": "2024-08-06 01:19:00 +0000"
    },
    "done": true
  },
  "minecraft:recipes/building_blocks/diorite_slab": {
    "criteria": {
      "has_diorite": "2024-08-06 02:21:47 +0000"
    },
    "done": true
  },
  "morevanillaarmor:recipes/morevanillaarmor/emerald_helmet": {
    "criteria": {
      "has_material": "2024-08-07 02:10:30 +0000"
    },
    "done": true
  },
  "aquaculture:recipes/tools/gold_fillet_knife": {
    "criteria": {
      "has_items": "2024-08-07 12:43:33 +0000"
    },
    "done": true
  },
  "securitycraft:recipes/securitycraft/reinforced_bookshelf": {
    "criteria": {
      "has_book": "2024-08-07 02:19:06 +0000"
    },
    "done": true
  },
  "ilikewood:recipes/redstone/jungle_lectern": {
    "criteria": {
      "has_book": "2024-08-07 02:19:06 +0000"
    },
    "done": true
  },
  "minecraft:recipes/decorations/yellow_bed_from_white_bed": {
    "criteria": {
      "has_bed": "2024-08-06 01:44:25 +0000"
    },
    "done": true
  },
  "ilikewood:recipes/tools/stone_oak_hoe": {
    "criteria": {
      "has_material": "2024-08-07 02:09:35 +0000"
    },
    "done": true
  },
  "minecraft:recipes/decorations/granite_wall": {
    "criteria": {
      "has_granite": "2024-08-06 02:26:59 +0000"
    },
    "done": true
  },
  "minecraft:recipes/redstone/note_block": {
    "criteria": {
      "has_redstone": "2024-08-06 02:27:46 +0000"
    },
    "done": true
  },
  "ilikewood:recipes/tools/iron_crimson_axe": {
    "criteria": {
      "has_material": "2024-08-07 02:09:35 +0000"
    },
    "done": true
  },
  "securitycraft:recipes/securitycraft/redstone_module": {
    "criteria": {
      "has_iron": "2024-08-07 02:09:35 +0000"
    },
    "done": true
  },
  "minecraft:recipes/decorations/white_banner": {
    "criteria": {
      "has_white_wool": "2024-08-06 01:37:50 +0000"
    },
    "done": true
  },
  "enchantinginfuser:recipes/decorations/advanced_enchanting_infuser": {
    "criteria": {
      "has_netherite_ingot": "2024-08-07 02:09:35 +0000",
      "has_crying_obsidian": "2024-08-07 02:09:35 +0000",
      "has_the_recipe": "2024-08-07 02:09:35 +0000"
    },
    "done": true
  },
  "minecraft:recipes/building_blocks/light_blue_concrete_powder": {
    "criteria": {
      "has_gravel": "2024-08-06 02:34:07 +0000"
    },
    "done": true
  },
  "ilikewood:recipes/tools/golden_spruce_hoe": {
    "criteria": {
      "has_material": "2024-08-07 12:43:33 +0000"
    },
    "done": true
  },
  "minecraft:recipes/decorations/mossy_cobblestone_wall": {
    "criteria": {
      "has_mossy_cobblestone": "2024-08-06 13:53:04 +0000"
    },
    "done": true
  },
  "cgm:recipes/cgm/machine_pistol": {
    "criteria": {
      "has_iron_ingot": "2024-08-07 02:09:35 +0000"
    },
    "done": true
  },
  "minecraft:recipes/misc/leather_horse_armor": {
    "criteria": {
      "has_leather": "2024-08-06 12:47:18 +0000"
    },
    "done": true
  },
  "minecraft:recipes/building_blocks/hay_block": {
    "criteria": {
      "has_wheat": "2024-08-06 13:28:36 +0000"
    },
    "done": true
  },
  "minecraft:recipes/combat/iron_helmet": {
    "criteria": {
      "has_iron_ingot": "2024-08-06 01:24:00 +0000"
    },
    "done": true
  },
  "minecraft:recipes/tools/golden_shovel": {
    "criteria": {
      "has_gold_ingot": "2024-08-06 02:36:33 +0000"
    },
    "done": true
  },
  "minecraft:recipes/combat/bow": {
    "criteria": {
      "has_string": "2024-08-06 02:46:20 +0000"
    },
    "done": true
  },
  "minecraft:recipes/decorations/mossy_cobblestone_wall_from_mossy_cobblestone_stonecutting": {
    "criteria": {
      "has_mossy_cobblestone": "2024-08-06 13:53:04 +0000"
    },
    "done": true
  },
  "ilikewood:recipes/tools/golden_warped_hoe": {
    "criteria": {
      "has_material": "2024-08-07 12:43:33 +0000"
    },
    "done": true
  },
  "minecraft:recipes/redstone/oak_fence_gate": {
    "criteria": {
      "has_planks": "2024-08-06 02:01:42 +0000"
    },
    "done": true
  },
  "minecraft:recipes/food/cooked_chicken_from_smoking": {
    "criteria": {
      "has_chicken": "2024-08-06 12:46:55 +0000"
    },
    "done": true
  },
  "minecraft:recipes/building_blocks/purple_concrete_powder": {
    "criteria": {
      "has_gravel": "2024-08-06 02:34:07 +0000"
    },
    "done": true
  },
  "minecraft:recipes/building_blocks/smooth_stone_slab": {
    "criteria": {
      "has_smooth_stone": "2024-08-06 14:16:44 +0000"
    },
    "done": true
  },
  "minecraft:husbandry/bred_all_animals": {
    "criteria": {
      "minecraft:sheep": "2024-08-06 16:06:40 +0000",
      "minecraft:cow": "2024-08-06 16:23:33 +0000",
      "minecraft:chicken": "2024-08-06 16:06:58 +0000"
    },
    "done": false
  },
  "ilikewood:recipes/decorations/birch_item_frame": {
    "criteria": {
      "has_leather": "2024-08-07 02:18:54 +0000"
    },
    "done": true
  },
  "minecraft:recipes/decorations/diorite_wall_from_diorite_stonecutting": {
    "criteria": {
      "has_diorite": "2024-08-06 02:21:47 +0000"
    },
    "done": true
  },
  "minecraft:recipes/decorations/orange_bed_from_white_bed": {
    "criteria": {
      "has_bed": "2024-08-06 01:44:25 +0000"
    },
    "done": true
  },
  "securitycraft:recipes/securitycraft/reinforced_birch_fence_gate": {
    "criteria": {
      "has_stick": "2024-08-07 02:09:35 +0000"
    },
    "done": true
  },
  "ilikewood:recipes/tools/stone_acacia_axe": {
    "criteria": {
      "has_material": "2024-08-07 02:09:35 +0000"
    },
    "done": true
  },
  "minecraft:recipes/combat/diamond_chestplate": {
    "criteria": {
      "has_diamond": "2024-08-06 02:39:42 +0000"
    },
    "done": true
  },
  "ilikewood:recipes/tools/iron_birch_shovel": {
    "criteria": {
      "has_material": "2024-08-07 02:09:35 +0000"
    },
    "done": true
  },
  "ilikewood:recipes/tools/iron_warped_shovel": {
    "criteria": {
      "has_material": "2024-08-07 02:09:35 +0000"
    },
    "done": true
  },
  "ilikewood:recipes/building_blocks/spruce_panels_slab_from_spruce_planks_sawmilling": {
    "criteria": {
      "has_planks": "2024-08-07 02:09:35 +0000"
    },
    "done": true
  },
  "minecraft:story/mine_stone": {
    "criteria": {
      "get_stone": "2024-08-06 01:19:00 +0000"
    },
    "done": true
  },
  "minecraft:recipes/redstone/target": {
    "criteria": {
      "has_redstone": "2024-08-06 02:27:46 +0000"
    },
    "done": true
  },
  "morevanillaarmor:recipes/morevanillaarmor/paper_leggings": {
    "criteria": {
      "has_material": "2024-08-07 02:17:45 +0000"
    },
    "done": true
  },
  "ilikewood:recipes/tools/golden_birch_shovel": {
    "criteria": {
      "has_material": "2024-08-07 12:43:33 +0000"
    },
    "done": true
  },
  "minecraft:recipes/decorations/furnace": {
    "criteria": {
      "has_cobblestone": "2024-08-06 01:19:00 +0000"
    },
    "done": true
  },
  "minecraft:recipes/transportation/minecart": {
    "criteria": {
      "has_iron_ingot": "2024-08-06 01:24:00 +0000"
    },
    "done": true
  },
  "ilikewood:recipes/tools/iron_spruce_axe": {
    "criteria": {
      "has_material": "2024-08-07 02:09:35 +0000"
    },
    "done": true
  },
  "securitycraft:recipes/securitycraft/reinforced_acacia_fence_gate": {
    "criteria": {
      "has_stick": "2024-08-07 02:09:35 +0000"
    },
    "done": true
  },
  "minecraft:recipes/misc/charcoal": {
    "criteria": {
      "has_log": "2024-08-06 01:17:03 +0000"
    },
    "done": true
  },
  "minecraft:recipes/building_blocks/andesite_stairs": {
    "criteria": {
      "has_andesite": "2024-08-06 01:26:10 +0000"
    },
    "done": true
  },
  "ilikewood:recipes/decorations/oak_wall_from_oak_log_sawmilling": {
    "criteria": {
      "has_log": "2024-08-07 02:16:58 +0000"
    },
    "done": true
  },
  "minecraft:recipes/building_blocks/orange_wool": {
    "criteria": {
      "has_white_wool": "2024-08-06 01:37:50 +0000"
    },
    "done": true
  },
  "minecraft:recipes/tools/wooden_pickaxe": {
    "criteria": {
      "has_stick": "2024-08-06 01:18:00 +0000"
    },
    "done": true
  },
  "minecraft:recipes/tools/iron_hoe": {
    "criteria": {
      "has_iron_ingot": "2024-08-06 01:24:00 +0000"
    },
    "done": true
  },
  "minecraft:husbandry/root": {
    "criteria": {
      "consumed_item": "2024-08-06 01:39:40 +0000"
    },
    "done": true
  },
  "minecraft:recipes/redstone/redstone_torch": {
    "criteria": {
      "has_redstone": "2024-08-06 02:27:46 +0000"
    },
    "done": true
  },
  "minecraft:recipes/transportation/birch_boat": {
    "criteria": {
      "in_water": "2024-08-06 01:20:19 +0000"
    },
    "done": true
  },
  "minecraft:recipes/food/golden_apple": {
    "criteria": {
      "has_gold_ingot": "2024-08-06 02:36:33 +0000"
    },
    "done": true
  },
  "minecraft:recipes/building_blocks/polished_granite_slab_from_granite_stonecutting": {
    "criteria": {
      "has_granite": "2024-08-06 02:26:59 +0000"
    },
    "done": true
  },
  "securitycraft:recipes/securitycraft/sonic_security_system": {
    "criteria": {
      "has_stick": "2024-08-07 02:09:35 +0000"
    },
    "done": true
  },
  "minecraft:recipes/building_blocks/green_concrete_powder": {
    "criteria": {
      "has_gravel": "2024-08-06 02:34:07 +0000"
    },
    "done": true
  },
  "tconstruct:recipes/tconstruct/smeltery/smeltery/seared/grout": {
    "criteria": {
      "has_item": "2024-08-07 12:35:17 +0000"
    },
    "done": true
  },
  "casinocraft:recipes/decorations/item_clay": {
    "criteria": {
      "has_clay": "2024-08-07 12:35:17 +0000"
    },
    "done": true
  },
  "minecraft:recipes/building_blocks/polished_andesite_from_andesite_stonecutting": {
    "criteria": {
      "has_andesite": "2024-08-06 01:26:10 +0000"
    },
    "done": true
  },
  "minecraft:recipes/tools/iron_shovel": {
    "criteria": {
      "has_iron_ingot": "2024-08-06 01:24:00 +0000"
    },
    "done": true
  },
  "minecraft:recipes/decorations/cyan_bed_from_white_bed": {
    "criteria": {
      "has_bed": "2024-08-06 01:44:25 +0000"
    },
    "done": true
  },
  "aquaculture:recipes/tools/stone_fillet_knife": {
    "criteria": {
      "has_items": "2024-08-07 02:09:35 +0000"
    },
    "done": true
  },
  "minecraft:recipes/decorations/item_frame": {
    "criteria": {
      "has_leather": "2024-08-06 12:47:18 +0000"
    },
    "done": true
  },
  "minecraft:recipes/decorations/lime_bed_from_white_bed": {
    "criteria": {
      "has_bed": "2024-08-06 01:44:25 +0000"
    },
    "done": true
  },
  "minecraft:recipes/tools/stone_hoe": {
    "criteria": {
      "has_cobblestone": "2024-08-06 01:19:00 +0000"
    },
    "done": true
  },
  "minecraft:recipes/tools/clock": {
    "criteria": {
      "has_redstone": "2024-08-06 02:27:46 +0000"
    },
    "done": true
  },
  "minecraft:recipes/decorations/spruce_fence": {
    "criteria": {
      "has_planks": "2024-08-06 01:17:49 +0000"
    },
    "done": true
  },
  "minecraft:recipes/food/baked_potato_from_smoking": {
    "criteria": {
      "has_potato": "2024-08-06 02:16:51 +0000"
    },
    "done": true
  },
  "minecraft:recipes/tools/diamond_hoe": {
    "criteria": {
      "has_diamond": "2024-08-06 02:39:42 +0000"
    },
    "done": true
  },
  "ilikewood:recipes/tools/iron_dark_oak_sword": {
    "criteria": {
      "has_material": "2024-08-07 02:09:35 +0000"
    },
    "done": true
  },
  "indreb:recipes/building_blocks/sawing/oak_log_oak_planks": {
    "criteria": {
      "item": "2024-08-07 02:16:58 +0000"
    },
    "done": true
  },
  "minecraft:recipes/transportation/activator_rail": {
    "criteria": {
      "has_rail": "2024-08-06 22:19:15 +0000"
    },
    "done": true
  },
  "minecraft:recipes/tools/diamond_shovel": {
    "criteria": {
      "has_diamond": "2024-08-06 02:39:42 +0000"
    },
    "done": true
  },
  "minecraft:recipes/decorations/green_bed_from_white_bed": {
    "criteria": {
      "has_bed": "2024-08-06 01:44:25 +0000"
    },
    "done": true
  },
  "minecraft:adventure/trade": {
    "criteria": {
      "traded": "2024-08-06 13:59:26 +0000"
    },
    "done": true
  },
  "minecraft:recipes/building_blocks/granite_slab": {
    "criteria": {
      "has_granite": "2024-08-06 02:26:59 +0000"
    },
    "done": true
  },
  "minecraft:recipes/food/baked_potato": {
    "criteria": {
      "has_potato": "2024-08-06 02:16:51 +0000"
    },
    "done": true
  },
  "ilikewood:recipes/tools/stone_jungle_pickaxe": {
    "criteria": {
      "has_material": "2024-08-07 02:09:35 +0000"
    },
    "done": true
  },
  "minecraft:recipes/decorations/white_carpet": {
    "criteria": {
      "has_white_wool": "2024-08-06 01:37:50 +0000"
    },
    "done": true
  },
  "minecraft:recipes/building_blocks/spruce_stairs": {
    "criteria": {
      "has_planks": "2024-08-06 01:17:49 +0000"
    },
    "done": true
  },
  "ilikewood:recipes/building_blocks/oak_panels_slab_from_oak_planks_sawmilling": {
    "criteria": {
      "has_planks": "2024-08-07 02:20:05 +0000"
    },
    "done": true
  },
  "ilikewood:recipes/tools/stone_acacia_shovel": {
    "criteria": {
      "has_material": "2024-08-07 02:09:35 +0000"
    },
    "done": true
  },
  "indreb:recipes/building_blocks/sawing/spruce_log_spruce_planks": {
    "criteria": {
      "item": "2024-08-07 02:09:35 +0000"
    },
    "done": true
  },
  "minecraft:story/mine_diamond": {
    "criteria": {
      "diamond": "2024-08-06 02:39:42 +0000"
    },
    "done": true
  },
  "minecraft:story/upgrade_tools": {
    "criteria": {
      "stone_pickaxe": "2024-08-06 01:20:00 +0000"
    },
    "done": true
  },
  "indreb:recipes/indreb/sawing/stick_sawdust": {
    "criteria": {
      "item": "2024-08-07 02:09:35 +0000"
    },
    "done": true
  },
  "indreb:recipes/building_blocks/compressing/block/iron_ingot_iron_block": {
    "criteria": {
      "item": "2024-08-07 02:09:35 +0000"
    },
    "done": true
  },
  "ilikewood:recipes/decorations/white_spruce_bed": {
    "criteria": {
      "has_wool": "2024-08-07 02:16:23 +0000"
    },
    "done": true
  },
  "minecraft:recipes/building_blocks/polished_granite_stairs_from_granite_stonecutting": {
    "criteria": {
      "has_granite": "2024-08-06 02:26:59 +0000"
    },
    "done": true
  },
  "minecraft:recipes/combat/diamond_helmet": {
    "criteria": {
      "has_diamond": "2024-08-06 02:39:42 +0000"
    },
    "done": true
  },
  "tconstruct:recipes/misc/common/flint": {
    "criteria": {
      "has_item": "2024-08-07 12:36:19 +0000"
    },
    "done": true
  },
  "minecraft:recipes/decorations/snow": {
    "criteria": {
      "has_snowball": "2024-08-06 16:13:15 +0000"
    },
    "done": true
  },
  "minecraft:recipes/transportation/oak_boat": {
    "criteria": {
      "in_water": "2024-08-06 01:20:19 +0000"
    },
    "done": true
  },
  "ilikewood:recipes/tools/stone_birch_pickaxe": {
    "criteria": {
      "has_material": "2024-08-07 02:09:35 +0000"
    },
    "done": true
  },
  "minecraft:recipes/decorations/anvil": {
    "criteria": {
      "has_the_recipe": "2024-08-07 02:31:03 +0000"
    },
    "done": true
  },
  "minecraft:recipes/decorations/blue_bed_from_white_bed": {
    "criteria": {
      "has_bed": "2024-08-06 01:44:25 +0000"
    },
    "done": true
  },
  "morevanillaarmor:recipes/morevanillaarmor/paper_boots": {
    "criteria": {
      "has_material": "2024-08-07 02:17:45 +0000"
    },
    "done": true
  },
  "ilikewood:recipes/tools/iron_crimson_sword": {
    "criteria": {
      "has_material": "2024-08-07 02:09:35 +0000"
    },
    "done": true
  },
  "cgm:recipes/cgm/rifle": {
    "criteria": {
      "has_iron_ingot": "2024-08-07 02:09:35 +0000"
    },
    "done": true
  },
  "minecraft:recipes/building_blocks/cyan_concrete_powder": {
    "criteria": {
      "has_gravel": "2024-08-06 02:34:07 +0000"
    },
    "done": true
  },
  "immersive_armors:recipes/misc/wooden": {
    "criteria": {
      "has_item": "2024-08-07 02:16:58 +0000"
    },
    "done": true
  },
  "minecraft:recipes/combat/golden_boots": {
    "criteria": {
      "has_gold_ingot": "2024-08-06 02:36:33 +0000"
    },
    "done": true
  },
  "minecraft:recipes/building_blocks/smooth_stone_slab_from_smooth_stone_stonecutting": {
    "criteria": {
      "has_smooth_stone": "2024-08-06 14:16:44 +0000"
    },
    "done": true
  },
  "securitycraft:recipes/securitycraft/claymore": {
    "criteria": {
      "has_redstone": "2024-08-07 02:24:03 +0000"
    },
    "done": true
  },
  "minecraft:recipes/tools/wooden_axe": {
    "criteria": {
      "has_stick": "2024-08-06 01:18:00 +0000"
    },
    "done": true
  },
  "minecraft:recipes/decorations/spruce_sign": {
    "criteria": {
      "has_spruce_planks": "2024-08-06 01:17:49 +0000"
    },
    "done": true
  },
  "minecraft:recipes/building_blocks/lime_wool": {
    "criteria": {
      "has_white_wool": "2024-08-06 01:37:50 +0000"
    },
    "done": true
  },
  "ilikewood:recipes/decorations/white_crimson_bed": {
    "criteria": {
      "has_wool": "2024-08-07 02:16:23 +0000"
    },
    "done": true
  },
  "minecraft:recipes/building_blocks/mossy_stone_bricks": {
    "criteria": {
      "has_mossy_cobblestone": "2024-08-06 13:53:04 +0000"
    },
    "done": true
  },
  "ilikewood:recipes/decorations/warped_item_frame": {
    "criteria": {
      "has_leather": "2024-08-07 02:18:54 +0000"
    },
    "done": true
  },
  "securitycraft:recipes/securitycraft/keycard_lv2": {
    "criteria": {
      "has_iron": "2024-08-07 02:09:35 +0000"
    },
    "done": true
  },
  "securitycraft:recipes/securitycraft/keycard_lv1": {
    "criteria": {
      "has_iron": "2024-08-07 02:09:35 +0000"
    },
    "done": true
  },
  "minecraft:recipes/misc/paper": {
    "criteria": {
      "has_reeds": "2024-08-06 16:38:02 +0000"
    },
    "done": true
  },
  "minecraft:recipes/building_blocks/stone_bricks_from_stone_stonecutting": {
    "criteria": {
      "has_stone": "2024-08-06 15:23:00 +0000"
    },
    "done": true
  },
  "minecraft:recipes/decorations/loom": {
    "criteria": {
      "has_string": "2024-08-06 02:46:20 +0000"
    },
    "done": true
  },
  "minecraft:recipes/building_blocks/green_wool": {
    "criteria": {
      "has_white_wool": "2024-08-06 01:37:50 +0000"
    },
    "done": true
  },
  "securitycraft:recipes/securitycraft/bouncing_betty": {
    "criteria": {
      "has_iron": "2024-08-07 02:09:35 +0000"
    },
    "done": true
  },
  "ilikewood:recipes/tools/stone_oak_axe": {
    "criteria": {
      "has_material": "2024-08-07 02:09:35 +0000"
    },
    "done": true
  },
  "ilikewood:recipes/misc/spruce_stick_from_spruce_planks_sawmilling": {
    "criteria": {
      "has_planks": "2024-08-07 02:09:35 +0000"
    },
    "done": true
  },
  "minecraft:recipes/tools/diamond_axe": {
    "criteria": {
      "has_diamond": "2024-08-06 02:39:42 +0000"
    },
    "done": true
  },
  "minecraft:recipes/building_blocks/brown_wool": {
    "criteria": {
      "has_white_wool": "2024-08-06 01:37:50 +0000"
    },
    "done": true
  },
  "ilikewood:recipes/tools/iron_birch_axe": {
    "criteria": {
      "has_material": "2024-08-07 02:09:35 +0000"
    },
    "done": true
  },
  "ilikewood:recipes/tools/golden_dark_oak_axe": {
    "criteria": {
      "has_material": "2024-08-07 12:43:33 +0000"
    },
    "done": true
  },
  "ilikewood:recipes/tools/golden_acacia_sword": {
    "criteria": {
      "has_material": "2024-08-07 12:43:33 +0000"
    },
    "done": true
  },
  "minecraft:recipes/decorations/painting": {
    "criteria": {
      "has_wool": "2024-08-06 01:37:50 +0000"
    },
    "done": true
  },
  "ilikewood:recipes/tools/stone_dark_oak_sword": {
    "criteria": {
      "has_material": "2024-08-07 02:09:35 +0000"
    },
    "done": true
  },
  "securitycraft:recipes/securitycraft/keycard_lv4": {
    "criteria": {
      "has_iron": "2024-08-07 02:09:35 +0000"
    },
    "done": true
  },
  "securitycraft:recipes/securitycraft/sc_manual": {
    "criteria": {
      "has_wood": "2024-08-07 02:16:58 +0000"
    },
    "done": true
  },
  "securitycraft:recipes/securitycraft/keycard_lv3": {
    "criteria": {
      "has_iron": "2024-08-07 02:09:35 +0000"
    },
    "done": true
  },
  "ilikewood:recipes/tools/golden_warped_sword": {
    "criteria": {
      "has_material": "2024-08-07 12:43:33 +0000"
    },
    "done": true
  },
  "indreb:recipes/indreb/item/treetap": {
    "criteria": {
      "item": "2024-08-07 02:20:05 +0000"
    },
    "done": true
  },
  "minecraft:recipes/building_blocks/andesite_slab_from_andesite_stonecutting": {
    "criteria": {
      "has_andesite": "2024-08-06 01:26:10 +0000"
    },
    "done": true
  },
  "minecraft:recipes/combat/arrow": {
    "criteria": {
      "has_flint": "2024-08-06 02:37:44 +0000"
    },
    "done": true
  },
  "minecraft:recipes/building_blocks/stone_slab": {
    "criteria": {
      "has_stone": "2024-08-06 15:23:00 +0000"
    },
    "done": true
  },
  "securitycraft:recipes/securitycraft/keycard_lv5": {
    "criteria": {
      "has_iron": "2024-08-07 02:09:35 +0000"
    },
    "done": true
  },
  "ironchest:recipes/ironchest/chests/iron_gold_chest": {
    "criteria": {
      "has_gold_ingot": "2024-08-07 12:43:33 +0000"
    },
    "done": true
  },
  "minecraft:recipes/building_blocks/coal_block": {
    "criteria": {
      "has_coal": "2024-08-06 01:19:03 +0000"
    },
    "done": true
  },
  "minecraft:recipes/misc/gold_ingot": {
    "criteria": {
      "has_gold_ore": "2024-08-06 02:30:41 +0000"
    },
    "done": true
  },
  "minecraft:recipes/redstone/light_weighted_pressure_plate": {
    "criteria": {
      "has_gold_ingot": "2024-08-06 02:36:33 +0000"
    },
    "done": true
  },
  "minecraft:recipes/tools/stone_shovel": {
    "criteria": {
      "has_cobblestone": "2024-08-06 01:19:00 +0000"
    },
    "done": true
  },
  "minecraft:recipes/building_blocks/blue_concrete_powder": {
    "criteria": {
      "has_gravel": "2024-08-06 02:34:07 +0000"
    },
    "done": true
  },
  "securitycraft:recipes/securitycraft/reinforced_jungle_fence_gate": {
    "criteria": {
      "has_stick": "2024-08-07 02:09:35 +0000"
    },
    "done": true
  },
  "minecraft:recipes/building_blocks/mossy_cobblestone_slab": {
    "criteria": {
      "has_mossy_cobblestone": "2024-08-06 13:53:04 +0000"
    },
    "done": true
  },
  "minecraft:recipes/building_blocks/diorite_stairs": {
    "criteria": {
      "has_diorite": "2024-08-06 02:21:47 +0000"
    },
    "done": true
  },
  "minecraft:recipes/building_blocks/spruce_slab": {
    "criteria": {
      "has_planks": "2024-08-06 01:17:49 +0000"
    },
    "done": true
  },
  "ilikewood:recipes/tools/stone_birch_hoe": {
    "criteria": {
      "has_material": "2024-08-07 02:09:35 +0000"
    },
    "done": true
  },
  "ilikewood:recipes/tools/iron_oak_hoe": {
    "criteria": {
      "has_material": "2024-08-07 02:09:35 +0000"
    },
    "done": true
  },
  "minecraft:recipes/building_blocks/granite_slab_from_granite_stonecutting": {
    "criteria": {
      "has_granite": "2024-08-06 02:26:59 +0000"
    },
    "done": true
  },
  "ilikewood:recipes/tools/iron_dark_oak_pickaxe": {
    "criteria": {
      "has_material": "2024-08-07 02:09:35 +0000"
    },
    "done": true
  },
  "securitycraft:recipes/securitycraft/universal_block_reinforcer_lvl2": {
    "criteria": {
      "has_redstone": "2024-08-07 02:24:03 +0000"
    },
    "done": true
  },
  "securitycraft:recipes/securitycraft/reinforced_andesite": {
    "criteria": {
      "has_cobblestone": "2024-08-07 02:09:35 +0000"
    },
    "done": true
  },
  "securitycraft:recipes/securitycraft/universal_block_reinforcer_lvl1": {
    "criteria": {
      "has_redstone": "2024-08-07 02:24:03 +0000"
    },
    "done": true
  },
  "immersive_armors:recipes/misc/steampunk": {
    "criteria": {
      "has_item": "2024-08-07 12:45:36 +0000"
    },
    "done": true
  },
  "ilikewood:recipes/tools/golden_oak_shovel": {
    "criteria": {
      "has_material": "2024-08-07 12:43:33 +0000"
    },
    "done": true
  },
  "cgm:recipes/cgm/workbench": {
    "criteria": {
      "has_iron": "2024-08-07 02:09:35 +0000"
    },
    "done": true
  },
  "securitycraft:recipes/securitycraft/universal_block_reinforcer_lvl3": {
    "criteria": {
      "has_redstone": "2024-08-07 02:24:03 +0000"
    },
    "done": true
  },
  "ilikewood:recipes/building_blocks/jungle_bookshelf": {
    "criteria": {
      "has_book": "2024-08-07 02:19:06 +0000"
    },
    "done": true
  },
  "casinocraft:recipes/decorations/wool_white": {
    "criteria": {
      "has_wool": "2024-08-07 02:16:23 +0000"
    },
    "done": true
  },
  "ilikewood:recipes/decorations/spruce_wall": {
    "criteria": {
      "has_log": "2024-08-07 02:32:57 +0000"
    },
    "done": true
  },
  "minecraft:recipes/building_blocks/andesite": {
    "criteria": {
      "has_stone": "2024-08-06 02:21:47 +0000"
    },
    "done": true
  },
  "minecraft:recipes/combat/golden_helmet": {
    "criteria": {
      "has_gold_ingot": "2024-08-06 02:36:33 +0000"
    },
    "done": true
  },
  "securitycraft:recipes/securitycraft/floor_trap": {
    "criteria": {
      "has_iron": "2024-08-07 02:09:35 +0000"
    },
    "done": true
  },
  "minecraft:recipes/redstone/oak_pressure_plate": {
    "criteria": {
      "has_planks": "2024-08-06 02:01:42 +0000"
    },
    "done": true
  },
  "ilikewood:recipes/decorations/white_birch_bed": {
    "criteria": {
      "has_wool": "2024-08-07 02:16:23 +0000"
    },
    "done": true
  },
  "cgm:recipes/cgm/bazooka": {
    "criteria": {
      "has_iron_ingot": "2024-08-07 02:09:35 +0000"
    },
    "done": true
  },
  "ilikewood:recipes/tools/iron_crimson_hoe": {
    "criteria": {
      "has_material": "2024-08-07 02:09:35 +0000"
    },
    "done": true
  },
  "ilikewood:recipes/tools/iron_acacia_hoe": {
    "criteria": {
      "has_material": "2024-08-07 02:09:35 +0000"
    },
    "done": true
  },
  "ilikewood:recipes/tools/golden_oak_axe": {
    "criteria": {
      "has_material": "2024-08-07 12:43:33 +0000"
    },
    "done": true
  },
  "securitycraft:recipes/securitycraft/laser_block": {
    "criteria": {
      "has_stone": "2024-08-07 02:09:35 +0000"
    },
    "done": true
  },
  "cgm:recipes/cgm/shotgun": {
    "criteria": {
      "has_iron_ingot": "2024-08-07 02:09:35 +0000"
    },
    "done": true
  },
  "ilikewood:recipes/tools/stone_warped_shovel": {
    "criteria": {
      "has_material": "2024-08-07 02:09:35 +0000"
    },
    "done": true
  },
  "ilikewood:recipes/tools/stone_spruce_hoe": {
    "criteria": {
      "has_material": "2024-08-07 02:09:35 +0000"
    },
    "done": true
  },
  "minecraft:recipes/building_blocks/oak_wood": {
    "criteria": {
      "has_log": "2024-08-06 02:01:24 +0000"
    },
    "done": true
  },
  "minecraft:story/root": {
    "criteria": {
      "crafting_table": "2024-08-06 01:17:52 +0000"
    },
    "done": true
  },
  "minecraft:recipes/redstone/dropper": {
    "criteria": {
      "has_redstone": "2024-08-06 02:27:46 +0000"
    },
    "done": true
  },
  "ilikewood:recipes/redstone/spruce_lectern": {
    "criteria": {
      "has_book": "2024-08-07 02:19:06 +0000"
    },
    "done": true
  },
  "ilikewood:recipes/tools/stone_crimson_sword": {
    "criteria": {
      "has_material": "2024-08-07 02:09:35 +0000"
    },
    "done": true
  },
  "ilikewood:recipes/tools/stone_crimson_shovel": {
    "criteria": {
      "has_material": "2024-08-07 02:09:35 +0000"
    },
    "done": true
  },
  "ilikewood:recipes/decorations/white_oak_bed": {
    "criteria": {
      "has_wool": "2024-08-07 02:16:23 +0000"
    },
    "done": true
  },
  "ilikewood:recipes/tools/stone_crimson_pickaxe": {
    "criteria": {
      "has_material": "2024-08-07 02:09:35 +0000"
    },
    "done": true
  },
  "ironchest:recipes/ironchest/upgrades/iron_to_gold_chest_upgrade": {
    "criteria": {
      "has_iron_ingot": "2024-08-07 02:09:35 +0000"
    },
    "done": true
  },
  "minecraft:recipes/combat/leather_chestplate": {
    "criteria": {
      "has_leather": "2024-08-06 12:47:18 +0000"
    },
    "done": true
  },
  "ilikewood:recipes/tools/iron_warped_axe": {
    "criteria": {
      "has_material": "2024-08-07 02:09:35 +0000"
    },
    "done": true
  },
  "minecraft:recipes/tools/compass": {
    "criteria": {
      "has_redstone": "2024-08-06 02:27:46 +0000"
    },
    "done": true
  },
  "minecraft:recipes/redstone/repeater": {
    "criteria": {
      "has_the_recipe": "2024-08-06 15:27:33 +0000"
    },
    "done": true
  },
  "minecraft:recipes/redstone/oak_button": {
    "criteria": {
      "has_planks": "2024-08-06 02:01:42 +0000"
    },
    "done": true
  },
  "minecraft:recipes/misc/iron_ingot": {
    "criteria": {
      "has_iron_ore": "2024-08-06 01:26:13 +0000"
    },
    "done": true
  },
  "minecraft:adventure/ol_betsy": {
    "criteria": {
      "shot_crossbow": "2024-08-06 18:06:54 +0000"
    },
    "done": true
  },
  "minecraft:recipes/building_blocks/polished_andesite": {
    "criteria": {
      "has_stone": "2024-08-06 01:26:10 +0000"
    },
    "done": true
  },
  "minecraft:recipes/food/cooked_beef": {
    "criteria": {
      "has_beef": "2024-08-06 12:47:18 +0000"
    },
    "done": true
  },
  "minecraft:recipes/redstone/iron_door": {
    "criteria": {
      "has_iron_ingot": "2024-08-06 01:24:00 +0000"
    },
    "done": true
  },
  "minecraft:recipes/decorations/composter": {
    "criteria": {
      "has_wood_slab": "2024-08-06 14:04:43 +0000"
    },
    "done": true
  },
  "minecraft:recipes/building_blocks/snow_block": {
    "criteria": {
      "has_snowball": "2024-08-06 16:13:15 +0000"
    },
    "done": true
  },
  "minecraft:recipes/transportation/powered_rail": {
    "criteria": {
      "has_rail": "2024-08-06 22:19:15 +0000"
    },
    "done": true
  },
  "minecraft:recipes/redstone/oak_door": {
    "criteria": {
      "has_planks": "2024-08-06 02:01:42 +0000"
    },
    "done": true
  },
  "tconstruct:recipes/tconstruct/general/tools/modifiers/silky_cloth": {
    "criteria": {
      "has_item": "2024-08-07 12:43:33 +0000"
    },
    "done": true
  },
  "ilikewood:recipes/building_blocks/dark_oak_bookshelf": {
    "criteria": {
      "has_book": "2024-08-07 02:19:06 +0000"
    },
    "done": true
  },
  "securitycraft:recipes/securitycraft/motion_activated_light": {
    "criteria": {
      "has_stick": "2024-08-07 02:09:35 +0000"
    },
    "done": true
  },
  "minecraft:recipes/transportation/jungle_boat": {
    "criteria": {
      "in_water": "2024-08-06 01:20:19 +0000"
    },
    "done": true
  },
  "cgm:recipes/cgm/pistol": {
    "criteria": {
      "has_iron_ingot": "2024-08-07 02:09:35 +0000"
    },
    "done": true
  },
  "minecraft:adventure/shoot_arrow": {
    "criteria": {
      "shot_arrow": "2024-08-06 18:06:54 +0000"
    },
    "done": true
  },
  "minecraft:recipes/decorations/stone_brick_walls_from_stone_stonecutting": {
    "criteria": {
      "has_stone": "2024-08-06 15:23:00 +0000"
    },
    "done": true
  },
  "securitycraft:recipes/securitycraft/mine": {
    "criteria": {
      "has_iron": "2024-08-07 02:09:35 +0000"
    },
    "done": true
  },
  "ironchest:recipes/ironchest/upgrades/wood_to_iron_chest_upgrade": {
    "criteria": {
      "has_iron_ingot": "2024-08-07 02:09:35 +0000"
    },
    "done": true
  },
  "ilikewood:recipes/tools/stone_acacia_hoe": {
    "criteria": {
      "has_material": "2024-08-07 02:09:35 +0000"
    },
    "done": true
  },
  "tconstruct:recipes/tconstruct/general/tables/pattern": {
    "criteria": {
      "has_item": "2024-08-07 02:09:35 +0000"
    },
    "done": true
  },
  "minecraft:recipes/redstone/heavy_weighted_pressure_plate": {
    "criteria": {
      "has_iron_ingot": "2024-08-06 01:24:00 +0000"
    },
    "done": true
  },
  "ilikewood:recipes/tools/golden_spruce_pickaxe": {
    "criteria": {
      "has_material": "2024-08-07 12:43:33 +0000"
    },
    "done": true
  },
  "indreb:recipes/building_blocks/compressing/block/clay_ball_clay": {
    "criteria": {
      "item": "2024-08-07 12:35:17 +0000"
    },
    "done": true
  },
  "minecraft:recipes/transportation/dark_oak_boat": {
    "criteria": {
      "in_water": "2024-08-06 01:20:19 +0000"
    },
    "done": true
  },
  "minecraft:recipes/food/pumpkin_pie": {
    "criteria": {
      "has_pumpkin": "2024-08-06 14:43:38 +0000"
    },
    "done": true
  },
  "minecraft:recipes/decorations/andesite_wall_from_andesite_stonecutting": {
    "criteria": {
      "has_andesite": "2024-08-06 01:26:10 +0000"
    },
    "done": true
  },
  "minecraft:recipes/building_blocks/pink_wool": {
    "criteria": {
      "has_white_wool": "2024-08-06 01:37:50 +0000"
    },
    "done": true
  },
  "ilikewood:recipes/tools/iron_spruce_hoe": {
    "criteria": {
      "has_material": "2024-08-07 02:09:35 +0000"
    },
    "done": true
  },
  "cgm:recipes/cgm/short_scope": {
    "criteria": {
      "has_redstone": "2024-08-07 02:24:03 +0000"
    },
    "done": true
  },
  "minecraft:recipes/decorations/brown_bed_from_white_bed": {
    "criteria": {
      "has_bed": "2024-08-06 01:44:25 +0000"
    },
    "done": true
  },
  "minecraft:recipes/building_blocks/polished_granite": {
    "criteria": {
      "has_stone": "2024-08-06 02:26:59 +0000"
    },
    "done": true
  },
  "minecraft:husbandry/breed_an_animal": {
    "criteria": {
      "bred": "2024-08-06 16:06:40 +0000"
    },
    "done": true
  },
  "minecraft:recipes/redstone/piston": {
    "criteria": {
      "has_redstone": "2024-08-06 02:27:46 +0000"
    },
    "done": true
  },
  "minecraft:recipes/combat/golden_leggings": {
    "criteria": {
      "has_gold_ingot": "2024-08-06 02:36:33 +0000"
    },
    "done": true
  },
  "securitycraft:recipes/securitycraft/briefcase": {
    "criteria": {
      "has_iron": "2024-08-07 02:09:35 +0000"
    },
    "done": true
  },
  "minecraft:recipes/building_blocks/stone_stairs": {
    "criteria": {
      "has_stone": "2024-08-06 15:23:00 +0000"
    },
    "done": true
  },
  "minecraft:recipes/redstone/spruce_trapdoor": {
    "criteria": {
      "has_planks": "2024-08-06 01:17:49 +0000"
    },
    "done": true
  },
  "ilikewood:recipes/tools/golden_spruce_shovel": {
    "criteria": {
      "has_material": "2024-08-07 12:43:33 +0000"
    },
    "done": true
  },
  "ilikewood:recipes/tools/stone_crimson_axe": {
    "criteria": {
      "has_material": "2024-08-07 02:09:35 +0000"
    },
    "done": true
  },
  "ilikewood:recipes/tools/iron_dark_oak_shovel": {
    "criteria": {
      "has_material": "2024-08-07 02:09:35 +0000"
    },
    "done": true
  },
  "ilikewood:recipes/tools/iron_jungle_sword": {
    "criteria": {
      "has_material": "2024-08-07 02:09:35 +0000"
    },
    "done": true
  },
  "ilikewood:recipes/tools/stone_jungle_sword": {
    "criteria": {
      "has_material": "2024-08-07 02:09:35 +0000"
    },
    "done": true
  },
  "minecraft:recipes/food/cooked_beef_from_campfire_cooking": {
    "criteria": {
      "has_beef": "2024-08-06 12:47:18 +0000"
    },
    "done": true
  },
  "minecraft:recipes/combat/diamond_boots": {
    "criteria": {
      "has_diamond": "2024-08-06 02:39:42 +0000"
    },
    "done": true
  },
  "ilikewood:recipes/tools/stone_spruce_sword": {
    "criteria": {
      "has_material": "2024-08-07 02:09:35 +0000"
    },
    "done": true
  },
  "securitycraft:recipes/securitycraft/reinforced_fence_gate": {
    "criteria": {
      "has_iron": "2024-08-07 02:09:35 +0000"
    },
    "done": true
  },
  "ilikewood:recipes/tools/iron_crimson_shovel": {
    "criteria": {
      "has_material": "2024-08-07 02:09:35 +0000"
    },
    "done": true
  },
  "ilikewood:recipes/tools/iron_spruce_sword": {
    "criteria": {
      "has_material": "2024-08-07 02:09:35 +0000"
    },
    "done": true
  },
  "minecraft:recipes/decorations/soul_campfire": {
    "criteria": {
      "has_stick": "2024-08-06 01:18:00 +0000"
    },
    "done": true
  },
  "minecraft:story/smelt_iron": {
    "criteria": {
      "iron": "2024-08-06 01:24:00 +0000"
    },
    "done": true
  },
  "ilikewood:recipes/tools/golden_birch_axe": {
    "criteria": {
      "has_material": "2024-08-07 12:43:33 +0000"
    },
    "done": true
  },
  "minecraft:recipes/building_blocks/mossy_cobblestone_stairs": {
    "criteria": {
      "has_mossy_cobblestone": "2024-08-06 13:53:04 +0000"
    },
    "done": true
  },
  "minecraft:recipes/decorations/light_gray_bed_from_white_bed": {
    "criteria": {
      "has_bed": "2024-08-06 01:44:25 +0000"
    },
    "done": true
  },
  "minecraft:recipes/building_blocks/bone_block": {
    "criteria": {
      "has_bonemeal": "2024-08-07 00:15:01 +0000"
    },
    "done": true
  },
  "DataVersion": 2586
}